Multiple size <= 100
OK
Multiple size <= 500
TEST 1 ARG:-125 -239 67 68 137 -37 -124 -174 -151 156 -154 221 -217 36 -167 -19 147 163 -185 205 248 -1 244 54 -229 70 -68 -165 -108 40 210 -122 107 -78 -109 -50 13 -60 192 -56 183 -40 178 -6 247 240 37 100 -103 -220 -57 -4 -101 -205 -152 129 85 91 143 -136 145 56 180 42 -87 -96 -243 2 -214 -76 -195 -12 -211 61 -168 -147 169 138 -75 -171 -118 243 128 -34 -160 140 -172 219 -47 -70 -246 109 52 -134 94 -231 220 57 -133 213 236 229 22 -102 228 1 -84 197 9 -230 -150 75 239 -94 -52 79 -169 -18 86 245 114 55 223 -196 124 -35 95 -80 160 112 -226 222 135 -72 103 -180 235 -25 -242 -182 -83 -207 -33 -20 50 43 -202 -71 -92 -153 -155 -159 33 118 -64 191 -141 121 132 232 215 196 207 -81 -14 174 -2 90 -27 -22 168 177 186 -90 -11 195 93 -128 -77 -188 -82 89 -212 -91 120 -55 167 181 -66 -206 -107 -104 35 24 4 249 -176 214 159 59 162 -224 -117 -225 -250 -59 136 176 46 -13 -234 -10 101 64 -179 -198 194 -106 -213 -215 51 -126 -16 83 190 -8 -209 175 18 -24 -120 32 -65 165 19 -42 -240 231 -130 -88 123 -183 -74 -111 15 25 185 152 -170 41 -43 126 -163 5 21 -156 204 -210 246 158 157 -89 148 -144 -192 131 -46 80 23 -157 173 27 81 0 -49 -131 238 110 193 227 170 208 -181 84 -158 -3 198 -149 -99 8 30 -236 -44 -164 139 -187 -28 166 6 -166 225 150 -175 144 -193 -241 134 224 63 -140 -247 116 146 31 113 17 11 87 48 65 -189 -86 58 189 -184 14 142 92 184 -248 202 -30 -127 97 78 -199 45 -95 -208 -9 -238 102 -112 -148 -41 133 -26 -121 203 -178 -200 -191 -85 127 49 -218 -228 98 179 241 39 -139 -137 -45 172 -51 141 211 82 -223 125 -138 -54 -15 -129 -5 -110 -190 -145 -135 209 -97 164 -244 -216 151 -29 -142 149 218 -222 233 119 217 -235 74 237 34 226 230 -219 10 -186 60 106 117 -132 62 77 -143 -116 161 47 -233 153 111 16 -58 201 -67 29 20 -119 105 -227 130 -123 12 -32 26 96 -114 -201 38 7 154 -61 -93 199 -249 44 -105 -31 -79 28 53 242 -7 115 -237 -177 -36 -194 122 187 -221 -48 3 -146 88 -39 200 -197 206 99 -162 71 -21 -204 -63 -98 155 108 -73 188 -203 212 -115 -17 -100 72 -23 -113 66 182 216 -62 -53 -232 171 -161 -69 69 -38 73 104 234 -245 76 -173 
TEST 2 ARG:-129 189 -60 -91 95 204 101 -169 145 -232 31 27 -115 103 -71 221 -165 87 -4 -58 -163 -19 88 -217 150 -68 213 -229 192 228 -132 194 -103 55 182 114 -222 -214 65 35 -27 106 245 163 165 96 -72 130 -160 98 164 177 50 -143 -128 -215 248 -82 141 40 -59 85 -122 113 -90 -118 -111 180 -61 230 79 20 136 -145 -104 195 190 22 135 108 -212 60 -178 -15 151 -55 160 30 -186 38 159 -171 231 -77 199 224 -47 -85 -109 238 146 -204 -48 54 -140 -78 76 183 168 -193 211 174 171 155 -198 -206 -227 -184 61 -164 132 246 -14 109 187 -144 239 3 157 -41 -124 205 17 119 -211 169 -162 75 -219 -10 -97 -231 -45 80 39 -153 -242 133 -29 -13 240 219 117 67 -88 123 121 -152 -116 -84 203 -107 142 -56 52 89 -136 223 -22 -43 -137 -161 125 196 236 -92 9 -117 137 -181 -237 6 -236 -158 -42 217 81 -151 161 84 -21 -65 154 -125 -87 82 140 -105 -155 -81 -248 131 -208 -86 -174 -31 -16 25 185 112 73 134 -25 19 149 -154 94 -210 -135 -130 57 -75 -74 -98 104 -66 49 26 214 -36 -195 152 -247 92 -70 -194 -142 -131 -102 -147 118 173 -112 162 179 218 -234 1 148 18 -44 23 -146 72 191 -249 -225 93 175 158 102 241 -196 138 -133 -53 29 -191 11 198 -83 127 -241 193 -12 -120 234 0 64 41 129 -221 -167 -245 -187 184 -76 42 215 -183 208 233 220 -216 -170 99 200 181 -38 -224 209 44 128 66 -185 2 122 -3 -139 -54 69 10 -37 -106 -159 -156 -134 -218 -95 -110 -49 -188 -28 -226 -223 -228 244 -108 -101 237 -30 -23 144 -205 33 -243 147 143 56 -32 -73 212 -200 188 -26 -202 -18 46 -17 -93 5 -141 232 -9 -179 -64 -51 -244 -220 48 -180 -2 111 -96 -114 -172 206 -166 116 62 -94 170 -6 139 -62 227 78 -39 243 -80 -246 -173 -63 -127 156 77 -52 -46 -182 -11 167 210 166 -20 32 -250 45 -113 -40 -35 90 124 91 229 58 -148 -121 -197 -230 153 207 71 -123 216 -119 36 -33 15 -190 100 222 -213 83 53 -201 -203 16 -199 -126 7 178 34 13 -67 226 242 -189 107 201 -235 197 -138 14 43 186 4 -89 51 -69 24 70 120 -240 -168 249 -79 172 -5 -99 -150 59 -175 -207 97 37 -157 -233 -100 -57 -149 68 28 235 115 12 -177 -50 -34 -7 -238 8 202 86 47 225 247 63 -176 -8 110 -192 -1 -209 176 -24 21 74 126 -239 105 
TEST 3 ARG:174 -226 97 188 244 -15 181 -135 81 -206 27 145 -181 219 -176 -159 148 -73 142 -70 216 49 -4 243 -47 77 -237 -84 -212 -229 -222 -113 74 -182 -50 63 195 -25 -95 -155 -104 -147 172 -247 167 -243 -248 -145 -219 162 -64 -99 126 130 -67 95 214 140 45 245 -131 -98 -121 -30 198 -244 120 -72 -93 -238 138 225 62 -46 16 180 -19 -79 48 -115 218 -12 -209 149 59 150 26 205 157 187 37 -154 -17 -91 155 -132 191 -111 -228 -169 2 176 209 249 -214 168 90 -163 -160 -116 -29 54 -86 -1 7 61 129 208 112 -32 -94 -10 22 13 84 -57 125 229 -36 207 89 127 85 224 234 240 -142 -9 102 10 222 8 -166 -103 -82 -171 56 -157 -80 201 23 -234 212 4 -43 159 -65 -198 39 -141 31 105 -105 -217 -118 107 202 -250 -175 -63 -68 -215 21 -201 -53 -106 154 87 -126 232 43 38 -49 -139 -76 -97 -148 -119 -11 151 246 75 147 -45 73 136 60 -197 192 -221 153 -137 100 -190 82 -164 -2 215 -144 -55 121 -146 173 -41 -156 52 19 76 -108 78 -8 -233 96 -122 -178 -40 -33 -208 -110 239 20 86 213 184 158 64 143 15 -194 -100 -58 124 144 166 -193 101 116 230 -24 -89 -231 -205 171 -224 119 14 -186 -51 -195 -38 3 -101 227 -71 197 -87 1 92 -74 -138 152 -227 -216 88 122 -90 114 -136 -28 -249 186 -153 -241 -236 206 139 248 128 5 24 106 -37 189 196 57 -239 146 11 -158 223 235 178 -22 164 -52 12 233 242 -203 -39 -56 113 -69 80 -18 160 -210 193 30 111 109 -129 44 -165 221 226 175 -88 135 -112 -140 -162 -77 210 66 70 177 -114 231 170 -196 0 29 -174 99 133 -66 -6 169 -83 131 -235 118 -167 50 33 -223 -149 -21 -125 -26 238 -16 -191 -59 185 190 -133 -207 53 -124 -173 46 -35 -213 108 -240 -180 51 -183 115 -34 -92 -168 -204 -27 -218 -200 -3 -48 -102 104 6 163 -192 134 -179 -81 -130 -184 -246 -123 98 35 137 -54 -14 123 -117 179 182 228 -202 -172 34 40 -5 -143 25 132 9 194 237 79 -211 -189 -187 165 -185 36 -23 17 241 67 -75 141 -128 -230 -78 -44 117 -242 156 -42 69 -225 68 -7 -85 55 203 200 71 220 -151 -170 -177 72 -109 18 161 41 42 -188 93 91 211 47 -127 83 94 28 -134 247 183 -161 -31 -62 -13 103 110 -199 -20 32 -107 236 -232 -96 -61 199 -150 -152 65 -120 217 204 -245 -220 58 -60 
TEST 4 ARG:53 54 -22 -169 -35 184 -146 102 -124 146 206 -179 240 2 -30 -117 136 49 -218 243 -104 92 201 -108 120 29 58 -149 246 -97 6 -54 -206 -163 41 -232 71 -106 15 -198 82 205 -44 12 -113 -36 79 245 210 3 227 -50 -209 -130 -129 103 229 -32 -139 0 -159 -242 -223 144 67 -233 -227 195 159 164 97 -131 124 -190 130 -213 244 -46 -25 214 126 186 74 170 191 70 196 48 -166 9 -47 -160 222 122 -42 -71 69 -187 172 65 -202 157 -125 31 171 -239 33 90 -14 137 88 -5 -201 85 -120 -103 228 106 -77 213 165 242 -162 225 -143 60 204 -186 238 -52 163 -100 -151 -74 148 -28 -70 140 30 -189 -154 -115 -192 -197 -234 63 -153 207 -33 76 147 131 189 104 10 -133 -53 235 83 241 36 -220 32 -48 -13 -164 51 42 73 212 -55 84 160 -194 -174 23 -49 -170 -244 169 -182 20 -4 -208 -24 98 128 95 -112 -1 -123 57 -102 -121 18 89 -215 141 151 123 -90 -119 -222 80 -203 7 217 208 -161 154 223 -11 -16 -228 145 -81 56 216 -58 -95 43 -157 220 -9 -15 -200 155 215 -18 -249 -73 -167 66 -219 232 -144 -217 -111 -57 116 119 40 -246 -3 -250 -63 193 38 -210 -181 231 249 -59 181 35 -231 -39 198 179 87 55 94 -176 17 -107 211 -86 -134 218 -204 -21 99 178 -142 11 -158 -136 -19 133 152 -141 77 93 -247 27 -211 117 187 -216 -88 -110 -41 -155 -173 62 -56 -193 64 182 -225 -66 96 50 -78 139 1 180 138 -214 -178 91 -114 39 -147 -45 61 142 -226 107 173 156 -145 166 162 -89 190 233 28 110 -20 -68 158 109 -137 176 237 150 -76 101 -37 161 34 14 -230 -172 -94 125 192 -109 22 -92 -62 -51 -235 -205 234 -135 -61 -195 -212 -40 114 -84 -80 115 -27 -67 203 -69 127 -196 108 13 -12 202 -93 -243 -150 -199 209 -17 183 59 -60 174 25 247 -105 143 -65 -207 -91 -2 -10 -79 -43 230 197 -98 -185 37 -152 -224 -23 -96 -221 -168 -183 105 72 224 -126 -241 -236 153 78 -31 -6 -8 236 -75 44 129 134 188 -248 47 -180 135 45 168 -177 -184 5 -175 -156 185 100 -64 -82 -7 194 -29 199 81 113 52 200 -191 21 -122 -85 68 -116 239 226 -101 4 26 46 -34 132 -229 121 149 219 -38 -140 -128 167 86 -26 248 175 -245 -171 16 221 -188 -148 -132 75 19 -165 -238 111 -72 112 -118 -87 -83 8 177 -237 24 -127 -138 -99 118 -240 
TEST 5 ARG:236 57 -61 149 -250 -72 154 -57 209 -60 100 -162 89 -134 -96 118 -35 141 159 -32 -122 -130 11 77 -11 -138 51 -179 -129 63 124 -102 84 176 206 -180 -43 -133 123 -113 68 -233 -77 -97 -223 -119 -34 -27 197 -8 -168 -46 172 -194 71 208 -155 -100 -20 -186 -142 -139 20 -193 88 187 218 -131 62 -188 91 177 -21 -182 109 -211 -240 248 -38 39 -147 -103 -70 -174 232 9 40 -13 -171 34 -10 52 94 -40 -187 27 245 102 29 130 233 119 249 10 186 -150 90 -167 125 -154 55 161 95 -45 -80 157 46 -84 -82 64 31 168 -166 48 184 226 73 120 -88 -114 -173 -181 193 -62 -242 -101 37 -112 210 -123 152 92 3 131 133 -209 122 -128 75 -201 25 50 132 230 54 239 -107 79 -42 205 191 -115 -135 146 -127 -165 81 155 -227 -59 -18 207 -161 202 -195 22 -30 -170 -224 -75 8 -176 -159 -172 47 117 -116 227 114 -169 -6 179 156 -94 -74 158 -185 -210 -98 234 169 196 -19 -192 -54 7 6 -202 -121 -137 -105 221 38 -219 171 -215 -143 -220 -221 -225 -118 24 -4 -65 -26 -37 61 219 -95 -2 30 -205 -177 -151 -148 66 12 -76 1 -199 -218 -144 4 142 -31 -90 175 -213 -198 183 -23 93 -239 -58 65 56 -66 -99 204 -204 213 241 -214 -212 74 -104 -249 246 235 -238 -146 85 -175 36 28 -9 -41 217 135 112 45 145 -247 -24 67 26 -237 -12 -126 59 -164 -189 -226 -228 35 -216 240 -81 -160 160 121 101 -206 -117 -67 -156 -87 229 -124 70 -22 -71 87 166 108 14 143 174 189 -244 -86 244 -120 -64 -149 -190 -39 -16 -36 -7 225 192 151 167 153 -208 86 -132 -145 32 -196 -183 -73 104 -203 -191 247 110 212 144 -33 -230 -110 -83 41 -184 -47 -231 224 -153 83 199 98 21 140 42 -248 69 126 147 -49 -51 -79 -245 -109 -28 116 -106 137 99 180 170 -29 231 -217 -229 58 162 -17 -91 -5 -136 243 203 134 201 -52 178 -15 106 -3 194 -111 16 97 13 72 113 -222 237 164 80 185 -25 -92 -197 -56 -53 -108 107 115 -241 136 43 -69 33 188 -14 222 242 220 -152 -44 0 173 163 223 -93 214 17 -246 -140 15 216 -163 -157 150 78 60 -55 18 -243 -236 165 -200 -232 76 -48 182 -68 127 19 -78 -178 82 198 96 128 44 238 -63 -125 -158 215 200 211 5 139 111 138 -1 -85 195 23 105 -234 49 190 103 129 -50 2 181 228 -89 -235 148 -207 -141 53 
TEST 6 ARG:-11 186 -114 200 220 -155 -119 -228 -63 -179 -56 183 196 243 -206 116 23 -164 203 -61 93 -54 175 140 -216 206 -121 -172 213 -40 -24 -227 -75 -67 205 147 53 123 198 -160 -8 106 -49 134 121 -189 -84 -223 -77 144 18 191 -186 -86 169 -150 233 -230 -194 182 -78 -33 218 173 -38 -29 -5 -17 57 -66 146 -115 -157 -111 -25 105 -244 113 1 150 160 199 -213 -26 -107 215 207 -134 -165 5 166 107 171 -127 152 97 -59 104 -199 -109 -247 -185 202 -239 114 58 32 -171 46 -35 95 -95 240 -27 103 71 -217 -81 34 -16 174 -187 36 -209 -48 148 -106 -32 -163 118 -207 131 132 83 -131 -182 222 -1 -124 -128 -52 -233 -28 -158 -129 -70 216 20 149 -148 -94 210 55 50 -135 212 -98 109 -174 158 238 -41 -167 -62 -229 178 168 6 -231 -76 42 -34 30 -195 -188 177 224 63 -219 101 164 -166 241 -232 -42 88 80 -20 242 230 -9 -215 81 11 -137 -80 -57 -205 184 139 67 138 -226 -242 10 -183 239 13 -236 -178 85 248 -147 21 43 -221 -235 232 2 -87 122 -79 -91 -248 217 -117 -31 -125 -139 -13 90 181 25 12 -214 155 -169 249 -192 94 74 211 185 44 -47 98 -152 -224 189 64 77 52 -21 62 229 -130 45 -198 -123 195 -100 0 54 -23 -19 188 -225 51 48 -73 -4 -71 -102 73 -136 208 127 68 28 -44 -175 167 -168 87 192 -104 -93 141 86 70 124 66 119 -238 9 197 100 41 -202 111 -143 179 142 102 -154 15 -55 -50 -113 49 33 75 -176 -161 -250 -245 110 180 -105 24 -14 -200 -210 56 79 82 -145 -181 151 172 209 3 223 226 -46 -184 -110 -108 -197 -72 154 145 -37 29 -204 214 -58 -133 -43 -6 -190 39 231 -22 -249 -18 -237 225 -243 65 -65 96 -99 -146 37 245 -177 -151 -211 157 -141 -39 -60 227 187 -101 -85 91 -142 -222 -10 4 170 -241 136 228 115 -2 236 -97 194 -68 -96 -201 -140 163 126 219 -103 -83 -45 -82 -234 -193 -144 -218 -156 153 -138 27 -212 -36 19 -170 69 40 38 60 14 -220 -92 -173 201 -69 193 -53 59 -64 -30 99 72 78 35 -246 -240 47 190 -196 -89 76 176 -120 -51 112 89 247 -112 143 -159 117 -116 162 92 204 -126 246 -162 -74 237 221 -15 235 133 137 84 165 -3 -90 -208 31 108 -149 61 159 16 22 -180 130 -122 156 -203 234 244 7 26 -191 129 161 -88 125 -7 8 -12 128 -153 135 -118 17 -132 120 
TEST 7 ARG:115 71 -248 231 42 146 -138 160 48 236 -20 -229 -120 -99 -82 -23 81 -174 -74 202 118 -139 -224 188 139 25 -22 69 -91 216 150 -100 -81 136 -147 4 -90 138 9 -16 122 5 -73 -244 152 176 -68 98 89 106 -103 203 -33 3 229 -5 -245 175 20 -136 204 -21 174 101 241 11 -59 100 -94 -230 -232 -166 128 218 104 -168 -134 77 166 -72 -185 131 244 230 209 233 50 -184 -178 40 124 -240 114 -112 -67 -87 -129 1 -237 178 -144 156 -51 -52 -250 149 -114 39 186 -189 -205 -13 -27 -60 -201 -32 199 -209 -25 23 140 54 -246 19 148 -231 224 -84 59 -203 -249 -141 -28 -113 -149 68 -45 -98 215 120 24 -199 8 125 162 232 -97 144 -170 -119 105 -75 -158 179 -43 62 -135 66 -115 -4 -10 -197 -145 -204 57 191 -181 47 -155 163 84 -133 45 -35 31 -143 -9 -182 94 99 -40 16 -157 -39 85 -222 -171 -150 212 -88 -243 -2 14 -117 97 238 -238 52 -125 -211 147 -173 126 -58 96 -26 142 -42 -146 33 249 116 -220 38 -176 181 27 -235 -37 151 171 141 95 53 -66 -76 73 134 -121 7 22 -24 -54 180 -105 -93 -57 111 78 -46 -175 -6 65 -194 164 -70 -17 -156 -167 157 -85 36 213 172 -241 10 79 -108 -49 -123 -31 -116 32 -247 26 190 -226 -152 198 -118 -153 -208 -102 -92 220 -107 117 110 -127 92 127 -56 86 -78 165 -218 -61 28 67 133 -187 192 248 -165 -200 -64 -190 228 -15 -130 -234 30 55 -47 -12 13 -169 -142 -172 210 -101 80 87 83 -8 112 88 197 -111 -36 102 119 168 41 -104 201 121 17 -3 182 -140 183 -192 187 56 -7 185 -41 -131 135 -50 -106 145 -124 -215 34 200 161 -110 -132 58 -79 51 130 -151 -227 154 -160 167 -62 44 -206 109 -186 242 -89 -214 -137 -183 169 -48 227 -53 -188 37 -159 170 223 225 72 -180 159 -38 194 153 103 -191 -19 -164 -219 70 193 -14 35 46 243 -198 -126 64 6 143 -202 -69 217 29 63 -77 74 129 -18 234 173 93 -1 -228 21 -154 108 107 61 -225 211 91 -80 -163 132 195 -71 -83 -236 123 43 -86 189 221 -109 240 -44 12 237 219 -128 246 49 -239 60 239 -210 158 214 -223 -34 -11 -30 -195 -148 0 76 18 15 196 -179 -221 -213 -29 208 222 -161 -95 235 -162 -212 155 177 -55 205 -65 226 -63 -193 247 113 -242 137 -207 206 82 -196 -217 184 90 -177 -96 -216 207 2 245 -122 -233 75 
TEST 8 ARG:-210 200 -120 -217 -205 -244 26 -222 114 -37 -12 34 189 -155 -31 -29 32 -62 -16 79 -154 178 -174 -227 -30 -216 -235 25 54 193 -94 244 -177 67 245 -66 2 -221 72 -99 -26 51 107 -51 -158 -40 201 -107 153 -113 127 50 108 5 -176 -70 208 218 -152 249 -199 -161 123 -247 238 -8 228 237 29 41 181 -100 159 134 -229 -136 52 160 -19 -64 125 150 81 -121 -159 240 -50 165 184 68 -133 104 -53 128 151 -111 15 -116 19 63 246 199 -49 -92 -1 -194 190 23 -178 -33 -27 94 173 -207 -79 180 167 247 76 118 -10 -61 -41 175 -203 115 -248 -234 241 137 -131 -211 31 -147 8 146 -52 226 -215 177 55 0 -91 99 205 -114 -14 195 -23 105 84 164 98 -86 4 -168 -237 1 -32 71 53 -206 -28 182 27 157 -232 -170 -153 -3 -22 -47 131 -195 -46 -119 24 -74 -126 -115 16 -172 87 73 -219 11 65 37 213 -226 106 -110 166 116 -220 -101 -142 -204 -54 109 215 -67 154 -78 43 -80 204 -59 36 -21 -151 20 -243 59 -179 -109 44 212 -134 -93 198 -196 85 -182 -214 235 -45 38 -13 92 -230 119 194 149 110 6 -146 102 234 70 152 -208 -132 210 -141 28 -127 117 -145 42 -246 -164 -135 -69 -198 -213 -6 161 -197 14 -85 -36 143 -201 95 211 -169 56 -184 229 -38 248 -103 77 155 -57 -175 121 139 -5 -73 -72 -123 -150 -42 21 172 130 129 217 -90 -185 232 230 -63 -223 242 156 57 -209 122 -9 47 -228 -122 83 90 206 -124 39 191 163 -250 -89 -224 103 176 168 -202 112 174 78 -242 171 214 96 97 48 -140 -139 120 236 -88 -112 -165 158 -130 188 61 -129 142 209 -34 82 75 -43 -160 216 64 -241 -20 -108 35 -166 -95 -149 -144 -102 -187 -192 -163 -173 243 -191 -65 -2 17 -138 -68 58 -58 -238 231 60 -156 18 -56 -104 -87 86 49 12 141 162 224 138 69 -96 222 13 -245 33 -137 -218 185 -148 -81 227 187 -200 220 46 -236 -231 -105 -193 132 -233 140 -157 202 80 -212 -48 186 -44 111 133 22 219 -71 -25 203 179 -171 147 124 -106 -39 -239 -180 3 -118 -225 -75 -97 30 -11 136 -117 225 45 -181 40 126 170 -18 -128 -190 113 93 -188 -77 -82 144 -24 -249 10 197 -240 88 7 192 169 221 66 -98 183 -167 -15 62 -4 -76 223 -183 -189 -186 89 91 239 207 101 -55 -84 145 -125 -7 -162 233 135 -83 148 100 74 -35 196 -143 -17 -60 9 
TEST 9 ARG:207 -23 -227 48 -110 -212 17 148 -69 101 -127 102 231 -188 117 -47 -241 -147 -27 110 96 107 192 -228 104 142 -54 -143 181 154 -43 -178 -10 -235 -144 -74 -155 124 189 140 87 131 -32 -122 -75 -219 241 -124 -55 -167 5 -208 -244 214 -233 197 200 245 212 -238 132 -39 57 -106 -246 -17 -97 -86 144 162 59 -130 28 6 -158 -223 210 -121 46 20 43 100 237 54 83 163 -133 -111 147 108 -109 -52 120 -96 -53 77 -29 -165 90 215 -93 -83 146 149 239 235 74 182 135 167 16 139 1 98 204 12 3 -50 -3 -172 -42 23 -62 13 248 116 -196 26 41 91 -95 -145 226 169 -2 27 -31 -161 191 -152 52 112 -16 242 -94 58 -5 7 -242 -105 31 106 -65 -44 85 137 -101 -139 240 81 32 -116 121 -59 95 -103 174 -142 -185 40 244 56 228 -128 -82 -190 -250 -234 -71 -80 127 -146 114 -151 99 -48 -231 161 79 89 -46 -9 -209 -195 8 -137 185 143 -163 -184 236 93 39 47 -126 -245 -8 173 243 -64 233 -76 180 225 -66 78 66 -129 -123 -226 194 -197 -153 34 -15 126 -21 -87 -221 238 -24 -81 119 222 38 206 125 -214 92 105 -120 103 -134 -149 -164 -37 -84 -187 -40 -107 -7 -38 -85 -88 4 -194 -201 67 160 232 166 -232 29 30 11 -199 178 -98 88 50 -72 -222 234 71 -236 220 186 -207 184 -22 130 190 203 -170 113 -171 -174 230 246 188 155 -57 158 -205 -150 216 196 -4 151 -204 -131 -45 -1 224 -18 -113 25 229 -169 51 -141 70 -79 -216 128 -92 80 44 -180 -78 -41 -25 115 -168 221 -157 63 209 60 15 82 156 49 -89 21 -13 -119 -99 75 168 -51 -73 -243 -138 45 -108 249 35 -230 10 150 170 19 159 2 -156 202 -225 111 -176 123 -63 211 -125 -20 36 -192 76 -211 -202 -248 -177 -203 198 134 -67 -28 61 -26 -132 -11 -249 -117 -148 0 -60 157 14 208 -218 18 -115 -140 -100 65 97 -104 62 219 -224 247 179 -14 -182 223 213 84 -240 171 133 72 -34 -173 205 -200 42 -220 -229 -114 68 141 -36 199 -183 53 55 -61 -136 -162 138 145 175 227 -90 153 -198 183 129 -159 -191 -181 -166 -210 -213 86 177 -135 -160 164 -19 -91 -33 152 69 217 201 -179 9 -112 -247 33 118 176 -237 -49 -189 172 37 165 22 -35 94 122 -186 -206 -217 193 73 -154 218 -239 195 -30 -58 -193 187 -118 -6 -70 136 -77 -215 24 109 64 -56 -102 -12 -175 -68 
TEST 10 ARG:-138 -26 -201 -243 78 -68 215 56 186 -167 82 -9 -146 -64 147 -77 -182 -96 -95 -135 241 -225 -89 -211 -250 188 114 234 70 -61 38 -221 -33 -202 -8 -52 -150 -176 26 -159 -131 -72 48 -175 74 -240 179 168 -102 -28 224 151 235 -45 -57 -180 -93 109 -63 117 -6 230 -94 -242 138 92 -98 -192 0 -99 -247 -3 -184 -177 99 -218 -233 -19 182 -134 213 13 144 -118 210 226 -116 58 -84 33 -31 -62 9 -226 -133 30 -124 249 125 231 110 4 202 -109 -67 -238 -219 -35 91 -65 198 89 -188 -11 100 -88 -169 161 86 -196 -130 -185 -160 207 34 42 206 152 -194 97 -186 150 -113 104 -76 -244 41 61 -203 -66 -193 228 -128 -91 -191 -16 -148 -81 67 139 -212 95 129 39 75 -39 -18 222 -55 167 -7 -246 -163 108 -104 -217 -241 47 37 239 124 69 -73 181 -29 -248 221 -15 247 59 -54 -27 -83 220 -122 126 -86 -107 164 -162 -249 -181 -129 -75 -153 123 157 244 -79 1 238 -101 105 -172 -230 94 20 27 135 201 158 -121 111 -115 -144 2 -58 205 66 180 203 -179 -209 18 -43 -125 -207 -71 -53 193 84 -143 -166 53 -208 -51 -69 -105 55 243 -87 7 10 183 -235 140 -206 96 -12 159 -14 -222 194 232 237 -200 227 -224 14 217 -21 208 -239 -199 101 -80 115 -190 90 229 211 25 -82 177 162 -147 -232 -142 16 137 170 106 57 142 -152 112 204 223 192 149 -4 -123 -46 -40 -114 79 132 12 216 -17 -78 3 -168 -117 -23 165 233 -103 156 -85 169 172 -97 146 120 148 -5 -36 46 191 -141 240 136 174 176 72 15 -195 -227 35 -220 -164 -74 -173 -111 153 -170 -34 -245 -215 -2 71 73 65 22 -120 62 -189 -38 -70 214 -205 196 80 102 154 185 -49 -198 -20 6 -25 219 85 17 23 31 50 246 44 -155 -37 -151 -127 -42 -22 173 -140 107 45 21 -154 83 64 -41 60 93 -157 32 190 -165 63 155 -1 130 -183 49 19 -158 122 178 -60 43 -231 77 -149 -48 119 -50 -216 98 131 11 40 160 200 116 -47 127 29 145 212 -59 -112 24 134 -56 -210 -10 52 -132 225 -236 141 163 -178 88 -214 184 245 -139 68 166 143 209 -223 51 199 -24 189 -161 -174 118 5 133 36 121 -108 -136 -237 187 -229 248 8 103 -204 54 -156 -100 -213 87 -90 -145 -228 -92 -44 128 197 -32 76 -187 175 -110 195 -30 -106 113 -119 218 -171 236 -234 -197 28 242 81 -13 171 -126 -137 
TEST 11 ARG:55 -231 -184 216 242 60 208 139 115 -35 191 -70 -158 -221 87 -227 160 -246 -116 125 174 10 -15 -102 -232 22 176 -243 204 -161 24 -115 112 -2 200 -185 141 45 -60 -11 -49 -47 6 -242 -234 218 131 232 -75 212 181 -189 -218 -179 -238 -68 -23 -110 168 166 207 150 33 84 121 -206 -214 -72 -148 -170 35 7 -106 114 -138 -81 -241 226 -142 -13 162 32 -204 90 -176 -120 145 -104 72 192 -98 -188 34 219 -73 -248 -19 123 -219 187 -147 -209 -112 164 110 -202 224 -190 -183 211 146 126 27 46 109 -149 -80 103 230 12 67 13 206 -52 81 21 94 -125 -134 133 40 79 249 154 213 -192 235 203 -164 -136 -211 -169 -14 -191 -216 88 -229 107 -233 -122 177 159 179 198 -222 172 -121 -201 31 9 -109 -245 105 -56 -17 -130 -71 -100 -160 -29 -126 73 135 -144 106 -131 -16 186 -212 -27 228 -48 -177 -65 -85 183 -69 -225 82 66 -217 38 240 -143 49 -36 37 62 -53 222 202 -117 -226 -205 153 -113 -50 182 124 -156 14 101 -194 148 95 78 155 -33 -129 -119 210 47 -198 -62 -51 59 58 -237 205 -10 -155 -152 -247 -88 -159 43 -132 132 48 142 -37 116 167 25 140 5 -28 -54 247 -150 185 117 197 214 241 19 -165 -90 138 -63 -40 129 4 83 80 128 -236 -58 -3 195 -146 -166 -6 -171 75 65 130 20 68 -20 -167 229 156 56 71 -95 238 -224 1 -118 122 -55 -249 41 74 -84 -79 231 -39 -133 18 29 16 -77 149 -163 17 -223 -195 -24 -244 -151 -137 189 3 -162 50 86 -207 -203 144 -107 -67 -123 190 -124 -59 -197 42 -93 53 199 243 39 -91 76 36 221 92 119 -21 175 -220 -196 -145 170 93 -86 -210 163 -193 178 11 -89 97 0 239 15 -12 -213 -139 -4 233 -34 147 -25 215 28 -230 169 -82 -154 61 120 -1 -96 246 -199 201 69 -187 165 -215 -153 -30 -18 108 -44 171 237 -78 151 -94 -45 -99 -76 -200 193 134 -8 173 77 -127 -64 -186 104 -103 -111 85 -181 -66 209 143 -180 137 118 -235 -22 64 -105 196 -173 236 -7 -168 -97 -228 -57 -42 158 188 -38 223 -46 -240 -128 157 44 -32 8 -182 184 220 -114 -83 -31 99 248 91 136 100 113 -141 54 51 102 -92 194 -43 -157 -5 52 -9 -178 217 57 -61 26 98 -135 2 245 180 -175 -239 -41 23 -108 161 -140 234 225 63 127 89 111 96 -101 -174 227 -250 -172 -208 30 -87 244 -74 -26 70 152 
TEST 12 ARG:-188 180 48 -5 -152 91 225 -142 116 -227 188 140 -205 -244 4 75 -232 -54 158 200 -115 -25 164 -90 54 -96 -61 -161 -14 -104 32 -196 -15 121 -249 84 -189 -198 -11 -164 239 -114 16 -134 208 -223 -209 -241 214 118 -236 248 -212 -121 86 182 72 -210 -62 -146 -140 179 -26 -197 117 183 -39 115 35 -235 142 194 -225 49 70 145 -206 68 -73 44 3 178 -64 25 31 139 83 -127 29 -6 42 125 -132 -101 -36 213 -91 77 144 51 -160 -231 -24 136 60 78 87 238 -151 63 160 -136 90 -179 137 56 -10 -53 1 97 -213 175 166 -158 -105 -48 -88 198 -65 -85 -125 -32 -60 -22 -51 -70 19 -30 -71 203 43 202 176 216 5 -34 -137 89 -224 237 -216 120 156 -52 -46 -191 22 150 -174 -122 -58 -242 -130 185 -240 0 111 -245 -162 -176 243 146 245 36 -2 -100 207 -155 124 172 9 -21 168 246 39 -246 95 -229 205 -44 167 161 134 92 209 53 -182 -107 73 196 133 -202 -110 93 65 157 -111 -78 190 -92 -171 -29 219 14 192 -199 -170 224 -87 -94 -204 -23 18 20 -16 -95 66 52 -175 80 79 13 58 107 -150 231 27 -165 37 -139 -230 236 222 -184 206 -84 195 -135 217 -80 163 -183 103 210 -218 -203 40 82 -33 241 138 177 109 113 106 244 -144 -43 67 81 104 -86 -93 170 -217 -50 228 8 7 -120 204 -221 249 165 -190 -195 187 -185 46 11 -193 -47 -214 -181 247 -45 96 159 -239 85 -82 -99 -42 126 -250 -128 154 38 -117 -201 -37 -169 -89 -69 151 -67 -8 26 55 173 128 -35 119 -148 -138 -156 12 211 -187 114 47 -72 155 98 24 -173 -126 102 -49 221 99 101 127 -226 135 -118 123 50 76 -220 229 100 -28 223 153 -7 201 6 -248 -167 64 -247 -163 -74 21 -20 -18 -103 23 -207 -147 199 -177 -17 -68 -194 181 147 -55 -145 186 -222 -149 -215 -113 141 -172 -166 71 105 -41 -9 -27 240 -38 242 -192 -63 -1 -12 57 -168 -77 -186 -237 -228 45 -153 -31 -243 -119 -79 2 162 -208 -178 -143 227 212 -40 218 191 -129 88 -66 220 -200 -133 -97 215 108 61 148 -131 -233 33 184 -211 152 193 -219 -81 122 -102 -59 -123 -76 41 17 -238 230 -98 94 -4 69 232 234 -112 174 10 149 15 59 -106 -56 62 28 -141 226 112 131 -75 -57 169 -19 -157 189 235 -3 -234 -124 -83 110 34 132 233 130 143 171 30 -109 -159 74 -108 -154 129 -180 -13 -116 197 
TEST 13 ARG:27 204 18 -203 222 106 -194 -227 52 -127 206 -67 150 170 -39 -46 -245 -75 58 157 32 -7 -34 221 247 179 -128 37 -106 77 75 164 -122 116 240 -218 237 54 -200 -187 -22 -92 99 -8 -153 -69 -59 -65 -141 192 30 228 68 130 -201 -188 -241 -244 -182 189 -95 15 -43 132 231 143 -105 -149 124 169 213 -222 83 -93 -81 -209 -54 -164 14 -79 -152 144 -24 10 -180 112 -123 233 -155 -170 3 -185 215 -42 217 168 -191 -73 243 166 171 -243 175 -174 -183 -85 42 -27 39 80 -52 194 -49 -131 90 182 138 190 -72 26 -97 -20 59 22 31 -6 60 -35 234 -11 -77 38 214 245 56 -167 246 183 196 236 120 140 -91 -163 -98 -248 -198 161 -204 -230 71 -125 -13 211 -50 -113 201 25 145 21 -239 40 78 224 88 17 -1 239 -214 135 -62 -32 167 -197 28 -146 -236 100 -157 226 149 -56 -220 223 -18 24 76 -156 -53 -86 220 -159 -119 -99 -210 -133 -221 -247 -205 -88 137 -47 230 -61 -216 89 94 123 -111 197 186 -55 -66 232 -2 23 -184 85 212 147 156 41 -104 -215 55 121 9 43 -124 208 141 53 70 -179 -41 97 -193 160 109 45 -14 104 -58 119 -87 -60 -51 -110 62 -158 -29 187 -235 -217 -80 1 163 107 74 -213 225 -84 111 235 114 -175 44 110 57 -172 -240 -114 -225 -176 103 -38 -94 -102 5 -109 -232 180 219 -12 -117 95 -36 -26 -186 -68 -242 162 -211 -3 7 -169 148 -233 -189 -5 63 -112 -83 -134 -70 -16 -33 -145 -249 -25 209 181 172 -31 195 -4 -9 229 -90 -208 -219 4 73 191 -129 51 205 -48 -21 79 -76 -238 173 81 -45 -171 82 133 139 -74 178 -132 218 -168 -82 102 -166 -78 155 159 -181 -116 -37 -177 64 48 -108 199 108 -228 227 203 131 -107 -161 0 35 16 146 216 -121 66 -89 -130 -30 86 115 134 238 118 142 151 188 -137 93 67 33 50 -135 -144 -229 -138 -96 -139 6 184 19 241 -57 136 -173 -126 -154 -147 126 -212 -206 -207 198 84 46 -190 -118 34 36 -151 -100 -250 158 -143 11 -17 165 242 -64 -136 -165 72 101 29 -231 91 -223 2 -40 -140 122 -23 105 96 -202 210 -199 -226 244 -115 -44 128 -148 12 127 -192 -63 69 -237 -103 207 98 92 117 153 202 176 -15 -71 47 125 -160 185 -178 154 -196 113 -19 -142 177 -150 -101 174 -234 248 -10 193 200 49 152 65 87 -162 129 249 61 -120 -195 13 -246 8 -224 20 -28 
TEST 14 ARG:-79 -4 -120 165 246 111 197 -241 184 126 -124 -188 58 -13 -232 -224 61 244 139 -129 171 -108 46 -182 -227 35 -218 -211 -193 14 135 -103 56 -220 -155 -203 190 20 63 49 222 -19 -22 -8 -78 235 -115 -17 -139 -18 15 -231 227 -206 110 96 27 -51 188 169 -189 -122 -222 -95 179 -26 33 -32 200 47 241 -30 170 125 -28 -250 -35 -149 -228 -98 194 -202 -53 55 219 -208 217 98 -97 -134 -56 -229 -102 -38 181 -246 75 -240 -152 -171 -168 -127 159 67 -92 -39 -133 19 10 -249 213 -156 69 54 189 154 155 130 -242 144 -61 133 101 173 -205 -57 -163 176 -34 -177 -50 -36 -130 196 -47 -45 -48 157 30 93 -55 1 -175 41 -52 -41 185 -195 -86 -169 -234 -64 -216 -183 -1 182 36 -197 -214 83 -247 -96 -186 156 168 -191 57 -101 134 131 -159 198 151 -215 -69 -49 42 -162 152 162 147 17 -164 -37 229 225 -80 128 140 230 -235 174 233 150 236 68 -82 -200 158 -99 52 -166 -84 203 107 113 -104 90 119 74 138 -126 -140 -40 -14 -71 149 -11 91 124 -54 -176 -223 -173 100 -59 132 -180 -6 -225 242 -116 249 87 127 221 -73 -131 82 112 7 117 -93 81 80 16 106 -90 -248 -65 114 -44 -198 -66 -43 -137 3 72 231 77 239 88 -111 201 214 -9 237 -87 -72 84 -207 223 53 -136 -3 -46 -244 64 -141 -112 95 232 105 172 -85 148 205 228 102 66 211 -68 79 -27 24 29 123 -123 -146 -167 23 210 -184 -174 108 -33 116 -132 40 -2 216 207 103 142 -209 177 240 -117 -7 137 28 -233 86 -24 -243 186 -125 32 -179 -88 247 -185 -192 -91 62 92 26 193 -237 78 122 11 5 59 -135 160 -121 180 -238 218 226 -210 -119 -63 -172 25 13 99 -212 129 -109 18 163 -114 51 145 -226 121 70 -161 -67 -154 243 206 22 -204 4 146 -236 115 34 -199 -148 2 161 38 -239 -158 167 143 136 120 0 -31 -15 21 -20 224 -62 -60 -76 -221 -150 85 175 164 45 187 202 6 -178 248 -25 -42 -113 -105 -77 118 209 -160 -145 199 12 39 -110 76 195 -181 -21 -106 -23 -142 -81 -194 109 -170 -165 -201 50 31 43 -74 -5 -29 153 -75 -153 -187 37 215 -219 -12 48 -230 9 245 234 -10 -118 94 -157 89 71 -217 212 141 166 -196 183 8 65 -16 60 -190 -213 -94 -151 191 220 178 -58 -128 -83 238 -144 104 -89 44 -100 -107 73 192 -147 204 97 -143 208 -70 -245 -138 
TEST 15 ARG:193 219 216 -93 -124 -162 -109 214 -106 83 -172 -61 108 182 167 172 223 -222 76 -104 125 236 -237 199 -51 -100 159 -148 -244 -13 242 -134 -59 24 -28 -11 16 46 -171 -32 -133 133 -36 88 162 211 233 1 238 -33 22 -97 -108 -9 -99 217 78 -226 18 -139 -206 -228 -155 -178 248 -161 124 -123 -85 68 195 -239 -114 241 62 81 71 154 73 -204 99 -69 91 119 -90 222 53 -44 164 137 173 234 -75 229 -68 -240 -38 -22 120 -214 35 67 123 127 156 -30 -247 89 220 -126 -40 -221 4 9 90 166 161 140 142 -98 -202 55 69 -186 240 49 34 -159 -2 -236 -46 181 -232 -111 33 85 25 54 20 178 6 92 143 -175 -195 -184 130 -238 -199 -125 187 -121 52 176 80 228 -128 117 230 -107 79 121 29 180 225 136 -173 -37 -210 -229 -230 -43 -5 -19 7 -27 36 -205 -23 243 -223 175 184 -48 -102 138 57 -34 30 -137 -87 -167 244 -211 -187 -76 -45 -213 183 -192 -144 227 -52 -180 -231 160 14 150 152 23 -234 -225 -157 -216 -183 192 206 -71 -136 -18 -146 61 17 -86 200 188 221 56 -39 0 -24 -42 -179 190 -194 -117 -25 -17 107 -212 -176 134 51 -77 -12 179 98 131 -143 147 -47 -120 174 -135 96 -118 145 -203 39 204 97 -84 65 -74 -78 114 102 13 -63 27 157 -119 40 -70 -141 -168 -41 196 -140 70 -249 245 209 -188 44 -165 203 191 158 -73 -246 -72 -209 247 43 198 47 -21 21 232 -56 -60 -35 5 226 -182 82 141 149 239 -153 -16 41 -158 -147 201 -1 63 194 -163 -242 -26 218 139 -218 -181 84 -241 111 132 -4 -129 -64 168 207 171 19 189 101 110 -115 -154 86 -207 -96 128 122 112 -83 153 -201 109 -138 -49 135 -151 -103 74 116 58 -220 -215 -79 -248 -113 38 10 208 -67 95 -170 113 -105 32 212 235 249 165 202 -250 -92 -198 -54 94 93 28 -55 105 -14 -10 -88 -122 -200 -57 -224 170 177 224 -127 -197 186 185 -6 87 129 -196 -29 37 66 -177 48 -81 -62 -191 -227 -193 -145 -243 11 246 -174 -166 -116 103 -94 -95 72 -233 -149 -189 15 -66 -7 -219 64 31 59 -130 -20 -160 -89 169 205 3 -169 106 -235 -185 -110 146 -142 60 197 42 -3 115 -50 -132 100 77 -131 210 -245 237 45 215 -190 231 -80 -8 151 75 26 -164 -31 213 155 -58 12 -15 50 -101 8 -65 -208 -91 -112 -150 104 2 -152 -156 163 -53 -217 144 126 -82 148 118 
TEST 16 ARG:193 -236 -219 156 0 -8 232 -176 -81 34 52 25 -235 -143 113 -159 2 -179 63 -215 127 195 82 -172 -202 67 79 144 -13 -116 -173 -4 -34 -241 -104 90 179 177 7 -198 219 -53 112 22 92 148 235 -70 -89 173 123 -94 -161 -180 119 -220 -103 -112 -144 150 155 154 87 -92 -66 198 217 -12 158 172 -84 249 -226 103 -195 -51 218 -9 86 -110 -99 54 174 231 68 -196 -227 -24 165 -14 240 141 184 -11 -111 -246 17 153 -138 -22 -33 -188 -7 -214 -239 77 -245 -212 163 29 -178 49 -131 -248 -80 -119 -44 104 131 -75 139 18 -194 -185 135 -218 -129 -18 51 207 -168 189 -106 16 -201 6 45 248 31 202 -164 246 -16 124 243 244 36 -117 120 241 -224 186 -68 111 -72 -5 -181 122 -208 11 -38 -193 -182 -57 136 138 215 88 132 -222 -132 -54 -101 -243 105 212 56 -63 -225 -242 98 210 -107 100 -10 -130 229 40 94 -48 -174 204 206 58 152 -65 223 171 -43 118 -61 -100 -42 -40 159 26 35 -216 114 74 -97 -204 48 192 -207 183 201 55 236 75 33 -158 -71 69 225 -102 213 220 3 -133 -86 27 168 -175 117 146 166 -78 116 -1 -170 -238 -128 -234 108 -114 -141 -211 -126 190 -124 -187 -217 237 230 205 110 137 203 -232 -148 -203 10 -113 -91 -127 -59 126 83 20 -189 -155 44 -190 199 23 222 169 -77 197 -32 71 -177 -229 -221 60 -20 -165 47 28 239 -69 39 -157 188 9 227 -147 -105 -120 -3 133 93 -139 -108 -29 -52 102 80 38 -197 -58 -136 -39 91 245 134 -115 200 50 142 176 -26 -55 -37 46 70 -21 247 228 -247 78 61 -49 76 226 128 -31 43 125 216 -233 -25 170 -149 185 72 -191 1 234 145 140 59 96 -228 14 143 -56 -98 -134 -142 109 -15 -135 -244 -60 -62 -156 -67 -123 178 -206 37 -36 -122 214 -200 8 -137 -83 -17 85 107 57 62 175 -152 -35 32 -237 -90 -88 -82 164 194 147 -249 -145 13 12 -186 -73 238 89 208 -41 221 224 -2 181 95 -250 -118 -153 21 24 -47 66 5 -162 191 -160 196 211 -213 101 -50 -230 233 -205 99 161 -154 130 -223 -27 167 30 129 -209 4 151 81 160 15 -163 42 -28 -30 -23 -125 -96 -199 41 121 -183 -64 -85 149 -140 -87 -95 -167 -166 -171 242 106 -6 84 -231 182 73 180 -76 19 -121 -19 -192 -46 -150 -93 187 -74 -169 -210 97 115 65 53 -109 -45 -240 -151 -79 -146 209 157 -184 64 162 
TEST 17 ARG:40 -83 0 -127 -118 186 150 212 -3 65 -68 -239 127 -13 16 -10 55 15 223 164 -249 -27 -220 108 22 82 220 -178 21 -49 -172 -213 204 -93 3 99 -57 190 -181 -197 196 124 50 -189 176 -64 -47 207 91 -8 -70 -196 181 131 113 170 26 -235 -5 -131 172 -87 -59 57 215 231 109 -6 -211 171 119 -23 -92 -97 42 239 224 203 45 75 218 166 -241 36 -76 -204 -72 -190 -210 146 200 78 159 -65 233 -182 234 213 -20 -219 -24 4 134 132 69 70 -202 162 17 -250 221 -60 152 180 -238 81 -104 -135 -180 -198 -28 -245 116 241 -188 -144 101 237 -217 -74 5 -216 210 173 -35 155 -236 -192 147 222 244 96 205 -55 -214 -130 12 60 163 185 -143 -100 -61 71 188 30 -140 198 -7 -73 90 -224 153 168 31 -22 -79 -158 -89 -244 191 248 24 -82 174 -155 -177 -193 -21 136 -99 -18 -88 -168 160 -195 -38 -80 137 157 -170 34 -129 -205 175 125 121 49 -160 -105 -58 126 -206 94 -115 -223 123 19 -173 -113 -77 -106 128 -228 48 -139 28 29 110 -175 -161 -199 38 9 202 -141 -9 142 194 102 -233 -25 -98 -15 -240 13 -75 -203 8 43 56 247 -200 -62 -34 -86 -165 208 -19 -84 -2 -120 -117 106 111 -32 229 154 33 -69 46 211 -138 -12 95 -242 32 61 -42 195 -171 -184 -156 226 138 -109 118 44 41 -134 -53 -132 201 -107 206 -30 63 -54 -41 97 169 217 -56 -50 -247 -44 -95 -201 -1 -121 62 167 -174 23 -45 235 232 -81 77 86 -90 243 135 -123 107 59 -154 -209 -163 52 -194 122 219 -37 240 -102 -187 -234 -108 -153 -248 -52 -227 -26 -11 -128 -232 -146 130 1 -222 -225 7 246 -91 54 -101 80 156 25 -166 -39 85 -207 245 -137 216 -148 -150 66 10 -142 -103 -176 -162 35 -164 72 177 -169 67 103 -66 139 -218 18 114 2 -237 -110 74 179 100 58 117 -147 -51 -111 199 -243 51 -125 -136 -179 -133 165 89 193 133 -212 53 -4 -122 11 183 140 68 104 -186 178 228 98 145 -159 -157 143 -152 -112 141 -36 -124 -85 -246 120 -208 -114 -43 214 144 39 151 115 242 47 -31 92 225 -96 -226 93 -126 79 249 -231 129 105 238 -215 236 192 -230 -46 -14 64 14 -94 184 149 37 -63 87 -16 -119 20 88 182 -151 148 -48 84 197 -78 189 -145 187 -167 158 -183 -116 73 -17 76 -29 83 -40 227 230 -185 161 6 -67 -221 -229 -149 27 112 -33 209 -71 -191 
TEST 18 ARG:-115 200 19 -132 -130 229 -242 98 -40 169 150 -234 188 -216 -197 -83 186 -3 -128 29 -39 237 17 173 -87 -101 170 89 -146 -35 -159 -203 202 192 177 -46 -116 -246 -143 115 168 27 217 -156 96 -7 -5 -68 70 -196 6 -142 -247 -213 -225 116 30 134 193 -12 -185 -76 131 -147 234 222 68 -211 -93 114 239 85 189 32 86 73 -59 -26 -25 -151 -6 119 -92 50 -49 124 147 228 137 -223 8 -229 218 -98 49 -228 51 -23 -181 -117 -200 -177 -95 84 59 -155 -28 129 95 125 171 -150 120 -11 127 -190 97 -238 -250 -32 -186 -153 -86 -180 37 -183 9 -241 -118 -16 -137 -21 -179 -145 -20 0 3 -148 40 22 162 16 249 -212 210 -55 -189 138 88 -187 90 105 -91 159 67 -227 102 -134 -199 227 -245 -113 -139 -4 44 -2 220 -104 -233 126 156 224 93 -141 63 83 -50 -204 -249 246 45 -194 64 223 135 -198 -129 10 180 215 -208 47 53 -188 69 123 -85 191 -15 -126 182 104 -72 241 -114 -207 108 -175 140 196 -31 -52 21 -79 -100 144 -10 34 204 -30 151 91 225 230 -47 1 61 48 244 -8 110 -27 82 184 -78 60 248 142 65 -70 33 -226 -202 75 -60 -109 166 103 -239 148 -51 -174 -90 132 -135 -61 52 -217 160 194 -209 -33 92 209 31 -84 -125 -165 -41 238 176 -22 -224 -236 -74 -67 185 -65 -127 206 -221 -44 -56 101 219 12 152 99 -161 -38 77 -240 -191 -64 -166 15 56 -152 143 -235 -184 232 -103 154 -69 157 145 -163 165 -149 79 -1 155 161 -58 -192 74 -97 205 25 121 -17 216 175 207 -94 58 -232 181 172 -158 41 195 57 187 38 -54 -88 -80 163 122 -220 214 43 20 -231 -167 -63 128 164 -112 -99 247 -36 107 -77 183 -106 136 -81 80 -154 -66 -9 81 76 -119 153 -71 -218 55 -237 26 -157 -244 4 -14 -144 11 -214 -248 158 235 167 39 149 201 130 -193 42 54 -42 199 87 -124 231 -205 -57 141 106 -168 -96 -107 197 -18 28 -133 -222 18 7 -138 100 -162 -122 36 78 113 -73 208 112 -176 -243 118 -19 243 -131 -164 174 178 -195 146 139 213 -178 -219 109 117 5 -13 -89 -102 -29 133 -110 -123 -171 -53 233 212 -182 -206 190 -24 111 179 13 -37 236 -215 221 -210 -62 242 203 23 -160 198 245 -136 -172 211 -45 -111 -120 71 2 -230 -75 14 -201 -48 -170 66 -169 -82 -121 -105 24 46 -34 -108 94 35 -43 -140 240 62 226 -173 72 
TEST 19 ARG:96 -52 229 83 124 -95 76 214 -39 170 -61 184 8 -119 74 -158 -37 7 13 -224 43 29 208 28 119 -182 61 -217 -123 -211 50 -192 138 226 -6 -24 -43 187 222 -82 -190 186 192 157 11 41 -25 -22 -49 230 -146 63 84 95 -122 9 -15 92 -14 71 161 19 224 -36 66 48 20 -138 39 218 -94 -140 -80 191 -197 221 18 233 206 -188 -235 40 -164 -100 114 -3 -181 -170 182 153 -129 151 -110 -89 210 236 -204 147 132 -200 68 176 212 -240 22 -35 -83 237 129 231 179 67 51 2 -223 241 113 -1 -229 -196 -32 33 205 69 109 6 -111 111 104 163 120 -85 23 -242 72 -99 -5 -33 -171 79 86 -149 -143 -42 -165 -30 15 -10 108 200 -40 -249 -212 73 232 152 183 -152 144 -187 240 -51 82 166 -133 27 -148 -135 38 213 -75 -72 155 -134 49 -230 142 110 89 -139 -70 -198 -127 -47 -142 -185 228 247 202 149 -29 -206 -18 174 78 -245 107 122 -157 -184 -60 -69 -20 -246 57 -124 -186 88 -41 -172 -28 -147 -74 4 -219 16 -179 -125 198 201 0 93 -151 117 160 -225 100 -145 -105 106 -12 -195 -4 141 -161 60 164 162 -16 -13 -173 -68 158 -106 190 -209 52 148 211 97 -231 56 -150 103 -174 -79 36 -153 -116 -237 -189 3 -241 -59 31 -17 -48 -214 42 -62 227 -63 98 131 -177 -23 -115 -67 -247 -21 10 -81 -176 -141 185 -96 -210 -131 -220 12 81 37 -73 140 -154 -19 -168 54 59 178 45 -162 -239 223 -130 143 175 219 171 133 244 -7 194 -87 44 125 145 -108 -66 -102 -163 -191 -228 -232 -117 53 30 154 -155 249 -221 -26 102 -203 203 -199 136 -71 188 64 62 168 14 -234 -38 189 5 -136 196 -9 112 -169 -248 24 65 -114 -160 246 116 35 135 -90 -104 -101 101 90 181 25 -58 -215 -194 -46 -27 -201 -107 55 -103 -113 -92 70 245 -175 169 -78 -109 118 217 -56 156 -97 242 -167 215 58 -98 220 173 -132 121 32 123 -44 -34 -202 -31 207 199 75 204 -8 -222 -126 21 17 -244 105 -243 85 -216 128 -50 -128 80 26 -180 91 46 239 99 -183 87 77 180 146 -205 195 -112 127 -207 130 -54 -193 -121 -93 139 -144 159 -178 235 165 137 248 -55 126 -137 -77 -159 134 243 167 238 -45 150 -2 -65 -76 -238 -250 -91 209 34 -118 -88 216 115 -208 -84 -227 -11 172 193 225 47 197 -236 -57 1 94 177 -226 -120 234 -213 -53 -166 -86 -233 -218 -156 -64 
TEST 20 ARG:-130 164 -108 224 6 214 -74 -44 225 -13 -81 -213 -40 -12 -151 -240 -26 239 213 25 1 159 -80 113 -139 -218 -2 -212 35 140 149 -197 246 -37 68 125 93 217 196 236 -171 106 -165 160 -227 157 47 -54 -103 -214 -45 204 20 -48 105 59 22 -42 139 -109 143 56 110 115 173 53 -141 98 -138 145 121 -205 -76 9 -193 -233 -247 44 -69 5 -158 -14 114 -32 -79 146 55 32 171 -163 -196 -178 -156 -114 -11 185 -129 209 -89 -25 -95 -150 249 -250 -87 82 169 -243 50 -119 -29 -241 -78 -24 -148 -61 153 -100 -36 241 -177 194 193 78 -90 -101 116 -82 104 -182 175 -8 -207 118 -120 -222 242 200 -249 -229 -169 40 206 109 -215 -110 -183 202 -248 156 -56 132 16 83 111 -216 -239 -22 95 -202 84 -159 79 89 96 27 62 195 -64 85 154 123 -210 -152 182 97 -147 -136 -96 -237 70 -149 -223 208 23 181 88 -123 155 -10 49 222 -238 45 57 191 13 -246 -131 -211 176 108 189 207 -105 166 -140 180 -132 -71 -1 -180 -16 -107 67 -85 -201 17 243 117 -92 190 -226 31 -166 141 127 130 -7 151 -242 39 12 237 228 211 -174 -155 226 238 -5 -173 244 -19 -176 75 100 162 163 122 135 0 201 -53 184 219 7 -188 -91 -111 177 187 144 -68 81 158 240 230 64 119 -47 -39 -225 -38 34 -20 -97 -170 126 131 -127 -6 -209 -113 92 205 -126 11 212 -58 14 215 -49 188 218 -23 91 221 -75 136 183 60 -15 -154 -124 134 -179 99 103 48 -112 -208 -244 102 -206 2 76 -135 58 152 38 -235 107 69 -144 43 -125 -189 -52 -236 -198 112 -65 -142 -21 -200 235 -94 -230 -224 245 -167 248 3 128 199 -219 -77 -133 42 -86 86 -128 161 63 -55 172 -162 -4 -146 -17 90 -41 -72 30 -195 52 33 -62 234 -137 -31 148 -172 231 10 -106 133 129 15 124 87 -66 179 -184 -204 18 54 41 -63 26 71 232 19 137 -228 -234 -220 -104 216 142 -27 -30 -34 -186 -117 101 80 170 66 -83 -98 -3 -67 198 -57 -199 -203 8 -88 37 -192 150 -18 197 -187 -190 -99 186 -194 21 -245 -134 4 -181 46 233 -221 -9 77 -28 -93 28 61 223 167 247 -102 73 29 -232 -217 -161 -121 36 -59 -157 -118 138 72 203 74 94 229 -231 -35 -51 -116 -175 -73 147 -43 178 -46 -115 -160 220 120 -164 -145 -60 210 -143 165 24 -33 -191 -122 -70 -185 65 227 -50 174 -84 51 -168 168 -153 192 
TEST 21 ARG:-134 177 104 166 163 -6 217 108 -66 170 179 115 214 -149 -211 -24 15 -146 205 -203 73 162 -28 198 -207 -36 2 -25 -4 52 112 47 -169 180 144 181 -26 118 182 41 -105 59 -218 -209 204 -214 -106 151 -199 -190 64 97 222 3 -217 -205 218 171 -230 -97 30 -122 20 -67 -242 25 -60 -180 26 -107 -206 -1 172 -239 -115 8 227 75 -27 -128 -185 -176 -104 -14 156 32 -74 -113 -89 99 -29 -164 -210 183 185 122 -213 -223 237 10 63 215 27 -112 -201 211 193 -166 160 -75 192 140 231 -117 -94 -71 74 147 200 -7 -155 -204 223 67 -159 159 36 -222 -34 239 -39 5 -182 34 -137 189 148 -114 158 -174 -53 49 -181 79 -135 119 133 -79 -44 173 -221 -95 -237 -85 -220 -127 240 111 230 -62 91 -61 -56 56 -178 208 113 -132 -241 -109 94 9 228 -9 127 128 -42 -175 -33 -216 188 18 -22 -234 -165 146 87 39 -192 57 244 -50 -73 -160 -249 46 -152 -184 -86 -215 -161 -186 43 70 4 221 143 13 203 84 -125 -57 92 51 178 65 202 -133 -92 -99 154 -72 -15 -200 -64 -130 -228 -238 243 135 134 -227 -191 120 -240 16 153 -5 -68 -20 -45 -171 0 141 -189 -30 -3 194 101 -121 90 -233 -193 -177 -129 42 229 -126 -76 -80 -119 -151 76 125 116 -13 -16 248 50 -43 -153 -144 -41 48 85 149 -235 89 -54 169 61 245 -49 155 236 -139 37 -194 -23 114 -17 241 14 -63 124 150 -93 60 145 96 249 -244 21 66 219 226 174 -148 45 132 11 103 184 220 -167 -18 109 -195 -81 71 12 130 232 28 55 -82 -188 136 -37 121 77 1 81 31 195 -96 93 -120 129 -116 95 -19 -163 -170 -8 29 98 -87 -232 207 -143 33 -147 -173 176 142 235 -98 126 -248 -158 -131 -58 234 -46 7 72 138 -51 54 -118 117 -226 152 -91 212 233 110 69 190 17 102 -231 247 210 -198 107 -108 246 -183 -179 196 -140 22 -40 213 -172 -83 53 -202 -88 -168 86 123 -2 157 -10 -156 191 44 -225 105 242 -141 -103 35 -197 -32 -65 -70 -236 201 -245 209 -47 100 175 78 -110 -78 -52 -59 -250 -123 88 -247 187 -229 -150 -11 -35 -100 224 106 -246 167 168 199 -55 225 -157 -219 238 -21 139 161 83 -102 -124 -224 164 -162 216 40 -101 -145 58 186 -12 165 82 -142 -138 -77 197 -69 -90 -154 23 -31 -111 68 -196 -243 131 24 206 137 -48 80 -38 38 -208 62 -212 -187 19 6 -84 -136 
TEST 22 ARG:10 -207 -33 -94 -193 167 -179 113 206 -140 139 171 208 -136 146 97 -233 165 -112 -210 47 46 241 -20 249 234 182 118 105 -74 -226 131 149 98 -60 -15 109 130 207 -11 133 -45 -162 -161 30 -42 -7 -196 -163 -26 5 -160 137 13 -198 -153 96 -200 247 191 121 -187 -139 170 -89 -245 -118 -84 214 -145 112 85 204 -46 -178 123 145 -217 237 244 19 248 202 77 70 -63 -199 -3 114 119 -227 231 20 -99 157 160 93 111 -191 217 245 120 83 -184 -115 -172 117 163 140 4 -95 -30 223 -128 -183 -170 -152 228 225 -96 -18 104 227 246 74 233 -10 -125 -249 -213 -106 243 -243 90 31 25 78 27 115 -19 -174 187 14 -65 72 152 2 16 -221 -124 91 -119 242 135 -43 230 41 -23 132 215 -28 18 -138 50 -34 75 -209 -107 -151 -154 -51 -229 -90 -133 128 -238 221 -92 79 162 -39 -6 -21 154 7 -53 -204 42 29 -100 -166 -50 59 38 -127 26 161 -202 -75 205 -102 55 -4 -164 62 82 -203 92 220 -81 151 1 -54 -57 -235 -41 11 60 125 -62 -241 -103 181 173 23 -55 198 -150 -158 -181 -234 213 -27 -188 -47 -177 -237 64 210 61 -147 -13 -194 -201 35 159 24 -171 -91 -78 -72 28 193 -61 33 -159 -111 -22 -143 240 -77 -101 -134 166 -228 -223 -36 -35 -242 36 -165 -49 73 201 -236 -129 196 69 172 -110 49 116 88 -167 -222 71 226 -88 138 3 229 -76 44 164 169 39 100 89 -104 63 150 148 110 -137 236 43 143 -108 -120 -82 -186 -116 -38 -211 -93 195 -105 -169 -239 -197 -48 -247 -190 211 203 107 -149 -130 216 -240 144 -173 178 66 87 53 -141 199 -224 177 168 65 102 224 136 12 153 95 186 17 -69 -66 -2 183 -17 37 -246 190 188 68 57 76 -121 174 -156 -142 0 -87 80 -24 129 134 21 155 180 -192 -117 126 232 108 197 22 -1 127 99 52 51 185 -52 56 122 -175 -14 101 -114 -67 -182 -176 -29 -157 84 -58 9 40 -56 -9 -12 -59 -16 -83 -44 -206 8 222 -214 -5 189 103 -64 -218 -232 238 -185 200 106 6 34 239 -80 -85 45 179 194 -219 142 -32 -123 -109 -212 -155 -86 -68 156 -135 86 -70 -113 -97 -40 235 -180 -146 67 175 147 32 192 -231 -244 184 48 54 158 -25 -73 -230 -131 81 -148 218 176 58 -122 219 -132 -8 -205 -31 -71 -248 -126 -144 -220 209 -250 -79 94 -37 141 212 -216 -215 -208 -98 -225 15 -189 124 -195 -168 
TEST 23 ARG:191 -72 -83 7 116 48 -99 160 -80 -78 170 131 -58 63 55 232 -242 99 229 172 176 -97 -135 -65 -185 36 -246 -193 -116 -200 101 104 141 214 -73 153 -168 112 168 -25 105 -189 27 -81 -217 -55 -35 -23 -134 54 194 -133 196 87 -103 -138 225 -93 149 -76 218 -162 -63 71 -125 -102 219 -141 86 -220 169 223 208 -232 -241 -2 47 139 210 -67 128 60 33 -239 -223 240 -227 -71 122 -188 173 140 108 -158 -209 156 62 129 -248 -214 -172 56 157 -96 -128 -101 -203 183 12 -231 138 -9 -64 -10 -49 58 -42 188 171 -124 -161 -122 -79 -245 109 -114 53 204 68 46 -12 -104 -174 207 -191 -176 -5 107 -183 239 237 -151 79 -131 -164 94 -249 -142 -216 -82 97 -53 -140 -48 -192 235 203 190 -153 65 136 145 31 6 236 -39 -186 212 121 199 -201 -238 -127 179 -1 -120 -36 -181 51 -75 -106 -70 163 -69 72 66 16 -132 228 -74 -218 -195 198 -226 -92 -77 -110 -170 -224 41 -33 113 -89 192 224 -6 -3 134 -143 5 182 -197 124 150 -88 201 -15 -107 -177 -105 -95 29 249 -28 -163 -38 -16 152 -237 -60 -129 -50 234 -199 226 75 92 39 133 -87 -148 24 98 189 -8 32 -51 -180 -156 -117 11 248 155 -47 -136 186 213 22 -229 154 1 130 -98 -56 158 -169 195 -61 -166 185 -19 23 -31 174 -62 243 -32 242 247 -154 -11 -211 -171 28 -100 64 117 217 -115 -68 20 209 -17 -26 230 126 -150 137 78 -30 -118 38 193 10 102 -43 -108 111 216 45 -45 13 245 -212 81 -21 91 167 244 -84 241 -113 -182 115 -121 15 -230 -52 110 -202 159 2 227 83 -123 50 175 127 177 82 -210 17 103 -208 52 26 142 14 114 -130 -109 -233 233 57 -184 67 37 166 106 -236 -91 184 -46 -85 120 162 -234 19 215 -112 238 -175 -159 220 90 25 -137 -187 -41 -44 61 119 -149 -198 147 -20 -222 100 -119 180 143 84 -178 221 -147 -126 -18 18 93 -94 34 42 -247 85 -205 246 76 -24 202 77 95 -194 222 0 -225 -139 -86 135 -145 -4 9 -27 144 -219 -57 -22 73 88 69 -54 -157 -167 40 -29 -165 35 -59 -146 -111 164 -90 197 43 -190 -14 -179 3 -244 -155 -204 -173 -13 44 165 205 -235 89 -152 148 -34 -206 231 151 4 -240 74 -37 70 -144 -40 181 206 96 118 59 161 -160 132 146 123 -196 49 -213 -66 -228 80 -250 8 -221 -7 30 125 -215 211 200 187 -207 21 -243 178 
TEST 24 ARG:107 52 226 -69 -62 -197 -30 -136 -25 -124 -101 224 -26 -52 244 34 -65 -245 246 185 -104 3 -175 142 -198 43 -105 206 28 38 202 131 120 84 77 -115 13 -134 127 51 -217 -212 -59 231 -17 240 237 -171 99 116 -141 -163 -18 12 -74 24 -58 134 130 -150 -37 238 -28 -83 -137 174 119 -224 14 -138 -179 56 -12 129 197 205 -194 204 -118 217 -6 -229 65 249 -94 -5 -125 216 -71 115 166 91 219 189 235 -249 -80 100 104 -155 102 109 -116 212 105 -3 192 -27 11 150 -145 -200 67 178 170 -31 -243 228 32 -214 -29 218 54 117 125 79 23 -235 -193 -64 -247 -112 49 -210 94 -230 -100 -50 -142 16 -176 -183 83 -54 -192 163 167 -221 -219 114 194 225 -140 -84 -139 35 -67 156 -223 -129 -166 55 -143 -122 95 -213 76 47 -13 -24 -8 213 -15 110 -2 -186 41 132 -72 87 66 -216 -226 -121 -157 -108 155 -20 -184 -158 48 -208 -21 -218 62 44 -146 -130 -102 221 103 -164 -60 80 72 61 152 207 201 160 227 239 78 199 58 -195 -111 88 -203 -246 -34 183 243 57 81 -132 101 -89 -135 164 229 -148 236 247 177 140 133 -123 -10 -38 195 -220 180 141 -205 -167 175 -234 -119 -149 93 -22 196 15 -201 -211 106 26 147 -57 42 122 124 -113 143 -236 165 59 -44 45 -151 71 161 230 40 -16 0 -86 7 -70 -154 -237 -133 -181 75 232 -228 144 -196 137 -241 -19 -191 162 139 128 -206 -81 209 63 -147 148 -172 -227 203 171 -107 10 -75 25 -128 111 154 -98 -244 188 73 211 -88 -77 -43 -53 -7 -109 -91 86 8 74 -39 -190 173 234 -99 31 222 -56 5 233 -85 223 33 46 245 -42 82 -87 -114 157 -152 -170 -1 97 241 37 168 -126 69 -185 -169 -182 -90 -162 50 182 90 -61 -96 151 -173 126 113 4 181 -41 1 121 -46 112 -187 -178 -189 -188 -209 -202 -204 159 -110 210 193 -222 85 158 89 -165 -68 64 214 108 27 146 153 -106 -95 98 17 -238 21 138 200 176 18 -131 248 -40 19 123 -36 215 -199 -66 186 -32 -233 172 169 70 -156 -48 53 118 -127 6 9 -248 -45 187 -4 -93 -51 92 -153 -55 20 -35 190 -47 220 179 -78 -215 -9 36 -240 22 -117 208 135 198 -250 68 -63 -120 -231 -73 60 -232 39 -82 149 -33 -49 -177 -161 -144 -242 145 -76 -180 -174 -239 242 -97 -103 -11 -92 -225 -160 -207 29 30 -23 -159 96 191 -14 136 -79 2 184 -168 
TEST 25 ARG:-249 21 232 -117 -228 -231 -46 145 70 37 167 25 -96 127 -188 -233 -19 -6 12 -211 199 134 225 -4 185 -61 118 -222 17 1 184 -172 -63 -127 5 203 -242 8 201 -208 49 -129 149 161 211 218 -20 -191 106 -235 -219 179 -41 -248 -164 -24 -234 150 -10 -40 43 214 23 -157 -77 48 -198 44 -138 -187 -85 -156 -57 -50 -226 -238 240 65 -159 -174 -39 -90 52 131 180 223 -22 89 133 -139 -98 -196 55 129 69 -67 81 -104 -73 4 -34 243 196 98 -75 -118 47 153 -38 230 -128 135 -35 195 -180 34 -134 -244 -65 91 -8 186 247 208 -12 171 224 -55 217 29 32 13 28 249 -140 -153 -110 87 86 -192 172 38 -100 -201 -166 67 76 -214 142 105 220 -62 114 -225 244 -109 -171 102 -82 15 -183 159 -193 176 124 -33 -205 -3 246 -111 -47 -247 -181 45 175 -108 -72 62 238 -16 -212 -49 -11 -152 108 73 174 -186 10 -102 6 90 -207 -202 -154 -114 -167 132 -168 72 -137 205 94 61 33 -224 -165 144 151 168 183 -203 213 85 170 96 -59 -94 19 57 35 -97 -79 -135 3 221 -125 -36 80 -103 -32 100 121 -51 206 235 197 -28 -88 123 140 58 99 40 -23 -227 -245 59 -150 241 237 66 -155 60 -89 -162 84 -74 242 -58 182 -204 -44 107 -53 -141 160 200 166 -190 231 128 115 192 187 -123 9 137 -232 -195 227 141 -173 -71 -106 -163 -216 -126 -7 -182 209 113 -99 -18 27 -170 -80 -68 212 239 -42 88 -200 -119 -13 63 -142 -17 53 -194 181 -92 -107 -148 11 93 191 26 165 50 122 -239 -133 16 155 109 198 138 -176 226 148 -120 36 -131 18 -29 -151 143 -161 -241 215 189 -178 -220 -121 -69 -246 -158 64 178 -221 116 125 20 190 -230 -243 156 -66 22 -147 -112 177 -217 -116 -145 158 228 -43 -122 188 -144 51 95 169 110 112 202 -215 204 -132 -95 -169 234 -60 -26 -236 146 41 236 -93 -179 -5 157 -136 120 24 -87 -189 -56 97 -218 -149 104 71 193 -184 -14 -54 -64 -76 -105 101 -83 31 216 -48 103 -84 -146 152 -223 -86 -2 83 79 82 162 -9 30 173 -115 -25 136 -91 -143 -124 210 -113 2 -237 42 -21 0 207 74 -15 -185 39 154 -81 -70 68 -130 164 248 229 -78 -250 -210 119 219 -1 -27 -206 -199 -229 222 46 92 163 233 78 130 111 -52 14 194 7 -160 -175 -30 -209 -37 -177 -45 117 -31 77 245 -213 -101 -240 -197 147 139 54 56 126 75 
TEST 26 ARG:43 42 -75 -31 126 33 121 -48 -9 136 120 134 4 146 85 -160 -213 -65 96 -53 31 -100 235 3 -210 -181 -113 216 69 186 -3 137 192 198 -140 22 89 -243 -248 -32 179 138 -47 -219 172 51 232 204 -152 -62 222 -207 -36 104 92 19 -147 212 183 -93 72 227 -97 30 -72 62 122 47 -115 -51 -28 -122 -63 221 -66 -59 127 -43 -118 -33 -230 214 -161 48 27 75 215 -191 -217 32 163 12 142 -222 -45 161 107 53 -121 153 -145 -116 -104 118 -190 -164 9 -35 18 -167 -119 -247 -246 66 189 -10 125 -84 -125 182 -20 -249 -137 220 80 -70 61 173 224 -245 21 245 -26 152 130 105 191 -135 56 -13 -69 -165 -46 -112 103 71 162 -11 -168 157 -224 -232 156 11 145 10 24 91 -215 -77 168 88 247 239 59 129 60 -117 -176 -8 -22 -18 -130 -171 -157 194 -101 170 0 7 100 139 74 151 150 -158 -155 -89 -4 -218 -64 207 143 111 -52 -197 -200 -21 34 169 -220 70 -209 -39 190 155 236 159 181 147 -76 195 199 -57 -34 149 -71 160 -180 -163 54 -60 166 -37 101 17 13 128 -221 -110 -175 106 -78 -107 176 242 -16 -199 113 -231 -50 218 -143 -225 35 -185 -234 1 -105 36 -132 175 -170 174 -83 37 -38 -73 -95 -94 -120 -15 131 -14 65 -196 40 -88 167 -91 237 50 148 -40 -149 -229 -123 234 64 158 -182 249 82 -151 -141 23 2 -81 78 -240 46 -192 185 -5 -98 -55 5 -162 28 -58 -86 -235 141 240 -79 -208 76 -82 -242 -148 -228 119 228 -134 177 68 -211 133 55 124 -177 -102 229 -133 -2 -194 -236 -25 99 -201 -6 241 -223 93 -150 -142 -111 -184 209 14 226 -27 -80 -128 -154 203 231 225 52 15 97 117 202 98 -238 -233 58 -124 45 -30 16 26 -1 109 -178 86 -96 -205 -136 -92 -204 41 230 -187 -131 154 -183 95 246 -90 25 123 213 -179 -41 20 -23 -226 -56 -186 -87 -174 197 -99 135 248 -241 -67 -156 205 -212 -29 188 -227 -214 -103 -188 144 -127 -172 49 -19 -173 206 116 -54 -244 208 8 114 238 -12 180 171 217 140 210 -139 -129 187 -203 184 -159 -17 -24 -169 -7 83 29 219 233 -189 -202 193 73 200 -126 243 201 -193 38 -138 -44 79 -206 132 -109 -106 6 223 -198 -74 164 108 115 63 -68 81 196 -146 44 77 -216 -42 110 67 165 244 87 -166 -108 -237 57 -85 84 39 102 -144 -49 -61 94 90 -114 211 -153 -250 112 -195 -239 178 
TEST 27 ARG:-184 -99 -76 -182 -193 -87 -211 -108 -153 241 -121 -215 135 -178 177 -145 33 -236 -239 -116 81 147 -11 166 50 -203 -74 -131 -32 222 215 9 -198 199 -132 140 94 -105 63 51 -20 100 -234 78 57 96 173 -129 170 -192 -17 -80 -122 -173 193 45 -250 -218 -205 10 -35 -148 13 30 -225 128 -162 -58 188 225 -75 116 218 92 -138 -227 -81 205 -165 -1 242 210 174 -201 11 -160 85 -51 245 207 -240 -124 -33 -167 -73 -172 101 99 -7 -179 123 90 120 235 20 -5 -62 197 186 -222 65 224 89 60 -174 -133 -204 230 -242 -113 132 -95 -26 150 12 -52 -106 226 48 232 -84 43 74 -55 83 67 -42 -119 -88 3 16 -16 -128 -97 64 -224 7 -110 42 -206 -31 -181 36 -123 -37 59 178 165 180 -50 -66 -44 183 -10 -91 -130 231 131 -115 -135 -63 -43 -199 129 -231 127 -147 -171 208 38 -139 -104 -243 119 213 76 -19 35 -96 -180 160 -46 110 -98 24 -247 -15 -93 79 -38 97 130 176 249 -195 221 -220 5 -8 117 29 -143 -142 -29 168 -61 -137 115 246 121 -82 -185 -183 -23 -186 -118 -190 107 169 -25 21 163 -166 -39 34 71 47 -69 -24 238 4 -226 -156 138 211 -197 141 61 -188 206 227 104 31 159 -111 -92 -140 -176 -102 196 -48 41 143 216 -159 -149 -12 236 -217 -77 152 23 87 167 144 -125 62 -238 175 -170 -230 247 105 -168 -117 162 108 192 -202 191 -109 44 -163 46 15 25 1 -161 53 -103 -56 -47 -248 -164 122 -21 161 157 -49 106 -114 -126 95 26 -70 -28 -112 195 14 237 8 -244 66 239 -235 -210 -219 -249 82 -151 -150 -83 54 103 184 2 -60 -177 125 -141 -22 -65 -245 32 151 -232 -200 -229 145 203 200 93 55 -209 109 -120 220 -3 142 75 39 27 182 -228 185 190 6 -64 137 -136 204 0 233 134 126 149 -221 -212 70 153 194 148 -36 228 -155 -13 -67 -101 -194 248 -158 202 198 -223 28 -107 156 98 229 86 -71 -154 72 -4 -213 146 -94 22 -100 40 -208 139 164 -89 -18 -54 -127 73 219 80 -207 243 133 -79 77 181 56 111 -134 37 -14 113 -41 118 -6 154 -241 68 -157 209 -45 -144 -59 18 -57 -78 223 -196 -146 -214 91 -216 234 -90 -30 -85 187 -169 172 84 124 -40 17 69 189 240 -187 155 -27 -34 214 19 -246 -53 114 -189 201 136 88 52 -237 171 -233 -175 -86 217 -191 -152 -2 102 244 -68 49 158 212 179 58 -72 -9 112 
TEST 28 ARG:-159 199 -229 215 175 51 204 156 -149 180 216 19 104 -197 105 73 44 129 64 54 -52 -79 -147 71 -55 120 99 -163 171 103 -95 -130 124 -185 60 14 -238 88 70 61 246 -173 174 147 -176 -100 157 -87 117 -37 -139 186 148 -125 29 -103 -127 -207 -21 -222 -85 126 -161 -211 4 81 167 -98 -113 -143 -240 -56 -69 -34 42 -131 13 -132 -15 122 -144 -223 -226 7 -188 -214 -114 94 -246 -48 -91 -174 185 46 231 -80 82 -233 137 12 39 110 201 92 166 245 -177 227 -126 75 172 -74 77 84 53 33 -86 121 -167 123 145 151 -29 86 228 -250 -43 -209 -247 -146 178 23 55 229 -215 -179 -117 -244 78 155 -194 236 -216 111 37 -241 -243 189 -105 -118 209 -71 26 226 -162 -41 168 -45 27 218 102 -84 -191 152 3 -172 97 128 205 -204 -101 1 17 -59 -115 190 -221 -44 10 -40 242 -36 35 -219 5 -160 -83 144 40 -121 59 -99 -92 132 -158 72 -210 -78 50 222 47 -234 -225 2 -26 -14 67 -32 -57 -208 202 101 -10 -68 -224 -202 -6 -134 79 -200 -230 -142 188 -94 230 130 169 -33 -123 -2 -70 237 -170 -120 0 -133 -108 -72 -111 25 248 164 191 140 146 -201 98 100 113 163 -157 -186 -60 213 192 -217 114 76 69 183 211 36 195 207 24 -110 -109 -198 -13 -31 38 83 203 74 141 -20 194 235 -183 159 -77 -213 -141 212 -190 162 244 -212 -175 95 -42 -106 118 249 87 -97 -169 -23 31 -76 28 217 -239 224 -140 6 -64 197 -196 96 -5 18 80 -203 -148 142 133 210 -88 153 247 93 -54 239 -4 154 -96 109 -128 206 62 52 -89 58 -93 238 170 8 240 -104 16 241 233 21 -184 -155 -3 -12 173 -138 107 -9 125 -119 34 196 -181 -189 68 43 56 -50 -58 -65 -82 127 20 -232 -16 15 -49 -107 -242 -235 -205 -136 32 -116 -39 -112 9 -218 181 135 158 -90 -61 149 -27 208 -51 -152 -237 187 -122 -154 179 -150 134 90 -28 -1 -228 22 -19 -220 -102 234 91 -47 176 -67 -171 220 161 -192 -145 -38 177 -30 -195 -7 -22 232 -11 -206 -73 -153 182 -53 41 221 -35 -165 -199 -62 -164 -248 -245 184 -17 -135 139 115 243 -18 -25 63 223 -46 85 200 -187 -66 138 -182 150 136 -231 30 193 -124 65 -63 11 -180 116 57 -129 -178 -168 66 131 112 -156 -24 108 219 48 214 -81 89 -166 106 225 -8 -227 -151 119 143 165 198 -137 -193 -249 45 -236 -75 160 49 
TEST 29 ARG:16 -47 -7 -203 81 -243 197 -154 -119 226 13 -73 169 -26 -13 120 101 -178 -80 50 248 29 56 59 -161 69 21 -35 176 -15 198 192 138 -84 -49 -3 203 -122 -230 126 -155 -104 -192 -240 -44 0 -18 143 48 -52 -135 230 106 -132 -217 -40 -100 60 -131 -120 -159 186 -9 191 156 -102 227 -46 -81 -219 103 -242 210 -82 -56 -150 206 40 -235 240 -69 49 -23 -250 -184 182 -231 115 221 129 52 142 -25 -143 -123 -208 -133 93 -76 33 26 131 -206 -196 -54 -176 18 -127 201 -199 -221 223 127 -6 -157 -19 -193 -134 -137 51 -139 -207 152 -162 -187 242 111 86 196 -8 214 -118 247 14 162 114 -174 112 161 -151 95 202 22 109 28 -34 -98 -198 153 136 -10 -246 66 140 70 163 72 -142 46 -215 238 -64 -93 -227 -43 171 150 73 82 -168 -70 -201 27 -111 130 35 5 147 -24 -32 -128 -195 19 80 -36 -216 209 175 -94 44 -57 92 -20 -63 71 42 172 159 77 -60 166 133 -136 1 141 -160 217 243 -38 25 67 -189 -229 -204 174 -103 89 58 -200 181 -164 -171 164 179 177 165 4 -105 -97 -5 -90 205 -244 -107 90 -209 83 -245 -89 -112 -153 -2 32 167 123 -116 -194 220 148 239 -202 97 105 37 64 155 -101 -115 107 189 -179 7 -234 -175 62 134 24 -33 -226 154 -144 219 -247 61 87 96 88 -121 -87 38 222 124 -117 228 -177 -248 98 200 245 158 -29 -182 34 -59 229 180 -129 -222 104 91 -66 -106 36 -214 135 199 15 -16 208 119 2 -191 146 -140 -138 11 -79 17 -78 160 31 74 -188 213 75 -220 -172 39 -51 9 100 188 -185 65 -197 168 -169 116 41 233 99 -181 173 237 -109 10 -110 184 144 -183 78 -14 -1 -218 178 113 -74 -211 215 -27 195 -88 -28 149 232 -225 145 -37 -130 30 -61 102 151 -152 -238 -170 128 194 -186 -156 241 -53 63 -83 -210 -126 190 -21 244 -190 212 -228 -212 -85 68 -145 235 76 -124 -55 -166 -148 -205 139 -92 45 -149 -72 -223 -167 157 -237 204 20 193 -48 -232 207 -95 -158 118 -71 -147 -239 211 225 -163 -99 -141 -114 -4 -62 249 -91 -213 -125 -165 -173 79 -224 23 12 -11 110 -146 43 -12 234 -67 216 -41 218 -31 -233 -17 246 -86 -68 108 53 121 -30 57 -42 183 -113 170 54 47 122 -77 137 -75 55 -22 -50 -45 231 187 132 85 8 6 117 236 -180 -65 -236 -96 -108 185 125 -39 -241 94 -58 -249 3 224 84 
TEST 30 ARG:-58 175 215 -216 32 170 -143 -23 -167 -211 30 199 -79 110 55 79 -236 159 -61 98 -139 -194 171 -59 -150 -7 198 -118 155 -25 -234 -85 -45 226 63 -53 -116 -101 48 119 80 -202 -244 197 -201 -190 -206 233 -50 -243 -47 99 -241 72 225 -82 -96 -134 -173 71 -132 64 -14 149 -83 49 -84 -77 -13 213 -197 87 -165 1 137 59 -42 -125 164 -111 -66 0 -107 178 101 -108 70 124 -221 18 -38 -145 76 -10 -106 210 24 -2 -205 135 -67 -186 148 82 -22 -3 52 -137 223 53 84 160 125 22 31 35 27 193 224 -6 -136 240 163 205 -237 207 -203 139 -156 -148 -72 -153 -41 177 243 102 -226 203 -128 -182 43 -24 -115 16 209 85 168 -214 44 -200 -199 -161 183 40 50 -76 141 -29 -223 196 111 45 -175 220 -169 -68 -19 248 107 -196 -220 230 -127 165 245 216 -172 -238 186 -239 -31 75 81 153 109 92 208 118 -26 235 202 14 -183 -151 162 228 187 -32 33 145 -99 232 191 13 173 174 231 74 -102 106 180 -185 140 103 88 15 -250 -15 144 -126 -52 117 -207 -80 246 -168 -39 -86 127 94 21 -124 62 -9 167 194 -98 182 -162 189 158 -178 -78 172 -210 190 3 -37 -235 57 -218 38 4 -135 -51 69 -176 68 -75 -163 157 -192 112 244 -74 51 237 -231 105 150 133 -104 -55 95 26 -170 -71 -209 -27 91 -157 166 -54 -5 28 -230 222 136 129 227 -100 -204 -171 229 185 -159 218 -44 -114 -63 93 184 147 201 217 -70 77 46 -18 249 -92 -109 -181 -177 -46 -164 -225 -93 130 236 -8 154 113 -49 61 -48 34 -232 181 128 114 242 221 122 -81 -34 -35 -184 96 138 23 20 131 156 -97 -95 -191 42 -179 142 200 123 161 -119 132 90 120 -141 2 121 -138 -65 67 214 169 -142 -28 89 11 -248 -1 -122 83 -112 192 -73 6 39 73 -154 204 212 -195 17 100 179 -16 -33 -187 134 116 -212 -88 146 -40 41 56 12 234 -208 -64 -224 -240 -155 -113 -245 29 -160 5 176 -144 239 -89 -62 219 -222 -198 -229 -247 -57 -117 -193 19 115 238 -189 -69 -17 60 -43 -130 8 47 -131 78 -149 126 -123 -147 -174 58 143 -103 -152 -228 -249 -217 36 -56 -246 188 -120 -60 108 -242 -215 -36 -12 -110 152 241 247 -166 -188 -20 65 37 -21 -140 -91 7 -227 25 -133 66 -129 195 -4 54 -180 97 10 -146 -233 -219 -87 211 -94 -213 -30 -11 -158 -121 9 151 -105 -90 206 86 104 
TEST 31 ARG:137 -193 -118 179 -115 211 -10 -3 74 181 5 -121 -55 -101 48 -211 30 -228 156 -15 -135 188 -84 63 -14 -125 108 195 -56 -145 -113 -215 -93 -227 171 -160 83 72 12 24 -150 185 -201 -190 174 176 23 -7 50 -234 245 15 87 -22 205 -74 247 -230 -12 -57 -67 177 -152 -214 -133 9 -239 -195 246 162 -107 -167 230 124 -187 -184 -200 -88 -162 -95 -45 -20 -108 -156 -236 39 121 -248 103 80 -6 -33 107 2 -206 -143 163 231 69 -52 193 -73 -44 191 3 -116 59 -172 -126 -178 241 175 -70 85 -112 -242 167 145 -21 -85 -173 65 -94 207 -24 89 -43 -198 44 182 60 164 -179 96 29 105 -137 222 26 159 -142 -58 170 -130 130 46 -89 -205 -49 -105 125 -2 235 28 -117 -32 73 -128 -225 -103 -232 -78 -99 -245 27 116 -1 92 152 -61 -144 -177 -224 -138 -75 -191 56 -30 91 45 -159 155 -229 -188 212 98 52 -171 8 -82 -158 -87 -66 123 198 -54 78 -192 -13 -91 -96 13 -40 -97 -120 101 -9 161 204 -231 -208 148 -233 -18 213 232 186 169 242 -65 238 -165 154 190 -47 239 -19 -220 -169 68 -39 22 -38 -183 -123 127 4 102 -207 -71 -51 47 84 90 118 150 -246 -131 -86 1 -170 234 19 -240 75 -185 -219 55 -237 206 -48 35 -182 40 184 -222 -213 -46 201 49 -68 -197 -76 -53 243 225 -189 82 97 -127 -151 233 38 214 192 -106 209 57 -26 -122 25 228 165 -23 -186 114 134 36 216 -203 -16 0 -247 142 88 99 58 122 18 -92 95 226 -60 54 16 -153 64 -134 -157 -204 -29 -34 -141 -42 203 194 172 178 -146 -35 -50 117 166 17 -202 109 20 -176 237 111 -63 143 227 -83 200 -238 -199 224 93 -25 -104 144 -69 -250 221 158 160 -114 128 132 79 146 -216 -148 -244 -5 -11 -8 -243 42 183 66 -136 70 41 86 -180 136 71 -163 133 -175 180 -37 -62 -174 -17 -154 240 223 -235 187 -110 104 32 149 37 189 202 -209 196 -164 157 51 11 119 220 -196 7 151 -100 -140 110 218 140 -168 -129 100 33 34 126 77 147 236 -223 -4 210 -155 62 21 168 -161 208 -41 120 81 229 141 -79 -59 -149 6 67 -109 115 -111 199 249 76 -98 131 -249 197 129 -212 -166 -80 244 -241 53 -81 113 215 -218 -72 -90 -139 -217 139 173 -194 43 112 94 -147 61 217 -181 219 -28 10 -119 -31 -132 -27 -64 14 -36 248 -210 -221 -77 -124 31 135 -226 153 -102 138 106 
TEST 32 ARG:180 -104 37 146 -141 240 -213 -146 105 -127 66 163 34 -112 -49 131 238 -206 71 -125 149 -17 217 109 207 178 115 -70 198 -185 205 147 64 75 -37 -113 203 -249 -64 168 -13 166 -19 -246 111 103 121 -174 189 -102 -243 165 -148 -43 12 -139 -69 -87 222 -15 -219 242 201 -234 -182 -92 55 50 -147 31 215 248 -157 -240 186 -203 49 -201 -83 46 -33 70 -218 60 -159 231 47 74 -60 58 -106 133 -211 167 117 -100 -8 6 63 -98 -235 102 -145 -45 7 78 -23 -11 -90 156 157 129 -210 228 -16 -161 -57 -97 -52 197 -217 -241 177 -227 41 116 87 136 -115 -34 3 -48 124 -173 -220 -168 36 137 -38 239 16 244 -54 -188 32 192 113 -232 -117 -114 -26 -56 33 22 -154 123 -150 -77 -42 -94 61 227 138 -120 -155 -7 249 -152 89 45 -123 -101 62 4 20 120 200 -129 143 -149 220 213 -202 90 -171 153 219 51 100 44 -68 -25 181 35 202 -181 -47 -193 232 -179 -199 148 183 -140 -216 85 -4 -14 24 -153 14 -184 -118 169 54 -2 -192 226 161 -59 154 -245 204 -103 -128 140 159 -208 130 -61 225 -239 241 -162 82 -53 28 -75 -78 101 145 -142 -85 -228 1 -40 17 -191 -46 -166 -93 229 68 236 -62 65 -22 142 -79 -80 -214 97 208 -31 126 53 5 86 9 -51 77 -225 -144 -5 56 93 81 -6 -36 193 -136 18 -163 -134 209 114 212 -180 92 134 214 38 221 8 104 -110 -130 -116 112 -187 -18 -88 -1 173 95 40 223 69 -50 57 -131 -236 -89 151 -86 -81 -58 23 172 -105 106 79 179 -73 -95 -66 -67 52 15 195 -32 224 185 67 -39 59 -248 162 119 -44 -143 -247 -176 110 125 118 80 91 98 -195 -137 -238 237 -82 76 -71 83 107 99 -135 -72 122 -212 -107 -194 19 11 -119 -204 26 218 73 -91 -177 -151 -84 -250 171 -223 188 -165 139 -133 -237 246 -132 -242 -170 234 -3 144 184 155 -197 230 0 -55 199 150 -231 21 -196 -124 -160 128 -186 132 -198 175 -96 176 -175 -126 211 13 -226 -172 160 -29 -109 43 96 190 -222 196 187 27 -76 -230 -233 247 -156 -167 -205 -164 233 -121 -12 42 -169 -183 -122 -244 182 235 -10 -200 243 -41 191 -27 135 -189 206 10 -207 -108 -221 -21 -74 194 -20 2 216 174 -99 170 -111 -9 -28 245 48 -178 84 -209 -215 -63 -30 127 108 30 -24 -158 72 152 -138 -190 164 -229 25 -35 -224 94 210 39 -65 141 158 88 29 
TEST 33 ARG:10 95 -108 0 -100 -65 100 41 -146 -54 159 -41 229 -27 189 -5 75 -40 -96 58 88 -223 -64 205 -127 187 38 -9 -234 -128 -236 224 25 -6 93 32 79 128 19 -23 243 -105 -229 14 217 157 180 -20 90 103 39 -82 -178 104 -159 -152 183 185 -61 28 138 107 144 -92 101 -115 -26 -39 -245 -141 241 200 -98 -220 213 219 -142 245 106 -34 139 182 -8 115 91 -206 -204 140 146 194 -242 204 -83 223 -86 212 -170 -180 210 -18 67 197 -158 126 236 155 37 -2 -183 -84 -168 -15 -118 237 123 -56 -244 234 -150 73 -70 72 163 -219 -53 169 -102 -45 191 116 -235 -218 -14 184 -55 -237 133 -155 -134 24 49 -174 20 -63 114 -43 -4 15 -132 -78 177 170 121 -217 209 167 196 147 -95 211 158 -179 34 142 -196 89 233 -249 -157 -250 -33 -153 206 -135 -243 12 -7 -129 179 61 30 137 145 -46 -58 -60 230 -198 5 188 -214 -138 -240 -3 125 13 -195 156 -227 248 -224 -38 175 -126 112 -171 -201 162 -123 -199 -140 122 165 -160 -211 99 -210 80 -231 190 150 94 64 44 -11 -12 143 -131 50 102 -31 152 -145 -216 172 -165 -19 -52 68 23 78 48 51 31 129 119 214 186 181 -147 16 -69 134 69 -233 227 111 -30 -133 -29 -110 -207 -190 -47 -205 -248 -107 70 201 18 166 -225 -80 -188 -85 83 -215 -175 3 151 22 98 246 -156 74 77 -111 235 174 130 8 -164 -72 43 -117 120 21 81 -230 -186 -104 247 17 -112 -203 -213 -247 35 124 45 171 160 -103 -221 27 -189 202 -90 231 -68 -197 240 -228 56 113 -57 228 33 9 40 173 110 -59 -49 -169 242 193 62 -222 26 -75 -182 -122 -101 220 -173 -109 -35 238 135 84 -139 218 -172 -94 -66 -81 4 82 216 136 66 -76 161 -77 -137 -161 -22 29 -21 -246 -176 -232 1 -192 -74 -87 -16 -116 87 42 207 -125 54 71 109 -163 46 -193 -144 -177 7 -44 85 -32 -93 232 -88 -143 -37 -239 -79 57 -209 -185 -184 -51 -113 148 -166 176 108 -212 36 -120 -130 208 53 249 -73 63 153 -136 -89 -149 6 59 222 -13 154 118 164 52 86 -10 168 76 203 47 244 -200 -17 192 221 -162 -99 127 225 -25 -42 239 -191 -241 -24 178 96 97 199 105 -28 117 215 -1 -48 92 -167 195 -119 198 149 -151 -194 -91 -226 -238 141 60 -97 -202 -71 -50 131 -181 -62 132 -67 226 -187 -36 11 -124 65 -208 -114 -148 -106 55 -121 -154 2 
TEST 34 ARG:137 154 -207 -100 -211 -95 -71 -53 24 69 232 229 220 90 -121 -135 -216 -201 194 -24 49 -52 221 -41 197 -152 231 171 -34 22 -231 -185 100 -25 17 209 -84 21 33 -109 -136 236 -94 -213 99 -164 207 91 -8 -222 -202 -138 -141 -14 84 245 4 71 126 -19 45 41 222 16 131 80 54 -78 123 249 -46 -75 -76 227 -240 122 225 162 -176 -99 -245 89 83 -225 -130 -104 134 212 -96 10 -165 -79 3 13 -88 -244 141 -214 34 -3 -30 -63 20 -83 57 186 -154 237 -73 -97 -50 168 72 -9 -161 -117 195 -66 119 -148 -204 -91 -129 157 -67 241 -127 178 133 188 82 66 81 -182 151 132 75 -81 74 67 234 18 -199 -223 -49 -224 -209 -233 173 127 192 193 -90 163 -17 -142 -237 246 228 248 -7 2 -58 156 5 58 176 -93 177 -190 -57 219 -60 158 247 -51 -250 -32 -235 179 27 -205 -105 200 -200 46 114 -180 -186 50 117 1 203 37 -179 199 -122 -87 -196 239 -38 -55 -92 -103 -228 110 166 -110 96 -39 59 145 29 -210 -234 120 -54 136 -243 36 -23 185 -82 -160 -31 15 -69 -248 -61 -191 -10 -247 105 -153 -194 73 -35 -132 6 -239 -166 101 -193 -150 7 -184 -5 215 28 -118 181 -12 143 -177 -203 -86 0 -139 140 -106 -206 -114 -2 -170 167 -192 152 62 -20 -26 87 165 -155 63 55 230 -162 216 76 -43 113 159 198 -134 -227 233 9 85 116 148 183 -238 94 -120 -175 213 -151 -217 31 -221 -72 92 184 146 150 -102 242 -1 -171 61 -140 -159 243 196 -133 23 -62 56 -128 -45 174 -168 -198 -42 -144 -40 8 68 -146 38 -220 142 201 -188 -112 124 235 -77 -124 -125 129 111 53 175 -242 70 223 -249 -189 224 -241 -157 35 -163 -74 -226 19 -98 -80 214 -156 125 -208 -36 -85 244 -187 -65 -18 -181 -6 -145 107 118 52 -143 102 -28 -219 147 -169 -70 42 109 88 39 -137 190 -236 -116 -218 226 -56 77 98 -195 -44 11 -29 -229 -101 -107 64 25 161 -230 78 97 14 65 128 93 206 104 208 -131 -197 48 -126 -172 -48 -22 153 144 86 202 -89 -13 -64 79 12 170 240 210 -15 211 -215 112 169 -149 149 -68 172 40 -4 47 191 -232 238 -119 -37 106 -147 187 135 -173 60 44 205 130 -183 218 138 -113 164 -108 -11 -59 -115 -174 -16 -212 217 30 -167 103 -158 -21 32 43 160 -33 121 -111 -123 182 108 -27 95 26 155 115 51 139 -246 180 -178 189 204 -47 
TEST 35 ARG:-239 -137 -25 245 -12 131 14 33 -50 23 -104 -41 -89 43 -232 -129 -217 -10 -51 24 1 -11 109 -186 65 196 -59 -111 173 148 -67 28 -224 -19 216 102 -196 145 133 -5 -218 127 -49 -250 211 -29 -242 96 230 -189 177 -125 209 -161 -216 114 -127 -113 198 138 -58 -198 197 -146 180 -63 6 171 -167 75 -33 -150 -204 -229 -100 -143 -9 -160 -145 66 87 -98 42 7 -108 74 -235 128 -249 -177 77 -78 -34 44 -213 39 38 -237 168 50 -187 193 -122 -90 -30 135 -236 -86 186 -101 -130 165 -83 -225 134 19 31 -208 32 -72 -209 -8 187 202 119 -116 120 194 238 225 -45 140 -79 -21 -159 -95 212 -131 -201 81 -28 189 137 -105 55 207 -136 79 237 95 -190 -134 -244 73 123 2 214 47 -228 -68 59 240 103 -44 192 41 -126 161 143 76 56 218 191 -240 -238 108 -168 -151 -194 -54 -46 -117 110 -182 188 -154 70 217 170 -16 -66 25 -48 -212 111 -112 16 -171 181 144 -164 199 244 5 -178 63 -77 113 -181 85 -170 149 -52 -31 -123 -15 184 236 223 -166 159 -75 -138 -180 124 -14 94 -18 -80 -96 117 179 -23 27 126 215 -169 88 147 247 190 -124 118 -84 175 67 -174 69 -147 -53 142 121 -82 -60 -156 -121 -65 98 36 57 13 115 232 58 105 157 40 243 -135 20 -162 151 18 -99 -230 200 -222 -128 -73 -173 -69 -163 72 -142 -1 -195 -81 -175 15 -193 -176 129 -165 -55 -91 -87 -226 228 205 -197 12 49 -184 125 -243 153 -20 -57 -158 -192 0 -231 -144 -215 26 139 -219 -56 34 -188 169 54 -245 -32 -155 93 122 21 152 -207 183 -93 106 -172 107 8 226 -183 248 -97 -22 -2 -40 92 224 -6 239 112 -148 156 136 -199 80 51 71 30 -114 178 229 -107 89 -227 -206 233 242 101 64 45 90 -36 163 -246 -133 -233 176 164 35 -234 -119 -132 4 -103 -76 235 -26 -110 -200 182 -120 206 -205 100 162 62 -94 204 -24 -140 86 158 -211 -221 46 210 167 99 22 -92 -64 17 154 -42 185 221 -149 141 10 249 -153 -241 11 -47 -220 -203 -102 3 -214 -70 -191 195 234 174 246 -37 -179 241 -185 60 -202 -152 97 220 -106 -43 222 -210 146 84 -13 -71 37 48 201 -115 -27 104 213 130 -35 82 -61 9 -118 160 150 83 132 116 -62 155 68 -38 78 -85 52 53 219 227 -139 -39 166 -4 61 -248 -141 -17 -247 -109 -223 29 -74 208 91 -88 172 -3 203 -7 231 -157 
TEST 36 ARG:57 -34 -157 227 237 168 -91 103 195 145 208 230 150 159 244 155 -166 223 94 190 -130 -38 71 236 -78 -80 4 -131 -232 24 -97 116 232 -199 -181 -192 -2 -109 -218 -197 6 -72 -156 134 109 226 -122 41 -101 -225 -140 -29 92 117 63 7 178 -84 213 224 93 -27 -182 86 -159 56 235 15 -62 231 -213 -224 151 20 21 -163 -141 -207 -150 135 -49 -58 185 241 22 -145 79 152 -105 47 -158 -241 204 124 -246 -237 172 -204 106 39 -113 88 210 247 11 119 -121 198 81 -179 -148 -107 -120 83 202 64 163 166 -233 146 5 -211 -94 27 225 -119 188 -244 -161 212 246 219 -178 -67 89 -226 -177 125 199 -135 -69 -40 -188 -36 80 -202 -37 107 167 194 -25 -136 201 -106 170 43 -77 -79 -6 -146 -118 -187 23 -176 -11 129 10 248 74 171 59 50 191 -168 -85 -245 -45 -63 209 -220 -230 218 120 221 -96 108 -165 -12 -203 -75 220 -17 -8 -243 91 -81 -21 243 -129 -212 -48 -33 -249 -242 -50 -30 97 114 14 139 112 -1 53 -86 161 -82 162 -126 30 16 222 -167 -64 160 207 234 -180 216 -154 -175 -117 -110 132 -57 -132 60 205 214 -92 105 40 182 46 9 62 73 95 111 -52 -87 -127 121 -28 8 29 -193 200 249 186 -5 -151 -53 -56 25 -24 -144 78 44 174 -185 156 -124 136 142 -229 -9 -83 -221 65 61 -90 17 84 -100 115 -169 -194 165 197 -123 196 -239 -128 153 -206 55 -164 85 138 58 -215 -133 -209 -14 -195 -238 -108 149 -234 -138 -147 144 -200 -190 -66 1 -116 123 33 173 -115 154 48 -70 -59 215 -102 -65 133 -3 -114 -16 -219 140 -98 175 70 -196 217 176 -35 242 90 -171 -47 100 122 -61 76 32 0 233 -160 177 -222 -198 -216 87 228 -74 3 110 -26 -214 -46 -68 68 -51 203 192 -10 181 189 -41 147 54 -39 -20 -93 -205 -44 211 -170 193 51 -111 2 184 -89 -210 -125 180 77 66 137 157 101 -227 164 245 75 -183 -174 -73 183 -162 82 -228 -142 -103 35 -99 12 206 72 148 127 113 240 -42 -248 45 128 36 -55 -184 -134 49 -201 187 -191 -4 104 -208 96 -231 -23 141 -236 37 -31 -13 -173 -104 -43 118 52 -137 130 -240 -22 19 -172 -76 -143 -186 34 -189 -149 -223 -247 99 -60 -71 169 143 229 -155 42 -152 -32 239 102 -235 28 -153 -54 38 67 -18 26 31 -88 -250 -217 -15 238 98 131 -7 126 -19 158 -95 179 13 69 -139 18 -112 
TEST 37 ARG:-66 -147 -85 -193 -229 57 209 -214 213 19 -231 219 -213 92 -220 90 -20 63 -18 79 -103 -232 13 -215 -188 108 -249 -113 119 174 242 113 -123 -132 -89 210 -208 70 62 120 17 -71 121 29 152 -116 14 183 43 -124 -189 -182 -76 -171 221 184 71 166 244 -216 -7 162 -47 181 224 -136 -83 -109 -190 -130 -96 -166 45 -137 -203 -94 160 202 60 211 -169 -8 -14 188 -53 191 193 -218 -25 96 -192 200 248 -44 32 5 143 154 223 241 -127 222 216 95 -181 -152 -134 51 -58 -139 18 91 185 -86 197 35 -174 142 -21 198 -141 180 -225 -227 -153 131 64 9 -4 -114 23 -156 49 -131 -194 -43 -3 -234 135 -31 77 204 207 153 -202 -205 196 -57 -68 130 -191 -129 -142 7 93 -55 178 20 -37 -185 76 -158 106 -186 -236 231 58 -157 -51 245 103 236 -70 -98 -148 171 149 164 -52 -84 46 -60 4 226 -206 228 -27 -33 99 -160 15 -115 124 30 -145 -108 -67 33 249 214 25 190 -201 -200 -187 -250 -81 -121 -151 195 133 225 -224 -45 -26 151 -219 186 -180 6 8 187 61 -12 -88 -119 111 -146 157 -80 2 199 218 -117 232 115 139 138 155 -217 -150 -144 88 69 85 -13 -164 -197 -172 54 -32 -173 -138 107 243 -238 126 -9 28 205 -28 212 -56 -228 -72 -207 75 145 -143 12 -78 -29 167 -39 -62 39 150 -11 -74 117 -23 100 156 128 127 -195 -125 59 -59 -210 -16 -38 165 112 -126 -237 146 -222 -107 172 -211 36 -100 -50 -209 50 -161 -159 42 240 11 -34 125 -199 -92 -135 53 -40 98 234 -122 -175 -198 -41 -179 104 235 24 105 37 182 203 101 -75 -133 -149 227 122 -204 148 201 173 -17 84 -111 27 55 -48 74 21 -233 109 22 -97 -196 -154 -22 -49 140 56 73 41 -162 -246 194 -168 82 -212 -177 -170 -77 247 -1 -243 -93 170 220 161 136 -5 83 230 68 -120 -95 97 -87 169 48 -239 -178 158 -163 -248 144 159 31 179 -54 -247 -110 129 0 78 -235 -106 10 -112 189 81 67 137 86 134 66 -10 94 208 -242 89 114 -79 -167 -165 1 -46 -42 175 168 40 -105 -240 -30 38 -36 47 -69 -176 229 -65 -223 -64 -155 -91 177 237 246 -128 118 -15 -104 -63 141 3 206 -90 -245 -226 -183 72 102 -221 -6 87 -102 -24 -241 -73 -99 -244 116 163 -19 -184 34 44 52 110 215 217 -230 192 132 -2 -82 80 -35 -140 176 123 238 147 -101 16 -118 26 233 -61 239 65 
TEST 38 ARG:-47 49 -160 104 153 -118 131 -228 133 103 -17 -48 118 14 233 -122 140 -68 223 217 58 -184 -38 214 80 55 -211 237 -20 -218 -116 171 17 -78 -138 -196 -133 -74 -183 6 -153 117 -131 -247 59 185 89 -161 239 113 -49 -23 126 100 76 -24 -232 147 44 145 156 -1 -222 -99 206 127 107 -225 -83 -204 29 -109 138 40 143 -188 -226 -13 119 191 66 227 167 70 33 -167 229 184 -35 0 -29 -111 -70 -112 -205 52 108 -25 -164 25 91 -89 -195 -88 45 249 -129 -189 -115 -9 -103 -85 158 -12 236 141 -202 -75 235 146 -27 169 -197 101 -175 240 173 32 -241 177 99 189 -192 31 11 -149 -96 -97 186 78 84 187 -76 136 168 -121 -124 150 247 -233 -224 -55 116 224 -170 -26 166 106 183 39 -61 105 46 71 -152 164 -203 -190 -178 144 151 38 -142 -90 123 15 174 92 199 -52 242 -66 -238 -33 246 -101 197 -2 -65 219 -162 -73 37 -140 -166 28 -107 13 -92 -31 8 -146 -182 -216 68 -79 -72 -34 -136 4 -14 120 16 180 -54 130 -185 -108 20 -227 -120 -191 -7 135 -43 -10 -18 -91 -77 -214 195 22 115 36 -102 192 -176 81 -217 -56 -219 -159 -137 -229 9 201 -249 -16 -123 -15 188 -93 -110 64 34 -62 97 -209 161 -177 209 238 -173 82 -207 -63 -150 159 57 -42 -246 -53 -236 114 85 182 12 87 -239 -179 -87 -163 137 24 -130 42 216 -5 211 -100 232 196 -132 207 95 -181 10 170 -82 172 69 193 -194 -223 -117 -220 125 243 86 226 -127 -19 181 -126 -212 30 248 155 77 129 198 142 218 -234 54 -248 194 -69 -145 2 -155 67 112 -171 -169 -215 178 63 41 98 -114 -245 -201 -143 -165 163 212 -199 -151 -81 -58 -235 -94 26 51 -135 -22 18 65 132 -230 128 -106 102 -28 -3 56 -44 -21 19 27 -200 -105 162 122 -141 -11 5 90 -221 79 35 1 -208 234 -59 48 149 124 -250 -139 -128 121 88 204 152 -206 -45 47 160 -46 -104 -113 -37 -193 7 -243 -86 215 -80 73 -144 241 -180 -210 62 -157 245 228 23 231 203 244 -213 110 205 -39 -57 -198 -244 -30 -84 109 53 -64 200 220 -95 -32 -50 -186 111 165 -237 -158 96 -60 -156 60 72 43 75 225 -119 222 -71 93 202 -67 -154 -4 3 -36 94 139 -51 -168 157 61 -98 -187 50 213 -8 134 208 -125 -6 -41 154 230 74 -147 221 -174 -231 179 -40 -242 -134 210 190 83 148 175 176 21 -240 -172 -148 
TEST 39 ARG:35 196 -71 -193 32 29 -200 -78 -5 232 -220 53 102 34 74 92 109 -49 101 -184 183 -21 -228 108 -249 -51 59 10 -183 68 233 -167 11 97 -147 48 -213 79 -210 -120 -123 -146 230 189 4 192 86 -163 -125 167 -227 43 224 222 132 103 -199 150 -224 -186 240 -32 3 118 155 116 106 -162 -63 245 -110 -25 126 40 123 -65 210 -26 93 -198 -10 -187 100 227 247 231 76 20 158 -103 -86 -158 -114 -181 -161 -115 246 175 -151 -96 131 -218 19 91 -188 163 72 2 22 119 206 -89 -38 -81 38 205 179 47 -99 -35 36 65 -76 -226 77 -155 6 -85 146 -22 -138 124 -69 -238 -19 -28 12 187 -128 -157 -100 -246 -222 55 -33 -67 -37 202 1 -172 140 -83 212 142 113 195 -7 23 60 -98 -59 -205 208 66 111 41 -80 201 -56 -4 -212 -250 -111 239 -72 -84 -118 238 -29 -107 200 -42 -119 -171 -20 178 134 165 95 181 81 63 135 -211 -77 -8 -135 71 -141 87 -102 -109 -121 -214 243 -234 75 237 -244 -53 241 9 -112 5 -126 -64 80 31 235 -175 -233 133 -87 27 211 -50 161 107 24 -92 199 120 -140 225 129 152 236 164 39 15 117 -215 -149 217 -208 -27 70 -9 -73 -17 154 -229 -177 125 33 82 -209 157 -24 -225 -248 221 -154 -178 -150 -240 -95 172 -13 -174 -1 177 96 141 104 112 -206 -231 174 -75 194 -30 88 -179 64 -113 184 -62 -54 -70 218 14 242 -207 214 -31 -105 190 -153 -90 -131 -36 -133 171 99 -168 162 -204 -164 213 98 17 -55 -52 226 -216 203 -79 -16 180 -203 197 -91 -68 -196 49 -182 -14 -39 7 -245 176 -176 185 -143 -97 -195 -15 -60 149 -242 -237 -66 -243 62 37 121 -191 144 -127 220 -235 170 136 -134 -46 244 -194 -101 -3 -41 159 148 -136 -44 -139 -137 168 -34 209 137 42 94 -159 115 -94 138 69 -144 -132 -223 -180 145 -23 -74 -2 -148 16 30 -221 193 143 -6 130 219 -169 -185 89 105 -48 -57 54 67 198 166 -58 -108 -61 -45 -202 52 -197 44 -88 45 -170 -130 169 -47 128 -82 -124 -189 -43 -116 -117 215 -173 -201 51 173 28 58 -145 229 78 56 -12 90 182 46 -160 -156 156 153 25 -192 216 -40 -93 -166 18 8 -106 21 207 127 -219 122 -152 191 248 114 139 -11 84 234 147 -122 -232 -236 110 -190 50 13 85 -104 -230 -239 0 -247 186 -142 151 -165 228 -241 57 160 249 73 223 -217 26 61 188 -129 83 -18 204 
TEST 40 ARG:-135 171 247 77 40 -57 68 53 135 -86 -215 59 -236 -64 -98 -102 -84 137 164 152 -211 -6 -39 159 -58 32 -181 95 87 178 -174 -119 -80 210 237 -15 8 176 -89 191 232 -116 -33 197 -83 -242 205 71 49 54 110 -56 -153 55 -75 103 1 193 243 -117 28 195 -94 4 -212 -193 -147 81 125 168 -208 15 11 3 -207 -45 -109 228 186 156 233 -113 -60 134 -74 184 94 -14 76 -142 37 -244 -140 -20 244 -70 116 -30 7 -248 -87 74 155 -62 -66 241 56 218 183 2 -120 151 -128 -27 -205 122 -67 -159 -145 131 -169 -38 108 23 149 104 -22 -219 27 -228 -171 216 224 -95 235 -78 -246 35 -68 75 -79 106 223 154 119 -163 -69 -65 78 -249 -143 -195 174 -26 225 128 167 136 179 6 0 48 221 79 -31 70 -154 -7 -157 29 -125 112 41 -138 16 139 242 217 -100 -188 -136 203 162 -54 213 13 60 -10 132 50 206 145 -133 238 97 245 187 -127 -164 30 -209 -239 92 109 -99 47 61 -158 88 -155 72 -139 -76 196 -227 147 -234 170 -34 -48 -121 -243 24 73 -206 -238 -108 -131 -123 157 -168 231 212 -216 -192 52 -149 226 -90 140 -114 -91 166 -245 -179 57 -202 -170 -53 -44 208 248 -55 214 -241 215 -130 -25 -166 209 -161 -101 -2 -29 -12 142 -198 93 -61 22 -112 161 246 -3 14 -63 -232 240 120 194 -134 -47 -214 222 153 5 -13 -226 -88 -18 -152 85 -46 96 138 160 -165 219 -235 -220 19 220 -223 -4 192 229 -36 123 113 -72 -16 42 -194 146 91 207 46 -17 201 -9 -200 -42 107 -96 163 -184 -59 89 20 44 -218 200 -126 189 31 -103 -229 -196 100 -224 227 204 -186 117 -150 -52 -124 202 -50 -233 236 158 82 -183 -122 21 111 121 -203 9 -156 -92 -197 38 239 -151 99 -106 124 -118 -191 -49 -237 177 150 -21 -182 126 211 -204 180 98 -173 -129 -189 -144 -32 86 18 182 64 -77 188 165 -187 63 -210 36 -141 -115 -222 84 141 185 80 -8 45 114 -148 -5 173 -137 144 -250 130 -24 101 17 127 26 -11 -240 102 175 -180 65 -201 12 62 172 -132 -190 39 249 -213 169 -185 -23 198 10 -162 -73 234 -199 -177 -51 129 -37 -111 -41 -247 -104 34 133 -1 -221 51 199 -105 43 -97 148 -175 -28 -43 -176 -85 66 67 -146 -110 -230 -93 143 -82 115 90 190 69 -107 118 -40 -35 -167 83 25 -231 33 181 105 -71 58 -172 -19 -225 -217 -178 230 -81 -160 
TEST 41 ARG:-186 198 101 -236 15 31 -55 166 -217 69 -12 78 -119 -94 -19 89 -220 8 -68 -32 -154 -179 175 77 139 46 -145 133 -173 158 -128 -133 -57 -243 157 -66 -137 41 -195 172 -164 -143 51 -89 141 1 -33 237 -74 185 -129 82 -73 -233 170 -34 -76 -152 116 -241 37 202 -199 3 -25 -183 -193 -167 -213 -39 108 174 99 23 -96 -156 199 96 -231 132 215 7 -23 189 -221 -163 -59 95 -228 71 52 -64 -246 -18 -70 -7 -223 0 73 -153 -225 140 150 182 -204 9 -79 249 207 126 -121 -165 56 -194 -144 4 -132 -244 -212 -91 -171 -234 -169 118 5 -250 50 -80 -115 -150 72 -97 86 -159 152 -146 147 136 112 231 165 247 244 -135 -249 -222 -134 102 88 -45 246 230 161 -44 -52 -31 134 83 19 219 248 243 -100 -65 -139 -176 -28 -184 -155 216 18 131 171 -226 203 -51 191 -42 75 -105 -98 178 227 -27 205 -123 -48 85 -15 -127 -5 120 164 -17 10 40 193 87 -245 -46 64 44 -180 -126 -110 38 -196 -148 148 -125 -8 34 210 -103 -216 -93 -43 100 190 128 -40 -192 6 224 42 90 204 74 223 -162 -37 200 27 184 206 -224 13 245 -140 214 -87 -178 145 -71 33 -208 241 240 -182 142 -113 -118 11 -2 -60 -174 53 -58 -117 55 94 22 122 154 111 -56 12 169 -50 -138 -83 76 -102 228 221 -238 43 233 -229 109 226 106 -107 181 -86 -170 -109 -147 195 -84 -239 -141 -61 36 26 -160 -207 194 155 -227 167 98 -201 -36 -130 105 63 -168 79 113 168 -142 -22 -114 35 114 59 91 119 212 60 209 54 213 -88 -24 -41 -120 -20 -177 163 220 -218 103 -235 135 201 -77 -240 217 -215 -247 137 -205 97 218 -16 125 -136 66 -69 45 30 187 -209 129 -219 -248 48 -202 151 124 -13 67 -53 -35 232 29 234 -67 188 -95 -29 -242 115 17 -85 143 -101 156 -188 186 -47 -49 -131 -181 -111 180 -1 -63 21 197 62 107 225 130 -78 -90 -92 -11 222 -82 65 117 68 93 -198 -3 39 121 -187 28 -99 -21 -62 -9 144 2 -81 162 -149 57 -214 92 47 -190 211 -175 -54 160 58 -72 -161 -191 -116 -206 -230 192 208 -4 -26 -237 196 -211 -151 -10 -75 -166 25 -172 235 159 -14 146 153 -30 149 -203 -122 16 -104 179 14 173 -210 127 229 138 123 176 239 236 -232 110 32 -189 -108 81 -197 183 104 20 238 -112 49 -185 24 177 242 -106 84 -38 -124 61 80 -158 -200 -157 -6 70 
TEST 42 ARG:10 -33 -127 27 -96 -230 40 -58 -52 249 -163 -122 -16 233 45 -157 -231 0 -185 137 -165 2 18 -88 66 52 59 -71 160 -153 -155 216 202 90 -111 -171 157 239 141 -91 93 109 71 92 -243 -74 210 69 226 171 -7 156 -97 190 67 161 -130 204 134 -50 64 145 120 78 -219 -76 -109 112 16 168 -36 -182 -25 4 165 -240 126 -119 -44 -64 155 193 -123 -248 -99 32 119 185 -158 -187 -30 -70 -6 194 -249 -137 123 65 -133 -151 62 68 174 -184 -61 -104 135 199 -100 -246 -178 181 -202 148 -206 47 247 86 -113 221 -42 244 79 -172 169 -167 -233 -92 -8 -12 -49 -220 217 -181 117 28 63 -197 -1 -198 49 -145 183 -9 57 -117 6 105 56 5 -63 -154 -39 -46 188 218 143 -98 -217 114 -68 -112 -196 -229 228 -69 147 136 -205 -47 186 164 -236 231 85 -242 -95 101 -90 140 -188 -142 -136 -14 87 20 12 9 33 -108 -28 22 36 75 -149 180 94 227 -10 -139 -162 13 23 -85 -245 25 150 -209 127 34 -40 138 -13 -176 -169 -20 -213 -2 -146 -225 31 -81 -75 -32 104 -38 -31 -17 -170 222 131 82 -214 -218 44 -186 97 139 -82 41 -24 -159 88 -192 200 -140 -204 84 201 142 153 184 -125 -45 91 -228 39 -19 -212 58 176 89 -128 240 -164 83 107 192 -87 -79 19 -115 245 229 -57 230 182 -86 96 53 -43 158 102 189 -203 187 113 238 7 -121 163 179 -73 -175 -143 124 80 -51 246 -191 -150 213 -126 214 15 -138 -114 73 151 -200 -226 -53 -94 -107 -193 206 -116 -23 248 -144 -208 235 -59 -244 100 -147 1 81 -166 51 -232 103 -56 -199 -216 208 125 -134 196 -37 8 -129 -207 130 197 149 -93 -105 191 162 11 177 -223 72 -194 26 95 132 232 -110 -34 -55 212 220 43 -5 -222 167 -183 -89 108 -152 98 -238 -27 29 77 236 111 3 -210 154 -48 74 -15 50 172 -179 -4 110 146 -84 -11 -21 24 -239 152 -54 99 -148 -215 70 -211 -174 -72 224 121 203 -168 -161 -160 215 60 -80 -221 76 170 116 237 219 -224 207 54 -131 -22 166 -227 173 -124 225 -29 -250 -60 205 209 38 -190 195 -177 -135 198 -78 -201 241 234 37 144 -65 -106 21 -35 133 106 -102 -189 159 -62 -173 -103 -67 -120 -26 46 30 -132 118 178 -237 48 -235 -234 61 122 -247 17 -77 115 -66 -241 -101 129 -141 -83 243 -3 -156 223 211 -18 128 55 -41 -118 -180 35 175 14 42 -195 242 
TEST 43 ARG:-33 7 10 -226 -190 -173 -163 -215 123 -91 44 -148 189 -98 158 -188 -31 -241 175 139 87 39 211 -135 19 -210 178 -141 116 -147 -201 -212 -66 -87 196 179 -47 -79 64 198 148 -144 62 -2 238 -230 -137 -136 -55 124 121 -101 -59 -12 -164 191 8 -72 -50 -78 171 231 167 154 53 -214 108 -152 -61 -245 228 125 176 -238 -166 61 119 -179 81 99 45 168 -88 164 -187 201 -44 197 104 -240 83 208 -1 -68 145 -225 -103 80 -106 -110 209 141 -122 22 73 140 69 109 162 12 190 182 -161 -205 230 106 29 -168 -74 -236 18 -22 -119 -193 92 -180 165 151 223 76 239 146 216 166 -131 103 -154 -228 31 51 229 137 112 24 -19 74 -233 143 -140 160 -34 37 -109 -89 -76 94 133 -57 30 159 -208 -41 169 -51 -58 -143 79 43 41 71 184 157 88 25 -23 -4 -75 129 57 136 50 -139 89 241 32 36 -126 138 -246 142 -85 -111 224 226 217 -198 117 95 185 107 220 -81 183 -248 213 -145 -200 91 210 180 66 -184 173 -192 60 118 -39 -216 -160 5 -83 -97 47 -162 13 -156 -186 181 233 203 -9 -77 96 -49 177 -45 -229 -121 194 35 -52 -235 -92 111 75 -197 -155 -165 128 -221 219 -146 63 -172 -114 149 -90 -20 27 170 -93 68 -86 174 -10 34 242 236 135 -196 -11 -56 -239 -18 23 152 153 187 -150 33 -211 214 6 122 -128 246 -237 -36 192 -32 248 -183 -125 -244 -116 -178 204 221 42 156 -204 26 -249 225 49 -28 -231 78 14 -35 77 -21 199 249 -129 -242 -175 -7 -177 3 155 -124 243 -134 -16 -176 86 -153 -6 40 -132 -107 161 -158 -112 200 -207 -195 -69 -64 202 -54 -227 212 -13 -151 -157 -191 235 237 -15 9 4 114 132 -99 -202 193 -25 -170 105 -108 54 120 -123 -53 -42 -117 -63 -189 240 -247 -250 -27 85 -38 -70 84 101 163 97 93 -203 2 -3 -67 245 126 115 0 -84 -232 -71 -17 -43 144 234 218 -167 -96 -185 -115 -29 15 186 247 17 -80 150 -120 -94 -95 131 195 48 -8 -199 -206 56 -234 206 98 -102 -194 -220 16 -209 188 -243 -26 -48 -222 -169 130 20 -65 -149 55 -133 -104 215 -62 227 -37 -118 244 90 -171 -24 110 -224 127 100 -127 -46 -5 -174 52 58 21 207 147 1 -181 102 28 222 -60 -159 -213 -100 72 -82 205 -219 -30 65 70 -14 -113 -105 232 -182 134 -142 -138 113 46 11 -217 82 -218 -130 59 172 67 -73 -40 38 -223 
TEST 44 ARG:-163 -172 74 98 85 -58 38 210 117 33 -127 192 -208 130 89 -37 92 -133 -159 -35 -113 -249 -200 -168 -31 -13 7 6 -161 -222 173 101 -100 175 -215 -136 103 53 -74 -95 -231 208 94 165 -143 204 167 227 -5 239 57 -229 65 78 129 168 -8 -216 187 -82 -102 109 110 80 231 14 245 -179 -25 125 160 -34 198 122 194 201 -171 -60 242 185 10 79 -198 150 -233 -85 247 214 -44 -135 59 5 -206 24 51 -250 -151 -177 -94 -245 -41 -43 70 171 -64 -153 126 -40 155 -70 191 -116 -114 -137 -89 -160 170 -174 -63 234 -91 -4 15 -170 112 133 37 -22 -140 -75 -205 -131 -247 -129 3 -68 207 -16 172 45 197 153 152 40 18 128 86 -139 228 230 136 -87 144 226 157 32 -93 -24 -52 -115 -77 -226 -7 199 123 193 -155 224 113 -164 -166 213 -11 240 -156 -213 -71 41 71 58 145 84 235 135 147 -178 169 -125 -59 -15 22 179 -246 -117 77 -128 17 166 -124 219 50 -80 91 -42 156 -86 -185 243 72 -90 21 162 -223 -210 148 -141 190 -244 -204 121 143 -97 -248 -157 181 43 102 -181 -150 -107 16 -105 120 -54 -50 114 28 -76 -207 -49 -96 34 -142 222 -84 236 229 -36 158 75 -69 232 138 -217 93 49 -234 73 63 106 161 44 13 67 -79 -53 -240 -26 183 -23 -29 111 -122 188 97 -27 39 -152 -235 105 -1 -99 -175 -33 -81 31 -88 95 8 159 -55 -230 -243 9 -194 82 246 196 131 4 23 137 1 -225 -104 -182 217 35 132 -202 215 -193 -214 54 61 -48 -180 -173 -130 -20 -145 56 -46 -221 200 116 -118 -219 -38 149 76 -158 -162 19 -224 216 -14 36 90 146 -241 209 -51 223 -134 248 -154 140 -209 174 -30 -236 233 -65 177 -119 134 -19 60 225 -203 -149 212 -108 151 -228 182 176 164 142 -98 249 -167 42 -45 -72 -110 12 186 221 -211 -111 20 237 -18 -21 -67 25 69 -101 68 124 -9 -195 81 -239 11 118 238 211 -191 66 220 139 -106 87 163 -183 203 -199 -138 -227 -144 -61 206 -92 -10 -132 -220 -146 202 -12 -126 62 -2 -237 -28 -121 26 244 -169 241 -47 127 -186 -176 0 2 47 -188 119 83 48 -103 108 205 154 -148 -6 -56 184 -232 -109 -242 107 -147 104 141 -66 88 55 -197 -57 96 189 100 -3 180 -218 52 218 30 -184 99 -39 178 -192 -212 29 -201 27 -73 115 -187 64 46 -112 -190 -165 -78 -196 -123 -32 -238 -189 -120 -17 -83 195 -62 
TEST 45 ARG:-184 -168 -197 -47 -186 -179 -155 -208 180 -246 39 -85 -222 -200 -202 45 -63 -23 -60 23 175 -122 247 -74 74 86 209 -48 -73 222 -112 -113 234 2 236 -65 29 77 -229 246 -177 132 -117 205 -145 164 220 -135 137 -158 206 216 117 196 227 104 155 173 -142 22 -143 240 233 75 56 -103 15 -101 165 -195 -13 -174 135 194 -236 -204 162 -146 -144 -49 30 119 -169 -125 8 213 -165 125 -35 -188 -12 -230 -240 -198 105 -219 55 -201 3 -98 195 -149 -226 -235 82 -190 0 53 -171 106 134 -26 179 -170 12 -138 244 -136 -86 5 -18 -100 -56 168 171 -42 -234 -209 64 -92 59 -212 -45 -44 6 185 -114 103 -87 -164 -15 238 237 -59 -187 -140 -123 146 -34 218 214 18 -90 -119 248 -53 -128 7 -231 138 26 -116 230 -207 -161 110 122 -199 -19 -124 186 226 73 -80 60 -8 142 116 102 -109 -151 -22 -76 -99 -105 -110 124 199 182 52 245 -206 -10 -17 -243 -5 156 97 37 44 -214 -70 33 72 -30 174 208 109 24 38 96 131 94 43 -203 100 -111 217 -245 51 28 -172 -239 -91 -120 189 -108 228 -36 -221 -134 -215 149 -66 -38 88 -55 -4 225 118 -61 -148 -150 -37 -50 -132 -14 -88 -107 -238 139 40 -242 -6 184 -127 -163 63 80 -32 112 67 242 212 -133 232 -20 19 -71 16 178 -118 101 -250 -78 -96 -157 -147 -241 192 243 163 203 -182 -247 41 87 183 -104 -28 -137 161 144 69 143 -33 93 -93 46 -77 79 25 130 148 -232 172 128 -225 190 157 188 58 -224 -89 153 159 -131 -115 1 193 -196 239 123 68 27 91 166 -248 92 -160 126 -82 129 57 -141 -227 197 219 210 -223 -24 -21 -162 -193 54 -130 -166 -183 85 21 202 4 145 -95 223 48 -39 83 -210 177 -175 -62 62 -152 -11 -192 150 98 147 204 36 -41 -153 -29 -16 201 -68 136 -58 99 9 -40 32 -244 -27 241 141 -220 -129 249 -67 215 -189 140 -228 90 -180 160 224 113 -83 -185 -3 42 84 -72 231 -9 -31 152 -173 -102 207 -7 89 -159 121 -167 221 70 66 -25 -52 108 -211 -181 -216 -233 81 187 -75 167 200 65 14 -2 -191 17 71 158 13 -97 11 198 -121 154 -218 -54 47 78 169 -249 176 -194 133 20 -139 -69 49 61 -46 -51 -156 10 107 115 -154 -79 151 50 -43 -106 -213 34 211 111 -217 95 -64 35 114 -1 -178 170 -237 235 127 -57 229 -126 -81 -176 31 191 -84 76 120 -205 -94 181 
TEST 46 ARG:-191 1 37 -35 -53 166 161 38 -17 60 86 201 -44 -225 3 -86 173 -125 89 -151 -249 22 -107 122 241 163 96 -134 -156 84 -162 -152 150 137 -117 51 174 -127 -200 80 -108 -175 88 -241 131 -34 121 31 -63 171 184 54 238 -81 -43 -69 195 -182 248 19 185 124 -54 149 -142 -15 175 -240 -97 -39 -85 148 -123 -31 90 47 205 117 234 216 -24 91 235 -62 8 104 -250 193 -236 21 -201 59 -47 -211 30 179 231 107 -224 -135 32 -55 -90 -213 -231 76 177 -82 93 79 17 189 5 -196 82 -29 43 63 -184 -115 145 -132 126 -166 217 244 245 7 68 109 -36 192 -141 214 39 -50 -38 -244 -180 -89 164 -103 20 -133 -92 211 4 -66 -26 230 97 167 -218 -40 199 221 -205 113 -150 -48 -88 -76 70 -219 176 2 168 -12 -203 -45 -164 237 15 -72 -220 27 181 -4 110 65 128 -37 -16 194 127 0 210 -234 160 -112 -233 -163 -106 -137 240 220 -238 23 -49 -136 -212 48 -57 -197 13 108 -83 144 229 204 11 -129 -41 -105 -28 -154 212 183 -181 -144 227 -195 228 112 99 24 -80 77 -116 -168 -10 -173 -187 -101 146 116 -131 -94 -204 -104 172 -189 203 78 -110 134 101 -226 -239 87 -20 140 55 142 103 -176 -121 -216 114 -194 42 -161 -208 50 -109 -209 -128 49 -149 -193 236 -61 -56 -179 75 -153 29 -246 120 202 246 -245 -6 -147 -100 -13 -206 -223 -139 154 -19 -25 -202 67 -5 -221 190 200 -138 83 -165 62 -243 -60 -222 -99 -52 213 12 169 119 -185 -217 -148 58 233 151 125 -214 -33 130 243 -7 95 106 40 -207 115 -170 56 152 222 10 -171 196 215 -228 -247 -65 147 -192 -8 -126 -159 242 -190 66 218 188 74 -157 178 -177 -11 -178 -3 92 73 -71 72 157 206 187 111 -237 -2 -199 36 71 100 138 -119 -118 85 225 155 64 53 -74 98 136 182 -14 -30 -242 165 -98 -78 -64 -114 -46 153 -188 -124 141 -232 -169 -229 -143 -113 197 -18 219 170 209 118 34 -120 102 14 18 226 162 -87 -146 156 -59 223 -155 129 132 46 -68 133 -122 44 16 159 191 208 105 81 -32 -230 -77 -186 143 -42 -22 -210 123 -130 186 -145 35 45 -23 -75 139 -21 249 -27 -172 180 -91 -183 -160 224 -96 -58 -235 9 207 25 -198 -174 26 -95 -1 -79 69 57 -215 -227 28 198 -51 41 -70 6 -102 -158 52 -140 239 -67 -248 135 -84 61 247 -111 94 232 -73 -9 -167 158 -93 33 
TEST 47 ARG:32 247 -247 228 -19 74 -34 -242 -77 21 -191 -177 157 150 238 -89 -41 -188 -83 128 133 176 -222 232 212 30 119 -67 -152 -120 -88 -63 92 58 -114 181 -96 18 -23 10 64 230 -21 -221 -71 -27 -211 -62 -166 -233 67 -227 -20 -213 86 -30 0 122 -168 38 -226 -250 -208 229 -190 221 -155 96 28 -246 130 143 153 11 -39 -94 16 -128 24 91 -140 172 -209 -80 -195 -175 51 138 -142 -199 -123 117 -2 -106 213 -130 -159 1 165 47 -189 -193 -169 -181 -210 -148 -178 -132 205 -230 -112 209 50 5 215 -156 -113 20 6 -121 110 225 -73 249 111 93 146 218 116 173 204 55 154 -46 19 -117 -110 -237 62 241 -225 25 76 71 207 35 37 123 -161 -57 73 -26 148 -145 -60 142 -134 -103 -129 3 -244 -10 -223 -239 155 2 42 -150 115 -216 -162 -153 78 108 -207 107 -149 151 -249 201 106 -87 -200 -35 -52 -28 -144 -220 220 118 48 236 -75 94 -108 -232 -104 -131 223 -154 182 69 203 -91 113 177 13 145 216 -22 -45 -238 75 9 -198 164 22 -81 167 -93 26 -138 226 211 -234 40 -187 -118 -179 84 -66 -68 244 -236 -184 237 -115 168 -228 99 135 -13 -157 190 -61 -185 -82 -186 -160 79 -212 219 170 98 -215 -37 -99 243 152 -16 240 -24 -50 12 15 -95 57 185 139 -241 90 36 -84 -111 161 43 246 120 56 227 -14 -55 158 70 -109 89 102 -245 188 14 44 52 -158 198 166 202 -202 224 112 81 200 -33 174 -85 54 17 -248 61 178 149 39 -54 -205 -98 -65 140 88 -6 -32 -240 -7 131 126 222 -69 -79 -42 184 156 -214 189 27 68 -29 -196 -44 -224 -141 -124 -100 -53 72 -139 208 -137 33 -167 31 97 -72 195 -219 109 49 179 -59 159 -116 -180 196 -201 -49 4 -47 -43 137 66 82 187 59 191 -56 214 162 129 -172 180 234 41 192 248 -36 23 -165 -58 -192 -231 147 -206 -8 171 83 -102 210 245 -40 -171 183 -127 -18 -122 87 -182 -183 163 114 -176 -243 134 -5 160 193 233 8 127 -90 29 -203 -92 -204 -170 -105 -25 95 124 175 125 101 -38 -78 141 34 121 -125 -163 80 231 63 85 197 -17 -217 -76 -136 -4 -48 103 186 144 217 -9 -174 -135 -11 -197 -133 100 -3 -51 194 -107 -97 -218 235 -126 -194 -147 206 -64 -173 -31 -164 -235 53 -229 -151 -1 45 -15 136 132 104 -143 239 65 -101 199 77 105 60 -70 -86 7 169 -146 -119 46 -12 -74 242 
TEST 48 ARG:66 -191 -72 7 114 -20 226 -87 237 -9 -101 -86 243 86 -244 -207 -113 -178 -198 205 78 174 246 74 -135 -239 -35 -109 111 228 24 203 192 -208 -58 108 -217 26 -53 106 12 172 178 -196 -157 157 -199 -115 218 164 -132 -56 -202 17 147 57 67 28 -176 -183 -78 22 30 58 193 -141 223 -163 230 -16 -59 14 -197 -40 -41 219 234 -25 232 103 160 -139 140 48 -82 165 -122 -165 -38 56 91 135 141 238 -31 -167 -46 -230 179 72 -121 -129 87 37 -54 176 -2 -166 -63 144 -125 183 212 62 159 85 -32 -26 47 -73 224 242 -248 -146 -144 166 82 142 -130 -193 41 -214 -218 132 -151 -128 128 -153 -238 151 -134 13 -45 -48 -172 -138 -155 -233 -194 53 210 27 -180 139 -242 186 99 122 39 -8 -19 -17 -85 38 31 109 -93 -7 -50 -27 138 245 -100 21 50 199 -67 104 -240 182 61 25 96 2 -29 -106 -34 -76 231 136 194 49 -66 -126 227 173 102 116 32 129 -181 220 216 92 -158 -11 -173 177 -133 -119 113 -147 121 -30 -69 -4 115 97 -221 77 146 150 -79 -232 46 156 51 168 208 170 214 29 -75 -111 45 95 -65 44 81 -131 -136 162 126 105 -174 215 235 -206 244 175 -247 84 -39 171 -190 -140 -236 -47 -99 71 69 -68 118 80 119 152 36 -94 42 -201 98 -84 -224 -137 70 248 -62 59 240 -182 100 -95 -3 -192 180 -204 197 -215 -223 -209 -36 -33 -234 65 -235 236 -169 202 -124 35 -222 206 -14 -170 83 -49 191 -243 19 -83 -97 211 143 55 -103 167 40 68 -23 -160 90 225 117 -231 60 -162 -220 -179 -227 -175 233 -18 -186 158 -120 -74 -188 -13 -203 18 11 93 -81 34 -168 16 190 222 -127 217 187 -102 33 -92 -249 -21 -212 133 -116 -145 241 -88 -24 3 169 198 89 88 181 -228 155 75 -108 -15 -6 -195 -187 52 -246 -143 -225 107 -77 -148 -226 -43 -90 -91 185 148 -1 -60 123 229 -114 196 -149 110 -61 -37 239 221 8 -150 184 -161 -210 54 -64 130 -70 -80 -22 189 -211 76 63 125 127 -159 94 204 249 -250 -117 207 -98 195 101 43 -237 -42 -12 5 209 -44 -171 -52 9 20 0 -216 73 -123 -200 124 213 -105 -229 161 -156 -51 -118 -245 1 -184 64 -10 6 4 120 10 149 -164 -213 -55 -177 -205 112 -57 -107 -104 -28 -5 -241 145 -71 -142 79 -152 163 -154 -185 -112 23 -189 -96 15 -110 134 -219 153 200 154 201 188 247 -89 131 137 
TEST 49 ARG:35 143 -50 112 209 103 45 -69 137 152 -222 91 -248 -159 98 -51 190 -72 -104 217 114 -79 219 141 136 111 54 -216 -219 158 -166 139 -59 -95 247 -84 69 155 -208 7 9 -164 -232 -56 -179 -11 19 -83 -138 -157 151 -89 -200 -73 198 -139 173 -198 -20 184 -133 202 -239 90 88 29 -243 -24 -152 -174 -26 165 -25 -191 -29 -55 192 199 -227 -214 51 16 66 225 224 -175 162 237 61 -119 -137 174 -49 -250 131 20 56 123 163 -206 -109 32 204 -115 216 78 -148 -42 -210 -163 -91 160 133 73 -242 1 238 118 33 -76 156 -33 -204 104 234 65 -161 159 236 -48 46 -15 -63 14 -228 -221 83 60 -22 -57 -17 -177 107 102 -147 128 -240 109 -30 -235 241 161 -234 -224 -44 95 100 11 175 -74 -187 188 210 129 205 31 178 41 50 -9 -110 -171 235 245 218 -107 -99 101 80 15 0 -97 203 -10 -93 105 -94 -39 -189 13 85 -173 -60 -98 -53 -114 212 -58 108 21 -85 -169 -245 168 120 244 -195 -136 63 -4 -153 113 193 47 28 228 230 -46 49 145 -112 -47 2 -16 -1 58 213 48 169 -172 215 -100 124 -181 -41 -27 -80 179 115 -160 -82 -90 93 -34 -244 167 181 220 183 -141 -209 43 6 -156 127 -162 187 -64 140 -67 84 135 -127 226 18 -101 10 -108 239 -18 -52 -203 -135 30 195 89 177 232 82 -62 -106 117 -131 -132 -237 -165 71 36 -66 -28 154 -40 -8 34 -231 -78 -167 171 132 -249 -226 142 59 79 134 246 44 -140 172 -35 153 -36 94 147 -155 -125 70 -233 -13 146 240 23 223 -151 -61 -182 67 -31 -183 4 26 130 208 227 126 -21 -154 138 229 -185 191 -247 -96 -123 52 24 5 176 -196 150 -193 -32 -75 -88 -144 -45 -130 -111 -134 197 -126 233 -116 -229 76 149 194 -142 -199 -122 -180 -43 242 189 -37 -3 -129 -168 -218 -184 -121 74 221 53 122 121 3 -186 -207 182 -213 40 -223 -236 -81 -113 57 116 97 -150 170 -102 157 185 -212 55 27 207 -205 125 96 68 -170 -71 -14 38 -246 -38 -197 99 62 -211 72 -19 39 -5 81 22 -149 -103 196 -128 214 -92 222 -117 77 110 -7 -70 166 -118 -201 17 -220 -23 106 -77 164 25 -225 -65 -217 -143 -145 -86 -54 8 -230 243 -68 -158 -120 -192 -215 37 180 -194 200 -87 119 87 144 -146 86 -190 206 231 12 64 75 -124 -238 249 211 186 -241 248 -2 -202 201 92 -188 -178 -176 42 -105 -6 148 -12 
TEST 50 ARG:-91 -22 29 -14 199 91 -215 3 25 -243 149 -41 -218 -38 28 -5 -73 -137 -249 17 -75 -164 73 -224 220 -95 5 123 206 -30 -34 183 202 114 103 -117 236 33 113 -191 45 208 211 -159 -143 -116 107 -138 -131 -228 -182 -234 -238 -229 -214 110 102 115 230 69 116 -39 182 -162 -81 -187 189 249 173 -140 -203 179 -209 -17 99 -65 121 185 157 198 40 -76 133 -226 -97 80 152 53 -11 43 247 12 -225 65 166 51 215 -153 48 -193 165 87 -19 71 11 -4 -96 20 -118 241 119 -158 -152 -6 -125 -31 -109 138 36 231 -136 132 -242 -42 -85 -66 178 -161 112 -148 194 -103 -120 66 129 -176 104 57 -206 -18 -189 124 -174 -83 -20 196 122 167 242 160 243 -82 -147 -197 9 -106 27 101 108 142 212 -199 63 -26 -169 -177 59 -207 225 158 -248 -61 130 159 -8 -168 172 169 -230 68 193 -239 -157 -72 41 88 -183 -204 192 -246 214 -196 94 -3 201 -27 54 -51 219 156 -70 -211 34 35 120 -178 177 -245 -32 -188 -179 -60 -80 -133 -202 105 -150 61 -210 44 -114 85 171 -223 -108 -236 13 -84 -166 15 50 141 82 -7 -99 -233 217 -155 -78 -141 -167 218 -173 -92 -198 -59 233 -55 -244 -58 136 144 170 -64 -160 -142 47 72 -74 -129 10 -145 49 -45 -33 24 153 246 -89 -77 -139 245 30 -190 126 -213 -212 200 188 134 38 -49 -115 31 74 -67 -247 -71 162 -205 197 145 174 216 248 237 232 229 -102 203 -227 -100 95 195 -121 118 1 -130 -237 19 -241 -220 -107 52 154 -13 97 64 -36 -134 -113 234 191 -9 -29 96 -221 -90 -232 -94 -63 155 77 204 235 -10 209 -56 -37 125 -62 -181 7 140 -48 -175 -53 -123 -88 60 -16 21 244 8 -216 -195 -93 117 89 83 -180 161 -46 -132 -28 175 163 -2 109 -151 -68 76 -146 128 -194 111 228 240 -44 84 135 -98 -156 184 -217 26 190 2 78 205 176 46 67 37 210 226 62 180 -163 239 -79 181 98 213 207 -24 39 -185 -170 -222 -219 -201 16 187 147 -43 -184 137 0 -240 23 4 -1 106 -112 -47 90 -35 6 -23 127 238 -126 56 -172 32 -186 -231 -101 -57 -127 86 55 -69 -12 93 81 150 -192 148 -25 227 -40 -105 -171 22 143 -235 -135 42 224 58 -104 222 70 139 -110 -15 14 -200 100 -124 -154 -122 75 146 -86 18 186 -149 -111 -52 -119 131 223 -208 -250 79 -144 92 -21 164 168 151 221 -87 -165 -50 -54 -128 
TEST 51 ARG:-96 -139 203 194 -159 186 110 211 -210 -49 244 212 7 104 -170 -21 -197 -198 58 -132 17 148 153 -199 -140 -71 246 -151 -90 -99 -202 137 87 230 213 -79 204 2 -146 120 -164 -78 23 180 -65 -213 15 157 228 -124 207 -158 4 239 -89 231 -41 -108 56 -183 -15 37 -182 -98 -129 -122 195 -105 -247 173 21 -3 -92 83 208 -66 -8 -67 188 68 46 102 -109 59 125 229 -85 206 69 133 164 -237 -153 236 50 223 200 115 -221 169 -126 -172 -83 35 -138 -241 218 126 -203 -77 -178 -103 92 -55 237 65 107 -156 232 118 67 149 193 49 -18 226 -40 219 22 -224 66 -169 138 174 -184 -127 -208 -230 -246 84 -120 -37 100 182 -231 62 86 -50 -26 -68 216 117 189 41 -130 176 -104 -148 -46 -11 93 -215 160 44 210 165 77 196 29 -30 197 -149 -16 -152 -48 -56 27 -74 -175 178 -51 109 -229 -110 111 -91 -220 -225 150 248 227 55 -222 -2 71 -34 -24 81 -154 -35 121 -201 116 -81 238 -88 -106 -226 -52 -97 235 130 -200 -193 224 155 70 191 143 95 225 -119 217 -238 249 8 201 -195 103 82 192 -142 96 -93 43 -125 -17 -62 -22 -206 18 -216 -166 -118 -116 -19 -58 24 -235 131 -180 10 -207 78 -59 -95 -135 -42 -174 -87 5 -111 240 -69 -27 11 242 -163 -209 205 154 98 89 233 1 -7 -29 -100 -205 97 -177 -171 -1 187 64 123 36 -179 -36 -57 -185 -192 85 139 179 222 -223 -39 -123 -243 -190 241 -20 127 -249 30 -54 177 128 9 135 -155 -217 -31 215 53 113 -72 -9 105 106 94 31 -228 -28 -161 -143 -114 16 -196 136 -234 -141 -242 -6 147 -145 -250 190 -165 -239 88 -233 -137 63 80 -102 -157 134 39 -189 -173 -150 32 -10 209 99 -13 -176 -191 181 159 72 221 34 74 166 38 -212 40 -80 -162 47 158 -188 -248 108 -14 -43 144 -73 -214 -115 19 132 6 -136 -64 -23 124 -84 -86 145 114 91 -244 -60 -128 183 152 -5 -47 172 -194 -133 140 42 61 -218 -147 -94 -211 -101 175 -187 -240 185 -168 198 -117 234 -232 45 -112 214 146 54 57 -63 -186 -75 -227 162 48 122 25 -38 151 -70 -25 13 220 -134 3 170 -4 26 129 -236 -53 -44 141 112 60 28 -12 -181 -76 90 -204 12 119 156 75 -61 -107 -245 -45 199 161 33 -33 142 73 167 20 171 -219 0 -167 -82 247 52 79 184 101 243 -144 -131 76 -160 -113 202 51 168 163 14 245 -32 -121 
TEST 52 ARG:-69 -7 168 117 77 -219 -177 -46 -247 72 -211 -207 -234 -27 -171 -150 -140 -144 176 111 -132 88 -21 -190 -176 -87 -5 -159 229 177 200 120 225 41 -109 -148 -23 37 39 99 223 -141 -26 130 -82 52 110 151 -79 -95 194 199 -81 -205 76 -135 -187 -208 -30 -42 144 205 -22 -47 155 -105 86 -136 -227 138 236 201 237 56 -194 -216 -229 220 -71 163 -24 -203 231 50 116 1 79 -97 68 -62 233 -191 160 131 -67 -119 128 -209 146 -222 23 48 161 -40 -58 -198 -248 60 134 129 -86 191 149 207 208 -25 154 -192 83 27 -149 -14 -38 114 2 24 -76 46 -114 192 147 -33 17 126 198 -55 157 173 59 -129 -57 -1 -60 108 127 -107 -225 -155 -64 26 215 175 226 80 -188 -239 -29 -147 -94 182 -154 -214 16 -124 66 188 -63 -249 -200 35 19 159 -220 21 -4 32 -128 240 -78 -242 92 -201 81 -77 -179 -246 195 242 -49 -34 181 -178 -39 -36 141 189 -181 -139 139 -101 -80 -153 202 30 213 -54 58 67 125 -74 -218 245 -96 -20 -236 -28 -52 -3 74 65 78 -228 230 -231 -146 -142 6 -19 107 218 -189 135 15 -75 105 -116 98 -118 43 -2 -121 28 40 93 170 -106 82 89 -83 -151 121 51 -113 221 -168 -10 20 -163 87 -126 156 -183 -235 241 153 70 -175 132 100 -185 25 -50 -250 -161 -145 113 166 49 -166 -170 -199 203 232 124 228 -245 -174 47 186 -98 13 -137 -88 -156 71 95 -48 -184 -16 -195 150 119 219 -240 -173 249 217 140 -92 -160 190 42 -226 -217 167 -45 -167 -53 -84 103 158 14 118 36 216 -115 -41 -117 -127 206 -65 123 104 97 94 137 96 -241 11 -104 12 -172 10 -11 7 165 -90 -244 136 102 -13 -35 224 -204 -162 38 -180 143 -134 33 183 -232 -18 57 197 109 248 91 -89 164 -93 185 -138 44 -8 -61 -125 172 -133 73 53 115 -223 -123 -165 -131 -224 8 142 -6 -37 180 69 -206 -196 148 171 193 -230 162 -99 101 61 -221 -15 29 84 247 -120 211 62 178 -51 63 -56 227 239 -103 -111 34 -186 174 -112 169 -130 -243 -73 214 -110 196 -44 222 -202 -43 -85 -17 -9 -237 -66 -233 4 -210 -102 243 -213 -91 235 -169 152 -197 -122 54 204 210 106 244 122 -12 -31 85 64 3 -32 179 -157 0 -164 -59 9 31 18 55 -108 -158 -193 -143 209 133 90 -215 -68 -70 246 184 212 75 22 45 -212 187 -100 234 145 -182 -238 5 -72 -152 112 238 
TEST 53 ARG:-206 -20 224 -101 139 -187 126 66 124 -114 21 36 96 -51 83 -245 -217 26 92 109 120 -105 213 -160 -89 -250 -36 -231 -161 -35 -225 -152 -109 10 159 -49 23 -207 40 -124 -80 177 99 -248 165 -53 -18 57 -118 -170 143 -103 -238 -146 -171 -136 -96 157 81 -181 202 97 195 -247 -46 166 71 196 31 -135 167 206 -108 -63 -81 -58 24 146 -52 211 37 113 -117 79 43 174 162 -72 -210 239 -82 111 246 201 176 121 -32 128 172 -180 -169 -177 -125 8 -30 -178 234 60 -153 235 -195 65 13 -139 218 233 89 214 181 -239 -6 108 169 -60 -2 -141 -57 -104 -7 -167 -39 72 -143 -83 -10 149 70 186 -165 180 112 -133 -168 156 77 -147 229 -186 -140 -138 232 212 -157 -218 145 49 -193 38 0 127 153 -246 -130 221 -87 54 -12 -174 -129 150 114 -91 102 16 -131 220 -226 198 230 -144 132 -179 -24 -102 45 -67 -228 136 -42 192 185 205 41 184 18 -1 -5 148 -221 59 -227 204 245 48 -223 -64 -196 22 188 28 -99 -182 -9 -216 -163 -98 249 119 -194 -41 -142 216 -55 -154 -175 -100 80 -209 141 4 -17 -126 161 51 -119 -237 144 19 -151 56 -122 -61 -106 98 215 62 -23 -230 6 -224 -188 203 160 154 223 142 -149 -164 -233 190 -66 178 -234 50 164 53 88 -213 11 -192 118 243 -200 -214 -77 104 241 -70 -88 -112 199 -132 -8 -56 158 -128 63 2 -184 -203 -220 -172 -65 -97 -204 -27 -43 20 -212 5 217 -16 -150 -95 9 -111 -86 -201 -137 173 67 -93 -50 68 123 85 193 228 194 219 74 -173 12 69 33 100 -121 -202 -155 -241 -33 7 227 46 237 78 244 168 -159 -211 129 -47 210 131 -176 137 29 106 101 75 -249 140 200 -84 130 -219 42 116 236 240 30 91 -197 197 -148 -25 -185 -90 189 -94 -34 -116 -189 -48 170 225 -191 -45 -110 -244 -222 93 76 -14 84 155 90 34 -68 105 117 -38 -113 -78 -199 125 -29 183 179 44 -19 17 151 -54 -79 27 -37 -59 -232 -215 -123 -243 171 -85 64 -208 -11 -75 -127 -236 87 231 -15 175 107 61 238 -205 138 -44 86 -120 -115 207 187 147 222 -158 163 -166 -235 55 -92 -13 -183 25 -73 58 3 -69 110 52 39 -21 122 15 82 -76 73 -26 -240 -198 -71 -40 -190 94 103 182 -156 134 -31 -62 242 -107 -242 247 191 32 -3 -22 -74 -145 47 -28 226 248 1 133 14 152 -229 95 -4 115 208 135 -134 209 35 -162 
TEST 54 ARG:-89 -170 -55 109 243 -87 236 38 61 -244 -97 136 -217 -21 41 35 -222 -169 1 -74 92 -117 -202 -33 -171 -233 -150 -246 -247 -243 96 177 151 -104 -230 -138 -250 -71 51 -242 29 161 -70 248 222 187 -93 47 -65 -95 231 215 107 54 -163 148 -120 149 -45 2 -85 -34 189 -122 -133 127 139 229 223 166 65 140 -50 -134 99 -219 -192 -141 22 -118 -2 79 -153 -164 86 -5 209 -144 -23 -140 -35 -157 -208 130 159 -159 137 188 84 26 30 235 201 -181 162 239 -15 182 150 -59 81 -248 -114 -200 25 -184 69 -189 4 -69 85 205 10 -37 -102 -17 19 -100 219 238 120 -168 83 -84 -214 -154 73 -146 15 104 -203 -245 227 -155 -57 -226 43 -22 11 -116 -76 -72 -128 -148 45 18 39 147 -180 -1 185 -58 -109 -235 221 58 -210 117 -29 -81 230 152 94 196 211 -108 -113 56 70 -132 -54 67 31 -124 -136 -221 14 -26 -123 -44 -143 -196 -229 97 -18 -9 -7 181 146 100 -213 183 -152 -28 -62 102 -60 -111 75 129 -75 -106 -126 233 175 89 123 -179 200 -130 44 12 246 199 -52 186 57 -158 101 -249 218 -63 172 -224 -27 42 131 204 -39 -178 -239 -119 -79 203 213 143 232 -172 112 -48 -167 197 -53 32 -91 -82 -80 49 -78 179 -228 -177 138 5 -234 114 7 134 -77 126 -103 -110 -166 -186 -40 -61 -231 93 -182 24 -121 -220 194 27 -73 -101 -223 174 -20 -64 23 -25 240 163 33 103 82 217 60 153 -215 -46 214 -165 178 -43 9 34 141 193 122 80 37 133 142 -13 52 119 -227 77 191 -4 -199 207 135 36 95 228 176 225 -185 168 155 -8 53 -90 -19 -32 66 241 195 -3 17 -135 28 98 68 247 -42 106 -68 -36 -160 -38 -14 -112 208 71 -209 -241 -86 164 -149 113 -175 154 -66 -238 64 -47 -183 -16 -30 -10 -212 -83 170 -195 -211 145 -31 -187 -156 48 88 110 132 237 121 -94 124 -174 -139 13 -56 76 21 -151 108 -207 125 50 -236 171 20 -105 128 90 74 -41 8 -67 242 -216 -197 78 -204 192 6 245 -176 63 111 -191 -240 210 202 244 46 -145 206 167 190 -225 87 -193 62 144 165 -232 40 -162 226 59 72 118 198 -115 -147 -218 -205 -12 -6 -206 -198 -98 55 -188 -161 -173 212 -127 -92 115 157 234 -99 -142 173 224 249 180 -237 169 -88 -129 -131 105 -96 -125 -24 158 3 220 91 -190 -11 16 184 116 -51 -194 -201 -49 -137 216 160 156 0 -107 
TEST 55 ARG:-42 -81 -156 167 15 -96 -209 -247 -163 144 -9 -7 60 -211 -83 242 -215 125 63 -58 216 100 202 128 10 206 181 -193 0 80 -82 241 -164 145 86 -2 236 -133 170 -180 -73 -53 -28 46 -5 226 -3 164 57 -236 73 126 146 138 84 -68 -94 115 110 150 -161 -206 88 158 -147 2 137 42 -125 -97 78 -189 212 240 -235 135 108 -44 107 -190 -33 -238 26 -149 -112 235 -192 -165 123 230 71 -16 -144 -244 81 174 -210 -50 -208 166 196 -79 239 91 213 -110 234 -52 -173 209 -47 -174 -229 -12 248 83 118 191 9 -232 37 -230 3 -202 -56 112 -78 -187 -177 151 148 31 -241 1 204 -59 -26 -212 -231 29 -176 -224 111 -115 -111 120 114 -217 136 -185 161 95 -182 162 85 -240 232 -102 159 59 -41 -159 178 45 5 -199 -101 124 163 132 180 97 65 -181 -153 66 211 -39 -196 48 208 -246 220 -158 -38 129 -43 198 130 -21 53 160 182 -37 -76 179 238 -152 -167 143 30 54 -75 157 -249 -201 185 140 103 62 -134 -93 72 -188 189 155 -99 27 25 77 -95 82 -172 -40 -114 39 -108 -220 153 154 55 7 -72 190 4 219 8 139 218 -113 205 -183 222 121 58 -118 229 127 -197 20 56 -17 201 -71 -129 105 -219 152 -150 -222 67 -170 173 -77 51 -200 -128 -131 -24 -80 -86 -100 -138 -29 -119 109 187 -171 -166 35 -145 -205 -66 228 119 -168 -4 -32 -89 -57 41 -227 188 -214 -169 -142 -88 -30 -23 21 -135 -216 225 -46 -120 -243 -248 94 133 -11 195 243 96 194 214 -1 223 -122 -107 203 177 23 28 -228 -225 113 -105 -194 245 22 193 200 50 -61 221 168 -8 6 237 69 47 227 -45 169 -19 -85 18 76 -116 38 249 61 -186 75 89 70 87 246 -13 -178 -34 -60 -242 210 -151 -239 52 192 -162 -223 92 199 19 32 -175 -18 171 233 -124 -27 134 -250 -91 -198 -36 -160 -14 99 -103 -143 14 -213 -130 175 224 -20 12 -35 -157 40 -137 -126 -98 98 186 90 24 68 -234 -195 176 156 -179 -136 -92 -109 -69 247 -51 -218 -54 -141 -237 -139 17 11 172 44 142 183 -226 -90 43 122 -207 -49 -204 244 -6 -22 184 102 -127 -140 -62 -146 -191 -117 33 231 149 197 -31 -74 -233 16 165 -63 -221 -245 101 -67 -121 -148 116 -155 147 215 49 -104 141 -25 -48 -87 -154 -203 -65 117 93 131 -10 -84 -184 106 217 -123 74 -64 104 -132 -106 64 -15 -55 -70 34 79 36 13 207 
TEST 56 ARG:-179 152 12 34 -16 -191 131 40 -50 55 5 -175 -59 94 -241 -47 132 -102 118 -124 -172 -119 -54 -27 -82 96 -236 160 -17 4 -240 141 -198 -52 129 -45 178 235 27 140 -6 -1 50 100 -148 -69 -187 209 -40 -134 -181 -117 99 60 159 20 28 -226 -74 225 -101 17 -190 1 15 193 196 176 153 -130 -197 172 242 -143 -75 62 207 -170 181 -42 -126 -85 205 -68 -171 -26 -65 101 -80 83 -22 -8 -70 233 -248 -62 -133 -169 7 -73 63 117 -10 -176 -87 161 -49 -95 45 25 -192 97 -3 -246 -177 70 -213 77 -138 -215 238 -217 -202 92 223 -30 -11 -91 -113 122 -86 174 85 -103 -158 41 -43 -23 58 212 -90 194 -216 47 222 175 -214 245 -61 -20 -37 -89 -21 184 -31 -220 -239 -227 -205 8 -243 149 43 110 -146 180 -4 113 -110 30 86 31 127 171 -111 39 -98 -28 -244 139 230 104 -107 -152 -174 123 -84 170 -200 -46 -99 9 124 197 150 -76 109 151 147 -156 190 -12 -210 38 -116 -237 -94 -159 67 -235 135 199 134 -123 90 -201 -150 237 49 -128 137 -153 -222 -182 98 -14 79 -136 95 217 163 173 -34 -188 203 -154 201 -140 -38 -180 -32 -55 -5 0 13 -33 236 187 220 16 -51 -121 35 -112 206 -238 -206 -127 221 84 -209 202 164 71 229 247 -104 165 -129 186 -151 51 57 -56 -247 -92 -221 64 169 138 231 213 -115 192 -131 -245 179 145 -203 91 24 66 65 198 11 -81 73 154 75 -109 243 -137 -66 -228 105 200 -250 -199 69 81 36 167 44 148 244 -242 189 111 22 119 142 88 -41 6 -67 -44 155 -122 42 234 -88 115 -71 162 158 112 157 -18 -204 246 -7 48 216 -157 214 54 78 -83 -29 -167 59 -212 14 -186 226 -193 -208 -57 46 182 183 -25 191 106 82 -72 116 240 -155 210 68 -229 -93 224 166 -149 2 -63 241 219 232 125 248 -196 -53 -108 -97 -19 52 211 -120 -144 -118 33 121 -58 37 -79 -225 -194 228 -106 53 -168 29 126 -147 143 227 107 102 -189 195 -223 32 -164 168 185 -125 -160 -48 218 19 -60 -166 -2 -77 26 208 -132 -184 -233 -13 177 -185 108 114 3 72 -105 -35 188 -141 89 10 -230 -161 80 -162 -163 -173 239 -183 76 -145 103 23 87 120 -219 -36 -100 -39 133 21 249 -9 128 -224 -234 -232 -64 144 56 -114 61 -135 146 -231 93 -142 -139 -165 -249 -211 -178 -218 215 -96 156 -207 74 -24 130 -195 136 18 204 -78 -15 
TEST 57 ARG:-6 177 155 -173 -179 -94 119 240 -163 -97 -2 76 -232 -167 231 164 -78 173 232 -104 -10 57 249 -93 198 0 -66 -58 -115 151 115 -53 -139 -164 31 -134 39 241 -9 69 -189 -32 91 -108 94 75 -215 -57 230 -136 -64 -36 186 178 -228 47 -18 60 -187 -194 -181 -111 -85 -74 68 234 109 -239 217 -3 175 -24 -14 -248 148 113 136 -121 -221 83 -145 -231 -99 -56 -133 -170 111 128 -41 -54 -80 196 130 48 222 -39 84 -1 41 239 -135 33 176 -119 -234 -218 116 -27 202 -19 100 -154 -156 132 36 -177 78 -63 24 50 56 215 66 127 -151 -47 -219 -35 -146 191 -192 -128 134 -15 -70 114 126 8 -169 32 -61 15 -11 108 -17 -153 -28 -109 103 221 43 51 -233 -20 184 87 59 -213 160 -132 143 149 -143 142 -37 105 79 205 -62 -227 -190 -113 200 122 -197 -100 -16 -43 13 61 -26 183 -185 -225 187 -165 158 99 -67 -76 -230 165 163 -38 245 90 244 201 212 -220 20 -243 55 37 -171 -112 -176 211 -235 -205 -141 -71 -222 -48 -40 -116 216 -101 -59 -152 63 -86 224 133 -88 -129 243 -224 -96 197 -212 203 -77 -13 144 74 129 153 -49 -161 135 213 121 -29 -166 93 -157 125 -72 35 150 112 -137 -82 -105 -5 248 -238 -83 -147 118 80 185 -52 204 207 233 -206 154 120 70 -42 237 159 -117 157 170 174 162 -237 -4 236 -44 81 -123 -174 189 58 -150 12 -138 -186 -7 166 190 -130 22 -247 -208 42 85 -242 -250 -46 156 -229 226 193 208 5 194 238 53 229 219 -244 152 -182 82 52 -23 14 -188 -142 227 -110 -203 -214 242 71 -198 -241 -223 -125 -191 -89 -226 117 26 4 -98 225 97 45 -236 104 -103 -183 195 223 -102 -209 54 62 192 141 34 -249 30 214 -107 -195 -8 -149 9 180 -51 139 23 -21 6 -127 -200 -106 17 -75 92 140 -114 -91 72 169 95 246 89 188 -65 -201 -124 49 10 206 -81 -90 -140 -45 19 88 101 -87 73 -31 -245 -34 -79 168 147 27 65 199 -55 98 167 228 -60 -216 182 40 235 -211 -12 138 -204 137 -122 -155 -196 145 -33 131 102 123 -69 209 210 -159 -175 29 11 110 44 7 124 -246 -22 107 -202 106 -168 -131 3 247 -144 -68 -178 -30 161 2 -193 64 -240 46 -217 77 67 21 1 -126 -84 38 86 -199 146 220 16 171 -92 -207 172 -172 -50 -158 -95 -118 -148 -184 -73 -162 181 -160 96 -180 -25 28 -210 218 25 -120 179 18 
TEST 58 ARG:-224 -143 -189 146 226 -227 -75 243 -127 105 177 25 -243 221 33 -185 38 -69 -66 136 210 -146 52 -138 -111 82 -194 -92 166 205 -162 53 75 216 -33 21 113 -83 54 -54 39 -163 -21 -223 -131 245 -44 -188 11 -174 185 163 -234 -206 -196 115 -183 178 -74 -61 -144 -25 248 -49 -170 -160 117 -85 225 14 189 -86 -36 84 162 97 239 -13 128 119 211 -41 -109 -218 -28 -212 155 148 -158 -18 23 201 -180 70 -68 134 137 -42 -35 -129 94 171 138 93 -241 -114 -214 -199 129 -123 -142 -59 83 -46 157 -203 232 69 -90 106 -102 -121 -17 -220 -5 172 -125 -148 28 217 8 181 229 182 147 44 224 -112 79 -135 -136 -119 102 -19 -137 114 -91 173 -39 179 -93 233 -16 -225 -103 223 242 -6 -204 7 160 111 -113 -230 -47 100 164 -12 -151 10 73 -248 31 -94 -40 249 -236 209 204 170 -9 -110 -200 -216 108 -176 56 -81 -101 222 -70 4 37 -106 -52 -172 -1 32 88 191 -171 19 235 227 169 74 42 167 118 78 -156 -221 -182 -195 197 57 -249 -64 -238 184 -245 -26 -239 -130 126 -88 198 -167 -181 133 220 176 -73 50 107 15 95 -57 -23 -128 -2 5 68 -201 67 154 130 -77 196 213 -157 -126 -55 16 -164 -166 246 -169 -211 -240 62 145 -213 -10 -191 219 247 -124 -217 125 -89 -104 58 -161 47 -159 -37 174 -98 123 188 -184 244 186 71 -178 20 0 144 -139 103 -175 127 150 -242 76 153 -197 -231 -116 156 59 101 35 -100 -22 -150 -115 104 -179 231 142 92 -229 135 218 91 27 120 -187 49 -193 168 236 149 -219 22 192 124 -11 187 -247 -145 -71 -226 34 -65 -97 -7 180 207 -209 -38 121 206 151 -32 -58 2 89 241 -95 -155 -96 230 80 165 -215 -51 66 203 -108 1 18 41 139 -222 -149 55 -50 -205 40 237 81 86 -76 13 -165 12 -56 17 -244 46 -153 -246 90 -152 -132 -186 238 -168 96 -173 -45 202 -208 6 29 131 -120 -79 77 175 60 -20 -24 152 -250 159 -99 99 -228 -117 -232 -8 234 109 48 190 -134 140 -147 30 -48 63 -63 -15 -107 215 141 -118 208 -34 228 24 -154 -62 158 87 9 -72 3 -3 143 -233 212 -78 -202 194 36 193 110 112 161 61 132 200 98 -190 -14 116 -4 51 -43 -141 -82 72 43 -31 -237 -198 240 85 -30 26 199 -67 183 -80 45 -87 -122 -207 -133 122 -140 65 -177 -29 195 -84 -60 -105 -192 -27 214 64 -210 -235 -53 
TEST 59 ARG:19 -236 -123 86 -185 -104 201 28 58 -49 16 225 -189 53 -3 170 -143 -151 -209 -231 239 -240 63 -152 -216 -27 121 -38 -195 110 129 -250 39 -90 107 -193 -1 209 124 -139 8 -217 -105 -43 162 -48 172 116 243 128 -45 -134 -167 -221 49 163 -74 224 -101 141 -28 61 -203 -87 -204 80 -75 70 160 113 10 -147 -73 -103 -6 169 -55 197 29 89 186 32 -170 221 164 135 71 7 -62 -244 96 159 -21 183 -76 217 -81 51 -180 245 132 4 -220 -150 -212 112 147 156 -179 248 -70 -66 -36 -106 240 108 -194 -39 -122 69 -10 -117 88 -19 151 215 230 -154 118 117 -230 -184 -25 -69 -113 -118 -132 -92 -18 -84 91 9 158 35 -54 45 -30 66 -128 57 193 229 -222 105 235 -196 -131 92 212 52 36 -138 15 -52 -161 144 -35 246 -223 122 78 95 2 17 -127 157 99 -42 241 137 -119 -158 50 237 -226 -208 -176 220 -71 -12 -200 -82 55 -133 11 249 -32 -156 -115 -13 134 155 -145 123 54 -111 -109 206 -163 -144 -100 -202 130 -225 -140 227 60 62 -199 46 167 -181 -227 242 76 -165 -97 20 -79 178 87 228 81 -46 -108 -17 23 -173 75 -83 -219 -249 65 -15 -4 -214 -162 175 -112 219 -120 111 -99 204 161 -187 103 -7 -166 -78 27 -239 68 104 -129 185 195 31 -61 67 213 171 -177 -91 -107 -247 -137 13 180 226 -243 119 -198 84 -57 187 -248 -14 -182 102 -235 37 -29 -102 30 140 177 14 -190 -157 -33 -136 179 1 90 120 74 41 5 47 -50 24 -224 153 -67 -174 -178 -149 3 109 93 -192 -34 165 64 -22 -94 -160 -188 -77 -211 173 -246 -114 -148 -169 -229 182 133 190 -98 -63 -96 238 -23 83 -8 -65 38 12 -47 -40 -93 -85 127 -175 -20 100 -51 -218 -11 98 196 -171 194 106 154 22 101 -126 202 211 -234 -41 131 198 218 -88 -201 200 136 181 244 -172 114 -37 94 56 -59 -26 44 34 143 43 -228 -86 150 139 -233 21 -2 126 -116 115 210 42 -53 138 97 168 -110 232 145 146 188 192 -9 -197 -237 -60 191 -68 236 -135 -121 -215 207 73 -242 26 -183 -210 -213 -207 33 -44 231 82 -16 -124 -232 222 18 203 149 40 -241 205 85 -142 -164 -24 176 214 -206 223 -153 -58 184 234 79 152 -191 -245 25 48 125 -56 148 -130 -146 -72 -5 -238 -205 77 142 174 216 189 -125 -89 208 247 -168 -31 -186 6 233 72 -80 -95 -141 199 -155 -159 59 -64 0 166 
TEST 60 ARG:-70 -39 198 -116 221 24 -238 -30 30 -184 112 146 185 46 -176 10 90 135 229 -22 163 233 -112 -198 -139 168 76 -147 245 20 138 -88 9 95 161 106 -135 -245 -134 -98 -240 -96 -113 -195 11 70 -249 -101 39 -182 224 -35 64 -163 215 197 247 -235 69 -25 -164 204 194 206 -144 -50 -33 137 246 -87 184 -11 -82 134 62 -202 -32 -178 195 -242 78 -123 156 53 43 -148 19 -54 -128 -91 -120 -83 -111 143 248 -156 173 32 -174 127 117 -203 172 111 131 -160 238 -45 177 12 0 128 -146 17 -183 -201 167 -200 -89 75 216 176 -224 169 -104 71 18 -150 109 72 236 -24 107 -212 140 227 180 -141 203 -6 159 120 199 -73 -177 -145 -229 -247 -231 -162 178 124 -110 -234 -40 -206 244 59 -217 -244 25 -143 160 -95 226 -14 82 200 -196 -137 -42 96 118 113 -167 22 -131 98 54 108 -26 50 -10 237 -74 145 121 -216 -158 171 -243 -129 -19 -214 -31 16 174 -93 192 -192 -193 -197 -99 97 -16 -34 193 119 -185 74 -142 -57 68 -76 81 -179 235 -119 -107 -108 155 51 -62 41 -56 -152 -43 92 -23 -210 -77 102 -118 5 -78 -154 -17 186 -175 -241 -80 -170 -181 105 -226 219 -106 -151 55 202 110 -69 122 -136 42 85 249 147 -55 29 150 -90 -63 165 -168 -37 -18 -59 -115 23 -97 144 83 -239 217 123 -132 38 6 -117 52 -211 205 148 2 241 175 -38 63 182 -187 1 231 58 -165 230 -215 -4 -250 -9 -190 -232 -127 -157 100 -52 -13 211 88 -133 212 -3 141 213 84 -109 49 -138 79 162 -71 65 36 -199 99 86 -65 8 -237 129 -15 -84 218 -225 208 -61 -58 -236 28 67 243 26 164 -180 234 -7 188 166 183 -27 44 209 179 -218 87 214 -67 -44 -173 -72 -205 -94 142 4 -169 153 -5 -189 240 47 -126 -149 189 77 57 31 -114 139 89 151 91 -21 -188 191 201 -204 114 187 -161 14 48 -222 -68 -12 190 40 126 -171 -125 -219 60 -172 130 132 -221 -36 -46 -100 80 -159 -194 -208 -155 -60 -47 -103 34 -209 181 116 154 -213 158 -130 210 -223 -220 37 45 242 -191 -92 170 207 239 -86 94 149 7 -79 -140 -153 -105 125 56 66 -246 -186 -230 152 33 -20 232 228 -85 136 -81 133 -102 -53 -228 220 3 -207 21 103 -41 -248 -2 115 -8 -28 27 -49 93 225 -227 104 -29 -48 -51 -1 157 -122 35 101 13 -66 -124 73 15 196 222 -166 61 -233 -64 223 -121 -75 
TEST 61 ARG:-247 -21 -82 -102 -201 -134 -43 -44 248 -75 -227 119 -194 -85 -15 -31 198 -113 -199 -112 -215 63 155 72 -99 -92 175 -229 -100 222 -14 87 -24 -68 -184 -89 105 188 96 121 -53 -17 -250 -230 -209 223 171 228 -58 23 -143 18 178 -200 3 48 -79 -77 116 -226 -177 19 -35 211 136 -81 99 -139 -98 -159 214 235 32 227 176 -204 165 -136 83 76 13 98 44 -246 -64 217 196 78 -96 -196 -193 -38 -170 123 -224 -80 -237 -244 159 169 -78 -164 85 -109 90 219 -119 20 16 -12 46 11 115 -1 173 56 150 0 124 -216 -154 -4 -37 8 -183 132 57 243 166 118 -144 -120 -149 -127 -133 -72 -33 -240 -20 79 -163 -32 -245 117 -104 -93 -26 110 1 111 -3 64 143 -45 67 129 -2 244 17 75 27 7 94 108 -238 -87 -150 -18 -188 -137 -91 -182 -13 174 -66 -105 92 247 -241 5 137 218 -130 194 73 -25 49 152 81 -222 195 128 203 30 233 -16 35 -158 -10 -162 91 25 -189 66 -223 161 226 131 -173 -180 179 -117 238 213 224 -235 -138 133 180 -86 -156 -63 -161 140 -142 212 207 120 -126 187 24 68 -52 -59 154 74 12 95 -106 -49 -36 -48 151 -84 186 45 -195 -125 -219 193 101 -132 -60 142 97 162 -249 47 -210 -39 82 -115 147 -217 -56 -141 135 153 -67 246 230 -95 138 167 -116 -153 -73 -8 -46 197 209 144 -50 84 -23 -169 43 107 89 36 -248 52 -203 215 69 -101 -208 -124 39 -166 200 239 -165 192 -147 -160 -5 225 -29 -202 199 55 62 65 210 -145 -30 102 31 -110 93 -69 59 -151 156 -155 190 148 -94 -22 -198 -103 -51 38 122 15 234 -191 114 113 -212 -135 -54 -207 -47 130 206 125 -97 -42 88 139 -76 216 184 -206 -70 2 249 -225 -192 205 221 14 9 28 -34 -111 86 -88 -243 -140 -41 26 145 -168 -40 109 -233 202 33 157 185 149 77 -157 -74 236 242 201 -187 181 -121 -176 231 163 189 245 208 -7 -57 21 -236 -171 204 42 71 6 -9 54 58 100 -128 10 -211 -213 -205 4 -220 232 -152 172 240 168 -221 -239 -148 160 -123 126 -108 -62 164 141 -61 53 60 -179 -122 -6 -190 229 29 -90 -167 -186 22 -218 -129 112 -242 -197 146 -55 191 41 -71 127 -181 237 -11 -19 34 37 241 103 -175 50 51 -107 170 -27 -65 -146 70 -131 183 158 104 -214 134 -172 -231 -234 106 -174 -114 -185 182 -28 -228 177 80 -118 40 61 -232 220 -83 -178 
TEST 62 ARG:-49 156 224 223 234 -87 188 -189 -103 96 12 34 112 78 -94 174 28 23 -20 142 185 17 -138 -33 193 164 -93 213 -193 -140 -27 -98 -28 -205 13 -172 160 81 -247 47 175 -194 -44 212 -90 121 9 130 154 176 61 177 -236 124 159 -184 65 -117 -167 -35 -100 -248 -85 -195 -208 -163 -121 76 232 -63 51 128 -68 44 239 63 -52 -243 43 -64 88 207 -130 208 93 -77 183 70 198 218 -226 163 57 -223 137 -164 40 201 120 147 -232 -122 -141 199 245 -182 -26 -75 -211 -69 -71 -173 221 68 -91 -99 226 -162 -126 -234 -200 133 -160 -108 -53 -124 27 -104 -78 -25 -241 179 -196 32 -220 189 67 -36 -198 33 -250 20 21 79 -119 131 -128 158 -240 69 36 37 233 -51 -216 -217 -159 -67 46 -57 -212 -92 -180 111 8 -22 -235 228 -136 139 105 64 -204 -137 91 -190 -102 -74 217 -58 -89 -154 194 -192 237 54 85 6 -17 -86 182 -218 -157 94 -14 241 -110 -225 -242 178 -177 -145 -155 -79 148 168 53 30 -171 -116 -179 -50 -37 -95 173 -10 115 26 -197 -42 -222 161 248 -229 -23 92 -156 236 222 197 -201 -7 165 118 75 -246 200 15 5 143 -215 48 98 -148 181 242 0 190 -109 -161 -12 -233 59 73 99 153 152 -230 -120 110 82 -244 101 -15 -142 35 -72 16 155 -34 151 -21 -187 -16 170 -152 -168 -66 206 132 11 138 49 14 -97 52 -59 219 -181 3 -237 122 169 227 41 180 60 -107 220 113 7 129 -176 -199 231 2 107 -239 -45 80 89 116 140 -165 102 247 -139 -5 126 83 186 -147 -4 -41 215 205 -214 -170 -249 136 -18 -62 -76 -83 196 -149 114 97 -118 172 146 -219 -125 -209 74 -186 86 134 192 -153 249 -132 66 -13 141 211 -88 -183 -55 -31 109 -46 -43 -3 240 204 -169 103 104 162 -221 135 184 72 -224 127 -144 84 144 243 -175 -127 -185 -166 -84 -106 55 -146 171 -114 95 -56 100 -188 -40 45 235 230 -80 125 -60 25 -131 203 238 -61 -38 -8 56 202 -231 4 157 -113 87 -70 214 -123 -245 -129 19 149 -206 106 187 31 -151 -207 -115 29 -39 90 246 244 -6 -135 209 216 -1 229 -65 -174 -203 195 -238 62 24 -105 -82 119 -48 145 -11 10 123 -158 -29 225 22 -47 -19 18 117 58 -178 167 -202 166 38 -2 -112 191 -150 -134 -210 -73 -191 150 210 -213 71 -9 50 -111 -143 108 -227 39 42 -81 -96 -24 -30 -54 1 -101 -133 -32 77 -228 
TEST 63 ARG:142 61 -9 220 107 82 52 81 28 -230 -124 -42 75 -226 103 -198 236 -228 -57 202 -192 -64 136 15 -75 71 -132 130 -2 109 -66 -13 -82 -26 -148 -98 177 -141 -165 -108 -56 -95 -80 11 -19 62 -103 36 235 -195 135 -217 216 224 -180 -128 -55 175 167 -91 8 -171 1 -227 166 -99 -139 -106 -4 39 157 192 -86 -234 -54 245 55 219 140 234 89 105 -59 -207 227 -127 -176 102 -122 -53 -7 -92 -155 19 225 -50 59 -214 121 100 -49 54 60 -145 139 -241 -187 -68 -105 152 -224 -199 -36 212 33 132 69 -229 -84 -88 -16 162 228 243 138 156 -238 238 -152 3 122 -34 209 -147 147 -83 -235 -79 -23 198 13 246 129 22 4 189 -138 -242 -184 -204 -219 -150 187 85 210 25 6 -196 5 -142 74 87 -90 -38 -210 -118 -100 146 151 -78 44 -149 214 -190 16 -178 -76 -239 24 17 120 -21 143 -41 -131 9 73 204 -74 112 149 207 217 -14 233 -156 193 -77 -97 123 -11 -223 67 -104 2 -18 68 154 98 -248 -197 29 -45 -202 53 -153 90 -115 232 144 164 -179 72 -136 -170 180 170 -236 191 -130 -67 -89 -28 113 155 205 48 -17 -247 -182 -69 -146 -119 -213 -162 108 -133 208 -163 -201 133 57 -107 203 116 43 239 131 -52 -232 7 -189 226 141 159 101 50 -140 46 80 -243 -112 -158 -206 106 -134 -61 -60 -221 174 153 194 32 -93 206 96 -120 -109 200 218 -193 -166 -237 35 37 97 -113 -110 190 165 14 -185 -3 223 47 70 -126 -173 -188 79 137 -96 161 -225 -39 -94 -222 -183 -181 -203 21 -15 237 119 -24 -71 173 18 -191 -81 95 -70 -212 242 -22 124 -102 247 51 -51 148 249 197 145 114 -159 -63 -220 169 -32 104 83 241 118 111 -231 117 -244 -250 -37 182 158 -144 -168 40 184 -6 -35 -117 77 27 -245 -12 -8 26 -154 41 -30 -111 -85 213 179 23 -116 -249 222 183 -72 -121 -157 -125 126 115 -47 20 30 92 -172 -161 -143 171 -20 -29 244 -101 221 -73 -169 178 -215 211 -160 -164 12 78 -48 91 86 -62 160 163 230 84 -5 45 38 181 -58 127 31 201 -200 65 248 196 -175 125 110 10 64 185 88 -211 -208 176 195 -123 231 63 56 -65 -135 -205 128 168 42 -216 -177 -43 -194 -186 188 -33 99 199 58 76 -25 -87 -151 -167 -1 -40 66 -46 -240 -31 -114 -10 -209 49 -129 0 -44 -246 -27 -174 215 229 93 34 240 -233 186 -137 94 172 134 -218 150 
TEST 64 ARG:193 137 -184 172 -69 -65 95 -45 50 59 171 214 -244 62 156 -54 244 143 -123 106 -87 32 90 -182 208 74 -47 154 125 217 -38 104 -92 77 -63 196 228 -238 26 -29 -231 -142 -70 -237 48 -104 -24 122 101 216 -203 -32 224 -147 179 65 63 58 -131 236 112 -12 1 -168 -58 -6 -22 167 -217 85 -82 -247 -90 147 -120 -210 194 -100 -8 158 245 -212 -191 -20 181 -228 -83 -234 -207 40 -125 -216 -16 -97 72 240 -174 142 80 184 24 -126 -116 -243 -154 47 4 211 -218 -42 -52 203 73 -35 -185 -88 138 165 237 -164 -95 19 -211 8 3 -76 -181 -222 -129 -195 -79 -151 108 -73 -84 -59 -219 210 140 2 -189 -57 232 -78 248 93 170 -68 -138 7 33 -21 -206 56 -201 -160 -36 22 51 249 -96 -9 -34 88 -146 99 96 -23 239 115 149 -86 -137 127 -188 66 -132 -249 163 -248 -4 107 -236 117 -94 -48 69 -239 -51 -183 119 6 -75 -19 152 -169 31 192 37 94 197 -202 -179 -134 -145 213 141 186 75 -122 -157 23 -13 -152 68 -17 220 -140 -227 15 -74 -11 -162 21 246 -25 -180 0 11 -98 -5 242 218 -158 -196 -89 -172 -44 -148 -1 162 46 84 -109 105 129 -186 -119 -108 -7 5 57 120 164 180 -229 54 49 -10 159 -167 -60 -49 -66 43 13 -37 -124 64 14 27 102 -101 -55 198 -56 -240 231 -220 230 -114 10 55 -214 86 118 76 222 241 98 89 103 79 39 -115 182 28 235 -50 -46 -221 209 -215 166 -27 -155 -232 -107 97 116 9 52 146 -250 -192 -204 155 -30 -113 45 199 -93 -72 200 61 -159 -130 78 -156 -18 -110 135 -170 20 -213 151 -71 -118 234 -165 110 60 -103 -175 -67 67 189 206 188 -223 123 -193 -106 128 225 41 150 168 -197 187 87 -209 -3 83 -39 153 -225 173 16 38 139 -199 -111 -128 -80 130 178 243 -112 133 109 -190 -163 -245 183 -136 -242 44 -150 121 -53 161 -41 175 191 -246 233 -233 25 -105 -26 71 -33 -77 -102 -133 -141 53 -200 -176 219 157 30 207 100 215 18 223 145 201 -144 -194 -14 -178 177 -127 227 190 238 204 12 -62 -2 34 -166 -187 144 -153 -15 17 114 -40 176 132 113 -226 -205 -139 91 -99 -121 202 81 -28 35 195 247 221 185 -224 -241 205 29 134 -177 -85 169 -171 126 36 -31 -143 229 -198 131 -135 -173 212 226 -161 -235 92 -208 174 160 148 -91 -81 -117 42 -149 -64 111 -43 124 70 136 -61 82 -230 
TEST 65 ARG:-221 -10 -171 83 -116 179 168 176 -213 101 46 -89 244 -144 140 88 -232 -153 -44 -124 55 157 146 159 208 -68 -250 -166 145 215 62 -117 172 57 -63 25 119 242 -111 31 181 -228 8 -140 175 -55 -157 156 218 109 59 9 64 184 94 -223 150 198 -75 -114 -97 23 16 -87 0 -141 217 -3 118 205 187 -104 106 -43 248 -40 12 185 -179 -81 -88 -132 -90 -30 129 -225 -131 237 -7 141 7 224 -163 50 -129 27 -130 -201 -25 -175 44 160 -46 -206 -127 65 -238 -134 -172 -192 -178 199 85 -202 219 84 234 212 -219 137 89 91 228 143 -22 -54 -138 149 171 120 19 -239 136 -246 -60 148 -103 155 -101 -189 -180 -197 -16 147 111 34 -142 20 -73 -226 29 -167 -156 -160 92 -128 226 -78 -211 213 14 -120 78 192 -57 48 -173 -152 -27 -143 17 128 -234 -18 240 18 163 35 56 177 -150 97 -85 -14 95 100 -33 32 169 -28 -82 204 15 238 -64 125 -59 -165 -161 86 216 -133 191 194 4 -248 110 -51 -66 -235 -58 -222 -67 -220 -36 188 10 -236 127 -48 -2 235 -125 190 -31 116 -149 -194 164 -115 -113 247 -193 87 -244 6 -204 -92 38 -107 -159 -184 142 -123 197 -169 -146 105 5 -241 66 134 3 2 42 30 -209 -80 123 -199 170 -135 -229 58 135 -237 -112 214 -198 37 51 223 241 -240 -110 -139 -214 -186 246 207 -136 -190 -148 1 -195 -32 -45 93 -177 108 -100 196 -164 -218 68 230 -95 -243 114 -96 104 -147 -91 -21 98 121 -158 -23 132 210 -126 -205 -1 74 73 221 -65 166 -99 28 -174 -72 -119 -39 -203 13 200 -102 36 144 130 -53 202 80 -187 49 -41 -182 99 -6 203 -196 115 79 -20 60 107 -84 -217 195 81 231 -200 77 22 182 117 -47 161 243 209 -13 227 -249 220 41 -52 249 54 -230 -155 239 -183 124 -42 225 71 21 76 39 -24 43 -215 122 -207 -247 180 153 26 72 -154 40 -11 -12 -34 126 -56 -106 -62 -216 -109 -191 -37 52 -4 112 -8 -5 -77 113 133 -69 -61 -29 47 -98 -231 -93 96 -38 -71 165 -17 139 -170 211 -94 -137 186 -151 174 103 173 -242 -74 152 -9 -19 -50 -108 -76 189 232 -210 178 -49 -181 233 -208 -176 102 69 53 -145 -15 61 82 33 -162 236 -168 154 206 67 -35 193 162 245 70 229 63 -118 -86 -121 -83 131 -26 -79 11 201 -188 138 222 -70 -233 167 -122 -245 -185 45 -212 151 24 158 -105 75 183 90 -224 -227 
TEST 66 ARG:170 -96 -195 28 133 216 -12 232 63 -26 203 62 183 -240 -205 161 -183 -165 -64 94 85 -225 -5 -54 -66 -185 22 -13 206 112 -217 79 -142 -162 -190 -226 100 49 113 199 -241 -250 -237 -95 91 7 -143 40 143 -197 237 -203 236 -184 -72 -182 -222 -37 205 147 -242 -138 138 -228 89 -113 -23 -153 -86 57 172 -218 -204 132 0 -149 -93 181 187 235 -188 -133 95 84 -187 -80 2 153 171 -68 -59 145 -92 -107 -154 31 10 -24 184 -103 164 -171 159 134 34 -81 83 -40 -144 -174 50 -9 6 -245 116 -233 -150 -207 74 -7 -198 228 207 246 45 177 -75 -199 185 64 114 -15 109 17 -60 15 223 -128 -50 70 76 -141 234 -117 -53 -85 -11 194 38 157 -163 -230 -8 125 179 93 23 66 30 -180 69 -32 -97 238 211 27 -125 26 160 51 214 -41 219 174 166 -135 -27 -120 -193 167 189 -219 48 198 -102 240 20 146 128 68 191 -84 126 -90 -48 -130 -49 -18 111 1 242 -236 -189 -110 229 44 -220 25 165 -17 4 81 82 -111 78 -208 39 -136 192 -152 -28 117 -31 -200 -202 -6 139 -47 -114 -52 -58 -22 101 -4 -56 60 -30 -42 -16 -45 -247 210 -167 -216 -132 178 -3 -166 137 -155 -44 218 176 -100 144 135 136 55 130 36 -137 -126 -2 -229 213 -118 -178 -170 103 -232 156 119 -63 201 -69 37 56 -168 -248 -147 202 162 220 99 215 -98 230 -106 -206 -213 175 -160 225 141 217 -71 -196 -67 -87 65 -1 92 -25 -19 -78 -55 53 -35 42 29 -159 233 180 -221 12 -148 193 -175 98 -211 -116 19 -210 105 -173 -39 16 188 -105 -131 168 -234 227 -115 -10 5 248 97 -29 41 -231 197 -33 24 190 -151 -73 -51 -176 -82 209 72 247 -74 18 -146 58 239 9 108 -158 -164 -145 155 221 163 195 -20 -191 33 90 212 -70 249 -108 -238 -243 67 -88 173 43 121 -38 -34 200 -83 -127 -244 129 -239 -235 123 -212 204 222 73 80 8 226 107 127 -101 102 14 -192 61 231 -121 -79 150 -99 182 106 -91 -172 120 86 148 -109 -61 196 -21 -62 186 88 13 -36 241 -112 -89 3 243 149 -157 11 -177 77 -122 244 -223 -134 -76 47 52 -161 75 59 -140 152 32 -186 -201 54 87 -215 -94 158 35 71 169 124 -246 -119 115 -46 224 -104 -249 -77 -179 -139 142 -123 151 122 -124 110 208 -224 -14 -156 118 46 -43 96 -209 -129 -65 -169 -194 131 154 104 -227 -214 21 245 -57 140 -181 
TEST 67 ARG:-126 236 -200 -23 221 234 -73 -78 -107 211 -146 156 82 232 80 44 -186 30 -111 238 -113 -158 -166 -201 -92 127 177 -188 -181 -229 -65 223 -36 244 -198 137 -141 28 216 -104 -12 -199 123 21 -30 -246 14 -245 -180 115 141 -171 -169 -27 -17 172 -114 122 -4 136 -54 149 249 57 179 188 -7 139 48 -90 58 -179 1 -44 233 4 -74 132 -97 -204 -20 -37 -149 -164 -15 47 53 -28 -51 67 3 23 190 -236 -32 -89 102 -150 -94 -130 153 -125 146 97 -172 43 -207 -42 120 174 -235 -145 111 212 -155 79 38 -34 32 -163 27 117 -84 -83 235 209 98 70 -223 130 184 -101 -230 -211 83 218 204 114 46 -103 59 -234 78 -143 88 -217 24 86 -59 159 -222 116 -14 81 203 225 73 142 9 93 180 167 134 -69 -197 -154 -159 12 164 -22 -57 -70 145 26 75 247 -11 147 -226 -96 -239 -123 214 5 -153 63 200 -238 -100 -40 -134 13 -102 11 22 189 181 -99 -98 20 72 -77 229 158 94 -237 -152 -183 -86 -118 -202 104 -39 -156 210 100 -21 -227 157 33 -87 -177 197 231 -18 8 -144 171 245 -189 -203 201 87 237 205 239 -178 185 152 168 -135 -192 60 -85 69 -35 42 -43 -128 222 51 0 -233 195 -38 144 -167 -196 -52 198 246 219 101 49 -82 68 -79 -147 -29 -91 121 162 -206 90 -76 -174 125 -161 -106 169 -63 -193 56 -224 50 151 -112 -248 85 -16 -214 -8 182 -33 -121 108 107 62 -53 2 -249 -71 7 -47 -122 133 17 194 -218 243 74 -191 96 207 -6 241 109 45 166 71 95 103 -162 161 6 -26 -45 -117 99 126 230 217 -58 -231 -220 228 -105 206 183 105 192 226 -168 -5 -205 242 76 -120 118 -170 -41 -142 34 135 -250 41 173 -137 -194 -56 186 155 66 -176 187 -60 -88 77 -3 119 18 -185 165 52 -75 29 -140 -247 -228 -175 -19 196 199 64 191 -215 -9 110 -108 -232 160 -124 -46 -55 -148 -127 170 -139 -62 106 36 112 -49 140 -190 -31 19 -2 91 -241 61 148 -208 -243 208 -157 -160 -93 -216 -131 84 150 -212 65 -66 92 -242 -68 -195 -115 176 -138 -133 215 -72 -1 39 -110 213 -182 15 -136 -109 -173 -210 248 -165 138 178 -213 202 -64 -221 -10 -25 35 40 129 -61 10 -184 54 -119 -209 -132 -24 -187 16 124 224 89 -48 -80 227 128 -67 113 -219 154 220 -240 -129 131 55 -225 31 -244 -81 -116 37 240 -50 -13 175 193 143 -151 -95 25 163 
TEST 68 ARG:-157 -246 141 48 -58 -72 152 99 35 -127 32 -106 129 124 52 -240 -45 162 100 241 193 -64 -43 20 -124 98 -143 -8 -88 247 -144 91 -3 208 237 194 -16 -226 -73 -115 -197 234 144 -108 -48 41 223 26 85 -221 187 -208 -33 -224 249 153 -238 -181 -93 224 154 236 8 -85 203 -118 -39 246 27 -49 -9 151 71 -156 -200 39 79 219 244 119 -145 -171 121 -92 111 -24 -91 -162 82 -25 53 118 56 -18 49 122 1 218 -53 -147 226 201 73 72 -44 147 115 -61 -135 -160 181 -241 69 -81 102 149 -15 216 172 -192 -97 -1 138 -245 -189 50 -37 186 215 142 -56 -129 -198 143 -215 210 127 114 230 -70 -51 -126 38 58 -184 200 -83 10 -161 -220 -216 -210 55 -225 -223 -152 191 15 -79 43 42 109 65 214 11 173 101 29 -177 -205 -63 80 23 60 198 -59 -57 190 174 -249 -14 -167 9 175 -82 12 170 130 -69 -117 -217 67 -204 -178 63 -77 232 59 -26 -96 -27 96 19 -17 227 -193 -209 -211 21 -158 47 168 205 103 94 139 -68 -123 -183 28 -239 77 155 -206 146 -5 -137 -228 188 -62 132 177 157 -166 -23 22 140 -6 -41 -232 -150 105 235 4 -242 95 -247 164 -231 -29 -86 -218 -31 -75 125 -207 30 -78 -20 171 -202 123 54 225 -2 148 57 185 33 228 -107 -40 -214 -140 -244 -173 -165 -13 92 178 -21 93 -194 40 -185 78 197 -103 -125 -100 165 248 -52 192 -65 13 -237 136 -66 196 -219 74 212 137 209 -104 -187 87 -87 62 -102 -113 -105 179 -250 -10 -195 -191 166 -50 116 -110 176 -42 -89 -170 -90 -155 46 199 45 -30 217 184 37 -175 169 14 -130 220 86 -60 -229 -32 -55 -153 6 107 189 -109 -112 207 -119 -133 -131 76 202 97 222 -233 -148 44 7 -38 -213 -36 135 -122 -71 -120 -67 -94 145 106 133 61 211 182 242 240 -134 -154 25 17 159 -179 -199 36 -174 206 31 243 -76 204 -142 -151 180 -190 -47 -111 -11 -234 -230 -196 -116 108 -172 3 -95 -141 2 -7 -98 -101 66 -149 -12 160 112 229 -136 104 81 126 -235 16 150 245 158 239 -99 18 238 -4 70 -169 -84 -163 68 -236 231 -146 161 -132 -121 -227 -164 131 117 -139 221 113 88 -176 -201 -159 24 213 5 83 -186 163 -180 -19 0 -114 -28 -222 84 51 -248 -203 -35 -182 -80 -212 -128 64 90 34 -34 195 -54 183 233 156 128 167 120 75 -168 -22 -138 134 -74 -243 -188 -46 110 89 
TEST 69 ARG:56 46 92 -75 -146 87 149 5 91 159 186 -44 -161 73 170 -130 -204 -137 -138 187 -49 -187 88 -190 50 96 -223 118 -96 -171 -197 -159 -131 69 204 42 120 164 33 -104 152 72 -107 127 182 -194 10 192 38 -228 28 167 -230 224 -108 -100 136 -185 198 244 -237 71 82 196 200 222 -21 -87 47 101 0 146 -192 210 188 211 221 -45 -177 59 -4 147 124 217 -117 78 206 195 128 -208 239 156 133 52 -238 245 -58 -118 39 205 -121 -59 163 -123 160 -64 -18 -139 174 194 57 100 -219 -147 111 -66 -6 -136 119 -114 -158 60 30 -17 -52 -227 37 -27 155 29 -242 -246 215 135 -149 183 117 93 -135 -92 12 67 -39 -202 249 -162 185 -236 79 158 -65 84 -232 -193 11 236 -120 -181 240 139 -196 -184 -243 -155 90 207 161 80 102 103 9 -176 190 193 25 -148 -167 -226 -154 -102 179 -38 238 176 -183 165 19 49 13 63 -206 123 -134 -37 -244 -24 -5 -119 -145 -16 -152 168 40 -51 220 246 85 -106 -72 -218 230 -211 232 -143 17 -91 -61 172 -110 -241 16 151 7 -33 -186 214 -229 -209 -10 -115 -150 58 -26 227 -141 -97 -30 21 -169 26 -217 107 54 -129 145 -73 -79 -46 209 122 48 -9 104 -90 231 89 -213 -125 -248 -157 234 -7 -35 197 64 18 216 45 -12 -234 -250 51 83 -1 94 76 -175 -53 43 -239 31 125 -205 199 108 -89 115 15 -62 23 212 -224 24 68 -83 154 116 32 -68 74 -235 148 237 -95 153 -198 -221 235 142 -101 -67 -94 -15 157 -82 -127 -28 2 -128 225 126 -133 55 208 98 -126 -23 -124 173 201 -60 -165 -99 -191 36 171 -112 -140 27 228 229 -210 177 6 162 -43 -207 -19 202 248 -220 -113 121 -160 -69 -77 213 -166 -180 -142 -201 -8 129 -84 150 -174 -203 178 97 -216 75 -168 41 65 3 218 132 -200 -41 -132 -34 114 -172 -245 -25 -48 -98 169 -156 44 -199 35 140 -31 14 -80 -195 -189 112 -170 -22 -54 226 53 -40 -50 -153 20 -144 -247 -249 219 -42 8 -29 242 138 86 113 241 233 143 81 -116 -47 110 -56 130 -214 22 137 -88 34 -20 1 -74 70 106 -231 -85 -86 -2 -81 -63 -32 109 175 -78 -225 77 61 -215 -222 -71 -55 -179 -103 -164 -76 -178 99 223 95 62 184 189 203 -182 105 -36 -163 4 -14 66 191 -70 -151 134 166 -3 -105 -57 180 -111 -173 -233 -188 -13 -240 -109 247 -11 131 -93 144 181 243 -122 141 -212 
TEST 70 ARG:-113 35 14 29 -37 229 -248 91 -229 247 -150 190 -44 139 -118 -197 179 181 230 -121 -64 37 -135 -15 -208 -35 -241 115 214 -29 -106 -172 70 161 -100 -67 150 -10 -225 -55 -182 -192 95 64 -6 5 46 13 -209 -103 73 112 -22 194 136 -58 188 -28 121 241 228 173 -43 -201 174 -2 142 50 -53 12 -247 88 184 41 -101 -23 -31 163 222 -127 55 6 -198 -33 78 -221 59 171 -13 -30 54 -51 144 -176 204 -245 -50 -84 7 21 -168 -52 51 33 45 122 239 -147 76 211 -61 153 220 134 189 -234 -183 -212 -112 90 -180 -246 -161 43 -235 104 31 -77 -62 -164 120 49 126 123 -239 -86 -40 -5 177 34 -226 -195 -224 -7 200 -107 -202 0 193 89 -159 38 130 -69 -196 -38 -211 219 205 108 62 -232 -75 -227 -210 -111 26 -72 -144 221 -189 4 207 245 156 152 107 -158 52 231 58 -214 -156 87 25 -165 98 -39 -145 -49 1 217 -217 -25 -178 -206 -173 -110 -148 -8 -3 -105 185 -138 -129 145 -41 -76 72 178 -17 159 -18 -128 92 69 -223 -194 195 -89 -82 -122 109 80 -125 -237 -109 48 -60 212 149 44 118 -162 116 -205 196 180 125 -238 209 248 -151 -87 -166 151 -19 113 94 17 67 -47 -98 81 -220 -11 -108 192 102 -132 158 -137 206 223 24 -130 60 -97 133 -102 197 3 -250 111 -116 138 -243 -79 20 -184 71 172 -141 -66 16 157 -27 -177 -236 27 100 -54 32 -99 105 -249 -136 -88 -240 -80 -187 9 166 237 -93 -154 175 -21 23 -36 -203 -174 -167 -152 -228 -163 -175 -104 -139 243 -34 199 -9 101 82 218 106 -181 -207 249 96 10 232 127 215 -14 -56 165 79 -179 242 -131 -119 164 -45 168 -231 86 128 213 235 238 53 -191 -190 -169 -188 -32 -170 -91 131 -46 30 -216 154 -16 124 -153 -12 -230 119 -134 -124 203 147 162 170 -90 63 -74 169 -94 224 -117 -26 225 -126 8 -96 114 -213 -146 39 -92 -160 61 -143 -244 -95 -57 65 -199 -85 234 137 -193 -133 74 15 187 -120 -115 143 117 -83 -20 233 182 148 -114 167 -200 240 84 -185 191 56 216 183 -71 -42 -65 68 40 -140 22 110 -222 236 103 135 201 186 -149 146 155 132 85 28 47 198 -81 77 66 36 -48 -4 -155 -219 -218 19 -1 -123 -171 -157 -24 227 99 2 75 244 -204 226 11 -70 141 160 176 42 -186 -68 -242 -142 -78 202 -233 -73 210 -215 18 -59 -63 93 129 83 246 140 97 57 208 
TEST 71 ARG:-4 50 47 68 29 -13 -228 -201 -64 -224 241 -169 108 -68 131 -119 -146 -37 143 217 118 -188 35 243 112 -130 138 -60 218 -96 -135 -11 60 -139 135 110 -5 152 -221 -112 -22 248 -26 -72 -185 -41 -42 -35 -116 196 -8 -245 -125 -192 192 -204 74 -123 -89 -208 -158 -18 -120 158 2 -165 5 -66 -214 39 -198 -160 -14 102 -238 64 -107 -62 53 202 -231 -194 -77 -171 97 -75 -178 -103 99 226 85 244 -20 -48 40 -118 126 49 164 -69 -54 225 -33 -249 -168 -156 249 -176 160 237 87 111 63 7 96 224 -109 -179 -38 229 -97 -138 -163 -53 130 -79 51 -196 -244 -162 22 -175 6 122 123 -90 9 26 -19 -166 43 34 21 -182 166 -147 -71 -110 -91 153 193 137 -15 200 -134 94 -95 -209 -230 11 -39 -170 -240 -85 14 -212 71 -164 100 119 203 12 -76 211 -108 -65 169 -225 -94 150 31 179 58 -78 56 -143 180 233 207 -157 -67 82 -29 -183 -141 -111 240 -193 239 101 182 223 75 -32 -102 -87 -174 228 -93 98 -190 149 -202 -70 -28 165 219 -151 -232 124 -180 -45 55 -114 146 28 -126 171 -235 -17 69 38 -92 175 206 -218 30 -167 -1 -73 141 -98 114 -133 136 -6 230 201 -36 -27 -128 189 -117 157 -189 145 32 -203 247 132 -242 103 -220 -113 84 155 232 -63 173 174 -121 104 52 78 -83 -34 -84 -137 -40 -100 -106 109 -148 -59 -152 238 177 33 59 -155 41 -191 113 128 120 159 -145 13 24 245 147 194 65 89 134 125 -55 235 184 -122 -3 15 95 187 62 23 -49 19 -150 -197 190 10 115 -21 183 231 140 -213 198 -10 181 -43 45 -216 72 -219 -241 221 170 90 -144 209 -24 -239 17 -86 -184 -81 -149 -215 73 -200 178 -233 116 0 -31 -115 144 148 -223 80 151 -211 67 -234 -247 139 -226 -222 167 -16 127 -227 -250 46 117 191 -210 205 172 121 -248 -195 161 208 -7 -205 -140 -51 -237 -246 -131 79 -229 -142 185 186 168 142 -187 -74 61 16 36 -80 -153 -12 -47 -101 93 176 204 213 129 83 20 -52 227 -44 -181 236 -2 -173 76 -159 162 -186 -236 27 242 -177 105 -88 -104 -217 199 -25 -50 -129 -57 92 54 86 234 -199 1 -82 133 -132 77 -207 -127 -30 -56 -154 4 -99 44 -46 88 154 216 8 37 81 197 163 195 -61 156 3 107 188 48 220 91 -172 18 -161 -105 -23 212 210 215 106 -58 222 25 -124 -136 214 -9 66 246 57 -206 42 70 -243 
TEST 72 ARG:61 -44 -69 -99 -107 -116 51 -227 -64 211 -209 1 143 -121 -8 -173 -62 245 46 53 20 226 75 198 227 59 -25 30 93 2 217 222 105 179 -152 -166 225 87 29 147 -129 -239 77 -220 -13 -33 -246 -240 27 39 168 177 -117 -118 229 -151 -103 57 247 -67 232 25 204 170 -51 -163 -183 130 32 72 -23 103 -214 -184 -203 -56 -49 242 -179 235 -61 -136 -187 109 -206 -230 166 -82 84 9 228 -222 136 19 96 -16 209 -12 -208 151 -71 -50 -236 239 -229 219 18 -52 -120 104 -30 -147 -232 -132 -150 -181 -105 -111 22 -155 -100 200 -160 213 -38 28 76 -205 52 -35 163 -207 16 206 -231 -223 -193 26 60 -95 45 -189 133 -70 36 189 89 175 -243 -228 169 106 69 -146 -94 153 110 135 191 -225 -57 -248 124 183 83 -91 85 129 132 5 108 223 -133 -140 119 -28 34 -154 -7 -10 -81 78 156 3 -68 -108 97 -241 -234 58 44 -97 158 199 74 -74 -213 140 42 -39 -148 33 -191 -161 -6 -102 -124 -119 55 -73 -112 7 -11 138 171 100 -80 -54 122 165 -192 -122 -55 24 137 -125 231 246 35 118 -237 -201 139 -247 148 38 -41 127 54 17 4 -101 207 -17 62 248 188 241 202 63 -204 -109 56 -145 -217 -250 -219 -128 -131 -171 -93 215 -43 8 43 -200 -144 37 91 201 -78 157 70 -211 0 31 243 -3 82 -185 185 -36 -27 123 161 -153 -210 192 -89 -188 -87 176 13 -79 -138 -215 224 -141 73 -31 167 -32 237 196 178 -15 -198 94 -1 6 -165 190 -199 164 -114 234 128 -77 117 -224 -72 81 -59 -143 238 111 -14 79 162 -65 -172 -158 -2 67 90 -235 141 145 -159 -130 48 114 23 116 -174 -106 144 -45 -149 92 -202 102 126 -175 113 50 68 71 -47 187 -194 -167 -196 -238 173 -42 -60 -168 -48 -127 193 -221 160 -182 221 131 -29 -164 -85 40 -90 -66 101 -53 205 -139 115 -18 150 249 -126 -242 12 21 -58 174 -134 95 86 154 142 -98 -142 152 -156 -88 -63 -176 98 155 230 -233 -157 197 214 121 240 -226 -115 203 -178 107 181 -135 -137 220 146 -162 -245 180 -249 -177 -169 47 64 186 -37 -216 236 149 212 -4 49 134 -86 -110 208 159 -104 233 -5 41 -123 -46 -170 99 112 120 -83 -195 184 66 -113 194 195 -180 -190 244 218 -19 182 -96 -26 125 172 14 -212 -76 11 -22 65 -197 210 -40 15 -218 -92 -20 80 88 -244 216 -34 10 -21 -9 -186 -24 -75 -84 
TEST 73 ARG:-43 214 -132 -147 -128 -34 47 222 -44 -127 -177 -185 -76 63 -188 -23 129 -126 -142 61 -220 -125 189 -141 -146 91 -144 -88 195 -119 -234 25 131 -5 -2 -197 -162 -218 -208 -200 -211 167 209 103 126 -49 198 -122 -139 -131 -113 113 179 -241 12 -25 -14 -7 -174 175 -86 -129 187 153 178 62 -15 -203 20 148 -163 169 -149 87 -28 142 -20 11 107 10 -112 -46 -55 -87 -194 -181 -31 206 73 168 -33 133 125 -153 -58 185 -232 34 228 -207 -237 -4 -103 -50 -244 -63 236 109 -143 190 174 -179 69 130 -199 -221 237 17 -83 221 249 4 -205 -57 200 116 197 -47 211 -123 -85 -228 110 159 74 -189 -74 -17 -137 -183 -155 9 60 134 -100 -94 -38 117 244 -135 122 -68 -42 -13 -171 162 105 -102 39 -22 -39 -118 -150 120 -157 -206 246 -151 42 238 150 158 -202 0 -184 -190 115 104 -81 -246 -21 -97 81 -165 -156 -145 -186 -161 -93 97 -160 8 -10 85 -158 -236 96 -196 145 2 177 225 -176 -169 79 -35 99 135 170 40 -250 207 -209 65 149 -75 38 229 -41 210 48 156 -6 -105 95 194 32 23 78 93 226 160 199 70 22 231 101 30 -61 -240 -229 13 143 -231 182 64 235 52 71 161 -53 -90 24 183 202 -178 230 -67 -116 -72 -215 46 217 -26 43 83 27 212 -45 -36 137 -223 215 165 -222 186 66 -108 68 -65 -227 26 16 232 88 -140 219 -52 155 -124 55 138 171 248 84 -60 -152 -107 -164 5 -247 -173 220 196 -84 49 118 128 51 -69 121 -134 -245 -9 -51 132 -216 -167 -201 3 -73 -109 -56 223 -210 -166 180 90 201 102 -18 -98 -243 127 -29 114 234 -106 -130 -115 106 29 111 -133 -212 -110 119 -32 94 -138 -121 -37 15 205 -148 112 67 -91 123 -70 -99 33 -1 -30 -154 -182 36 -198 240 208 7 98 1 -191 -54 -64 92 -40 -92 -233 147 108 -114 139 191 -242 245 -12 -11 18 -3 243 -230 -101 -238 -187 124 -175 -48 -159 54 181 151 14 -27 50 192 75 -172 203 213 141 -168 204 -224 86 82 21 -62 -117 56 164 -77 136 -24 172 19 -217 89 -249 144 242 6 241 -235 -79 -225 152 -120 -136 72 140 -89 -170 227 -111 -214 80 -239 -193 -95 59 146 -78 173 157 -204 239 216 -71 -16 -195 193 -213 58 53 247 57 -180 218 154 -19 28 -192 -8 76 -219 35 41 -80 224 100 163 -226 31 -104 188 44 -82 -59 176 -66 -96 -248 45 37 166 233 77 184 
TEST 74 ARG:-21 222 246 32 -56 -247 96 106 -143 174 31 249 -155 -93 12 157 6 91 135 202 -191 128 -118 -31 196 0 -165 -41 -192 -193 116 -30 112 -79 -17 -199 45 -106 -55 126 65 -88 -197 102 195 169 47 -47 -224 140 118 150 -59 75 -83 -114 -220 166 224 141 -142 -174 26 184 -46 -202 -158 -49 -237 164 187 -236 -172 136 -68 -229 -167 -203 145 -243 -71 -205 -211 -97 -226 -3 -43 25 -248 120 5 3 95 -39 178 228 -242 69 -57 67 -145 -219 101 34 183 104 -76 225 -94 -137 -117 -161 231 226 -80 39 38 -54 -7 62 23 19 -153 -23 -104 -140 218 177 193 70 -136 152 -227 124 -24 165 200 -228 -60 176 48 -182 -195 162 -33 210 131 -139 77 -96 -190 33 -171 -4 209 160 113 16 -157 148 -10 81 -98 -123 59 79 -66 130 -91 17 134 7 -65 10 -233 -36 -89 -86 -212 185 190 -200 243 212 43 114 71 30 -127 -37 58 -53 -135 -222 56 51 -73 11 -179 100 227 182 4 -217 1 86 -170 -144 -232 -244 -32 -216 217 -215 119 142 -105 -48 55 -74 -152 -131 24 192 -61 -29 133 -1 -112 -186 242 -28 211 93 -62 149 245 151 80 -146 175 99 83 -9 214 248 28 123 216 -70 -149 -51 84 -188 -38 82 -77 111 -40 108 -92 155 64 -175 238 -201 -22 89 181 139 -63 -141 36 -16 129 -42 219 88 -69 49 -209 -85 -111 244 -90 -113 -246 203 -72 13 154 109 -151 204 171 189 18 232 -25 220 -147 -189 -34 215 194 -100 230 -204 98 72 -27 -103 121 -240 206 -18 -84 -249 60 -230 -162 163 -125 247 146 -154 110 50 -26 -214 147 -64 241 -19 -164 -95 -2 53 -50 -207 223 -14 52 21 168 158 233 37 180 221 -234 -183 -126 -187 153 197 -181 57 -213 87 213 92 2 -134 236 239 -231 41 132 127 -173 -119 -52 -82 76 179 122 201 -235 -116 54 15 -45 103 161 -102 234 -241 -8 137 198 -178 -239 159 73 -122 -218 -5 -107 117 -81 97 -185 -130 -210 138 105 173 85 -184 -44 -194 115 8 -166 61 -176 -87 20 -198 -101 207 -115 -124 46 -67 -148 -160 191 -129 90 186 -223 208 -150 172 237 27 44 167 29 -11 78 -13 22 -110 -250 188 -208 229 -120 94 -177 -20 40 63 199 -159 -12 -58 -132 235 240 74 9 -121 -221 -78 -238 205 125 170 -15 -99 144 -6 -128 68 -156 -133 14 -75 -35 -138 42 156 -163 -168 -206 143 -169 -196 -180 -109 107 66 -245 -108 -225 35 
TEST 75 ARG:2 -76 -138 188 198 -81 214 124 5 -114 -113 -29 37 -144 -180 66 -7 98 177 103 155 -236 82 97 180 222 -149 -1 -25 -41 26 101 61 165 112 216 46 -72 53 118 72 77 -108 -232 15 130 174 206 -171 -130 -205 193 -241 -173 23 -123 -175 -110 59 -155 -15 -177 137 -179 -12 152 0 102 -104 86 63 -9 -222 125 -240 -34 184 166 58 -24 -125 -87 163 8 176 -35 94 52 -56 -219 -11 -58 -124 134 48 89 9 87 -97 158 -185 -137 -181 -235 238 221 128 -89 -60 -195 -121 201 -75 76 -44 127 -143 -187 150 157 60 208 -190 140 -189 70 -126 -228 146 -112 217 -55 164 204 -109 22 -188 -39 -243 225 218 -183 -43 -139 -134 135 -84 153 -156 90 -51 228 148 -127 -212 91 -167 185 -226 -73 -223 88 -30 38 -215 -224 24 -152 -47 -206 224 93 142 -225 -118 29 210 211 108 215 36 -204 -203 213 -220 -207 110 117 242 120 -99 191 -79 6 20 205 105 138 -198 -182 65 3 114 19 -96 196 -249 168 30 -242 -245 -238 -33 -166 40 -133 212 -16 178 -74 -8 156 -122 -200 -86 -174 95 -211 44 -239 173 162 56 100 83 67 227 -218 123 226 -102 181 34 -64 -36 -103 -111 244 -120 35 62 187 126 -151 141 197 234 -2 81 -193 106 139 31 78 -95 116 -28 111 -19 -147 57 -93 233 248 -221 74 -209 237 -62 -116 133 175 -227 13 239 -71 -161 -157 199 223 84 32 122 232 -199 145 121 131 45 -178 42 -54 28 183 230 -52 -208 50 243 -145 -37 12 189 143 -17 75 -214 195 -21 -92 -83 -229 -32 -159 69 113 -184 209 115 151 186 -23 -106 147 119 -48 190 -40 -90 136 -53 49 33 -65 -135 -191 -107 7 -131 -244 179 194 -85 68 -80 -233 47 1 249 -230 -142 149 -162 240 -91 -115 107 -66 -153 104 54 -57 161 -50 -68 92 -168 203 51 171 220 -237 129 109 14 192 -78 -31 85 43 -49 -5 -10 -69 207 202 -26 -27 -20 -194 -119 99 154 4 132 -150 71 41 79 -213 -176 -170 229 -67 182 21 160 -101 39 -3 -22 -217 167 -100 -164 -216 27 246 170 25 -197 -231 -132 -77 -163 -70 -38 -136 -61 247 -117 -59 -63 -128 -234 219 235 -129 -160 10 -186 159 -88 -46 16 64 -196 236 96 -202 169 -82 -141 -165 -94 245 172 -45 -13 231 -172 -98 11 18 -247 -148 -169 -14 -18 -140 -246 73 -158 -192 200 144 -250 -146 -210 -4 -105 55 80 17 -42 -201 -248 -154 -6 241 
TEST 76 ARG:-247 163 -162 -165 -190 74 65 117 183 96 -128 189 -178 -84 146 -145 -123 182 -231 235 109 51 -113 178 104 57 227 7 -15 -101 -63 131 -117 -207 -221 58 -204 -203 226 80 -21 -176 19 -193 -133 -250 -69 -208 150 -83 -182 26 -246 -28 -38 162 79 -168 144 84 102 -8 138 91 38 -130 -127 -228 6 -119 -199 179 143 123 -98 4 217 88 -239 17 -97 -81 219 -112 47 199 -61 -37 107 110 206 -5 175 73 -126 168 94 75 185 166 -13 -19 -65 155 -233 248 -110 71 -105 221 -23 22 -87 -172 134 -149 21 -55 -222 -109 20 -71 48 -134 204 -88 -197 98 86 171 -59 78 37 159 188 -224 -210 230 -169 1 -30 -57 100 -54 -189 -17 -144 101 -32 -73 191 113 13 -143 211 165 -185 -58 160 -155 -89 133 130 69 121 29 161 229 -118 -99 25 149 139 -90 -245 108 -34 99 -234 -171 -152 -26 -215 44 -45 56 -184 234 186 -18 -140 -235 137 -75 -175 -167 -191 35 156 87 -225 -223 77 -236 82 33 180 -211 -78 3 -106 59 127 43 -53 -33 42 -120 167 148 -201 141 -212 -124 30 126 -240 -3 81 -96 -60 112 53 -241 -125 67 97 202 -205 -177 136 169 28 36 -31 -173 23 118 216 -141 16 -150 -227 212 200 -74 105 -115 9 -104 114 222 -132 151 213 -20 -46 122 -56 66 -237 -194 181 -12 -68 -114 208 -103 135 240 -9 61 103 68 225 -62 70 93 -160 -102 -135 83 -238 -219 -148 210 15 237 224 -10 106 -36 187 154 -72 249 214 31 -142 -77 153 120 -213 -121 236 140 193 -107 -220 111 -50 -14 -198 241 92 -40 209 -147 203 -92 157 -181 -100 10 129 -7 -166 142 -43 0 -217 -195 2 -232 -174 124 -6 -192 -164 -48 -52 220 207 -47 46 -153 243 198 -249 -159 197 232 -209 -242 245 132 170 233 238 95 -156 196 164 228 -66 52 201 -108 -158 -248 -163 -214 -27 192 -76 -138 244 -179 -85 -95 194 -187 -70 158 -243 -86 -11 152 174 54 -22 64 85 -226 -139 -51 -25 -206 72 40 231 223 -116 242 5 218 -111 -183 -170 -80 -157 215 -161 239 205 -154 -146 55 176 -82 63 -196 119 -180 -29 172 -151 -67 190 -16 -2 173 90 -131 -229 247 -24 177 -244 50 -216 12 246 -79 39 45 -64 -4 -218 -93 8 18 128 -35 62 115 -200 -202 -49 -186 32 -188 -122 -230 41 147 -136 -1 14 145 24 116 -39 -94 -44 -137 195 184 49 11 34 60 89 125 76 -42 27 -41 -91 -129 
TEST 77 ARG:47 125 126 171 -67 18 -129 245 86 -199 -197 233 158 -38 -247 -171 205 -232 -250 246 -75 -122 213 5 -83 22 178 -136 -96 -182 -81 162 150 -219 -169 -211 244 167 225 137 -138 -183 70 -145 78 115 -239 142 -162 -16 149 114 243 -34 141 -17 145 -101 33 -152 144 -230 -86 71 -77 -204 182 -235 39 -4 -48 139 -3 212 -243 -8 -40 81 -104 41 -107 94 132 19 13 -150 -119 -209 -94 -246 -190 239 14 187 -5 157 203 -184 176 -1 -97 -194 130 -220 -58 -140 -134 50 128 105 55 35 230 -185 -166 -177 15 24 -53 -139 172 -76 -224 -249 53 237 2 -78 170 73 -14 -147 -56 3 -151 120 -179 197 -71 27 -192 -64 32 -70 249 -47 147 208 66 101 92 25 -195 83 -125 -120 -6 56 -118 154 102 23 -100 169 238 -51 -161 -54 26 -23 -142 -141 181 72 206 160 -193 185 100 -37 -160 -2 143 -198 -236 -237 -87 -52 -144 -146 -165 229 -59 79 -102 -215 -240 223 40 62 -233 -63 104 -238 -132 -130 -112 218 232 -135 222 12 -24 -89 -200 -176 221 -106 224 -32 133 -113 188 235 -221 152 11 236 88 77 54 -36 123 215 -82 -228 58 89 74 227 -90 -57 202 -159 190 84 91 111 -33 -178 -29 -213 95 67 131 -55 201 135 -65 159 8 -216 -126 -148 210 -27 7 -80 28 -44 124 -143 80 166 60 164 191 231 -203 -131 -174 161 -46 196 97 -31 140 179 -114 228 -79 -153 214 96 106 118 36 -15 17 -13 45 -95 -74 119 -127 -30 -234 20 -69 194 -149 4 -103 -42 116 -93 180 200 -196 -207 -28 -212 211 -84 -50 108 -154 -49 136 -170 -22 110 -98 -10 -35 193 -19 76 29 163 -115 -242 30 247 -45 148 52 151 -68 65 112 0 -155 183 48 -25 -157 192 -226 241 240 -163 -222 63 107 75 -245 -21 175 -105 -116 -175 -62 216 -167 -11 -7 -85 59 -39 61 -218 -41 189 -73 34 42 -187 -189 -208 44 -191 93 -248 -18 98 -61 155 -110 -188 -12 51 217 38 99 -156 248 -225 121 103 49 127 174 -158 31 -205 -111 -172 -123 -164 219 177 146 43 168 117 -137 -244 -202 10 -109 195 -124 1 16 -9 9 85 207 -108 -88 220 90 -91 -180 -72 -168 199 204 69 -206 -217 234 64 -210 -121 -66 57 226 -99 122 153 68 -181 -186 46 -214 173 186 6 87 242 -241 156 138 -133 -26 -117 129 37 -20 -173 184 -229 198 -231 134 -223 -201 209 21 -128 -227 -92 109 113 82 -43 -60 165 
TEST 78 ARG:226 45 -177 -217 178 176 -50 77 124 82 152 197 -135 -13 149 -164 234 123 233 -70 -216 89 215 161 -170 209 -246 191 35 -163 189 -86 243 -147 -110 117 -192 -225 186 -99 231 -71 31 21 144 -21 -234 70 -120 37 75 -221 -97 183 64 -72 76 -87 140 27 221 -194 -137 235 57 105 242 -2 -43 -26 -31 48 -168 -116 -235 -17 -154 -244 -195 58 214 -159 -45 -129 246 -57 220 -30 17 -233 11 112 102 -89 -92 199 -176 -111 1 -215 -249 241 -76 12 201 228 -8 108 -178 -41 -250 -185 -79 -74 -151 128 47 -227 9 -141 114 60 -9 218 22 -203 168 109 222 184 -88 -197 10 225 -39 66 153 13 173 145 97 4 -7 85 -18 -37 95 73 -213 -166 -73 99 68 -3 -130 -77 74 -175 2 87 -133 3 -121 -107 -201 -108 -4 -94 -16 247 -142 180 110 142 143 -123 187 54 131 -14 -220 -207 -36 182 -15 181 -134 171 34 115 244 -20 -242 -189 217 -124 179 -24 -81 -40 122 -29 50 -75 146 132 -69 -93 79 23 -200 88 104 -34 230 -219 210 -82 -23 158 59 -224 -161 -11 126 62 -49 -104 -209 29 -54 93 177 232 -28 155 96 -236 -238 44 190 -103 -210 -105 -150 65 188 -211 239 125 24 -199 157 -229 160 -157 -247 55 -165 163 -184 0 -60 204 71 207 236 -62 -232 36 -190 40 -204 39 -131 -42 213 -144 -248 -66 -205 14 206 -19 -188 -59 -48 53 196 212 25 -128 90 -186 238 -58 208 -152 42 170 -91 -132 240 -145 -222 -53 -84 129 91 248 -174 83 113 192 33 -241 -230 -100 203 -226 169 216 41 -55 -64 -51 -106 -173 237 -38 211 119 49 121 -6 174 133 86 -191 -208 -85 -96 -125 -228 -143 -167 -196 -162 147 -78 116 56 -52 7 -5 98 20 -47 139 202 106 -148 16 -198 118 162 -206 137 172 229 138 134 164 -182 8 -153 -118 165 -237 -12 -126 -98 26 -1 103 -136 -46 -63 -32 -83 -223 -140 63 -35 -139 -160 -158 -179 -33 224 -101 194 -214 -240 15 -113 -65 -243 -114 -67 -80 32 200 -56 69 52 94 130 -122 150 100 -27 18 -112 -245 80 -115 156 -22 193 141 151 -68 245 -172 166 101 -102 -193 -109 -61 148 -231 -202 51 249 175 67 -90 127 111 46 38 -119 72 -156 92 -146 159 167 61 -183 5 -25 -181 43 205 120 -155 -212 185 6 81 -239 -169 -171 -95 -149 30 84 -10 136 107 198 -218 19 219 -117 -187 -138 227 -44 154 195 -180 223 135 -127 78 28 
TEST 79 ARG:-219 -97 172 -220 -31 102 -87 10 129 -125 -107 -120 154 -73 146 210 -34 155 211 -84 -8 96 -15 60 160 79 186 -98 -45 116 -123 226 -248 47 167 189 -1 -78 -242 109 -157 127 44 -206 164 233 134 -116 234 -156 -155 -135 8 -146 66 24 141 230 -94 -82 -222 -216 -117 -164 -65 26 107 69 228 -28 -167 247 -101 31 -136 -177 184 -185 98 104 -244 -138 227 -64 183 -140 213 -96 -227 -40 73 163 -72 -224 99 -231 151 156 -142 -62 50 -184 -30 75 114 -180 -168 -232 59 -214 56 -151 190 -89 -159 34 71 11 179 27 -36 157 -23 1 119 -9 180 -26 -10 -32 223 222 -99 -20 -243 144 202 2 -59 -131 4 135 -46 -170 83 -124 70 72 159 -137 -130 -218 -144 158 -188 38 -110 218 57 12 -118 -246 182 -215 165 -226 239 191 28 -241 45 -245 -111 170 -176 40 13 244 -204 -103 217 -115 -186 -95 195 -55 86 197 62 203 82 -83 -14 -230 -92 -122 245 55 -79 140 -11 -77 122 -85 -189 74 30 88 -21 93 153 -200 243 -213 51 -91 145 52 -50 -13 -217 -132 115 -234 162 123 -41 94 105 130 138 -178 -19 149 -61 -24 175 -141 208 -191 -161 -134 32 229 148 -193 33 -207 19 224 -238 199 43 -143 -128 112 131 103 64 201 204 -183 5 -18 241 -223 142 188 -47 -205 -119 111 -43 -52 97 -187 -221 95 -81 -71 -74 -150 77 65 215 169 -57 54 -228 -68 108 91 -67 -172 46 -2 152 -105 -70 -173 187 -54 -58 231 237 -190 236 212 36 -179 -182 29 -121 206 -56 14 -33 -249 -158 -210 232 209 -39 242 -198 200 171 92 -181 58 -163 118 -126 -225 -209 -169 221 21 225 87 -80 -86 -63 220 120 90 248 -194 -48 -25 -88 -60 -247 -66 -7 205 -195 -106 150 -162 -139 235 -38 -152 -29 42 -149 -208 -154 16 -201 113 39 9 -102 68 -192 240 22 84 117 133 126 176 193 67 -175 53 174 63 143 178 214 76 196 121 -114 20 25 49 61 185 -112 -165 101 -44 -90 -49 192 -133 238 106 -27 -69 -229 207 249 -100 -42 125 -127 -53 -250 219 -104 -240 -3 -12 37 -129 -233 -75 80 -153 137 -108 -199 166 177 -145 -113 100 -6 -239 6 -196 7 -93 -17 -237 -109 15 -202 3 -211 23 -51 -203 -5 128 -147 161 246 -212 -35 0 -174 17 -16 110 139 -197 216 173 124 78 -4 41 35 168 194 85 181 -236 -22 -171 89 48 81 18 147 -148 -166 198 -160 -37 136 -235 -76 132 
TEST 80 ARG:205 -183 -148 -20 -113 -122 141 42 -29 139 83 221 -227 210 -221 143 -17 74 71 -92 -152 -153 154 -41 -138 118 -223 -58 -209 -182 -154 38 -18 -150 -159 110 -187 144 -191 93 -149 78 -184 -86 54 -4 -219 232 30 132 -72 106 178 -45 175 169 220 -94 90 -46 -246 -143 66 32 -163 157 63 -99 -132 125 208 -142 -64 241 173 -167 -244 -116 86 -194 -117 -82 -93 171 -196 164 -8 -213 133 -226 190 -38 -188 -190 -3 45 134 -118 212 119 -49 39 128 116 15 -126 -237 -218 122 -160 40 34 147 -127 108 -130 -52 -62 -70 18 111 -16 172 -42 10 -9 -28 167 -79 195 115 9 84 -239 -24 -103 -21 51 -11 20 -39 37 64 35 70 117 -205 -197 -169 -60 -147 245 -5 -208 -164 -200 215 214 -204 75 -206 -165 113 -131 159 -202 114 -124 -98 -119 -129 242 -109 246 -90 137 101 -211 -51 121 149 219 56 -179 130 -36 -201 -151 192 -120 72 204 207 193 203 152 166 -128 31 44 14 -54 -186 -27 60 23 150 -25 65 -170 187 -173 135 27 -224 -162 191 206 163 -135 59 -240 12 228 -77 -249 184 -238 -19 -181 55 -176 -76 -134 -65 -67 -104 -121 -214 -192 -13 24 112 -229 -220 -40 227 -247 238 -112 -32 222 -217 81 -172 -85 -114 -83 -137 131 -207 48 237 -26 234 138 209 69 -75 92 126 102 85 -59 -180 53 -14 -230 -136 33 19 52 235 -110 -78 -22 226 -177 -57 -107 218 99 240 148 77 -243 236 161 -248 -234 -199 -55 160 28 213 230 239 -53 58 -198 247 -133 -100 82 182 123 -2 201 249 29 -215 -69 100 6 61 129 -81 -140 -12 3 120 156 197 -171 -156 217 211 25 155 -10 -34 200 -61 4 57 -1 -158 -102 -84 -242 186 109 180 49 -144 -231 162 -37 -233 -178 183 -30 -33 -6 216 168 16 -123 177 97 -157 199 -212 165 -48 -89 -91 223 41 17 -225 46 229 243 95 107 181 124 -15 -175 -195 -193 43 -235 -96 -210 -66 185 94 47 -44 202 146 -166 -216 -106 96 170 176 13 -97 -161 -73 22 11 189 224 225 -108 2 67 -189 -71 -146 91 140 -203 -232 -63 -168 -155 -241 188 -185 62 89 -228 -145 73 -250 -88 76 -101 8 136 -222 -141 174 -7 153 -43 -115 103 151 50 198 248 -56 -74 -105 -139 233 -35 26 104 98 68 145 194 -236 -125 80 127 142 196 179 -87 -111 -174 231 36 7 -23 79 21 105 244 -50 0 -47 -31 -245 88 5 158 -95 1 87 -80 -68 
TEST 81 ARG:187 166 213 -112 149 154 36 104 -43 165 -139 -151 -32 164 65 -46 -39 -145 191 -50 146 92 -236 -104 159 5 243 -209 -176 156 -219 -134 -58 -160 211 -28 -179 -180 -96 6 -124 96 -113 235 -29 -75 -250 109 242 185 -13 -150 -19 56 -147 248 -152 -89 180 11 137 -77 -59 -1 -182 -68 -20 122 8 -26 116 -70 190 -174 -185 -31 -221 -238 157 86 -131 -83 -105 100 93 -201 61 -110 43 40 221 127 -117 98 139 -38 134 232 -44 67 49 123 32 2 -98 -235 -37 63 -225 -169 28 225 -153 -116 16 54 119 237 239 -196 233 10 50 -24 -231 77 -126 -102 208 -207 94 -211 58 59 177 219 -244 200 183 83 -202 -155 -178 144 -198 -161 206 -133 -247 -95 -248 -16 102 -99 151 199 13 -72 -191 -49 -216 -172 -240 -63 -25 18 228 201 -86 48 131 7 45 -203 186 24 128 87 -146 -60 -94 47 114 169 -47 -107 -42 -190 34 160 -170 -67 -222 105 -87 -165 171 -239 75 -69 -17 -121 236 -220 29 -175 -194 -188 142 -91 222 -164 101 90 80 -158 241 68 21 31 -71 207 60 -149 147 -11 133 -106 -228 140 176 -166 -8 -51 -108 227 69 130 223 55 -224 188 179 -173 95 33 141 -21 234 -163 124 -192 46 9 -76 30 -230 181 -4 167 -81 115 163 -195 -184 -56 -78 -73 245 -212 193 175 172 -245 143 -54 -129 -154 42 -109 17 -92 -41 39 -30 -101 99 121 -208 -66 -84 129 82 -62 -85 -27 27 25 78 -132 -52 189 -114 -140 212 204 -115 57 -148 -45 -137 66 -193 217 -65 145 -138 -243 -111 -168 -93 -205 79 162 120 198 -167 -187 64 14 -232 -142 -57 -9 -197 74 246 19 220 -226 -234 12 209 62 15 -237 -18 76 -7 -15 73 -171 -136 -3 238 0 -214 182 1 35 -157 103 -82 -120 -61 91 173 72 -183 -36 -97 110 148 -242 -246 -33 -118 53 -241 -55 106 150 -123 -88 196 158 -34 -10 -119 -181 -130 -128 178 -64 85 -6 107 155 210 214 230 -100 20 -218 240 26 161 -223 202 153 249 -74 -217 -215 44 -143 81 135 112 -156 51 152 -200 -14 71 194 170 -48 -125 197 218 -159 3 247 -227 184 216 -135 88 -40 126 41 226 84 -79 136 -210 203 113 -103 244 -22 174 -23 -90 -213 52 -229 -186 -144 22 205 23 4 -53 97 -189 229 195 132 -141 -80 -249 38 -206 89 117 168 111 -204 -127 108 -35 118 192 -177 -199 -2 125 215 224 -122 37 -162 -233 70 138 231 -5 -12 
TEST 82 ARG:130 -122 248 54 -200 171 62 198 -249 178 -138 32 51 -203 -151 -42 214 0 26 -172 -63 -132 -242 -93 246 -89 115 34 -112 -170 3 8 -95 -1 -162 15 87 -211 70 16 -140 223 -230 227 -41 49 67 78 -110 233 1 -188 217 71 -21 -69 -90 121 -233 -125 -184 150 -2 -250 81 -19 -47 11 58 -178 -77 -159 65 -234 -160 12 -55 116 6 -29 190 -161 85 228 -216 144 -223 -61 -32 -139 -229 -54 -40 120 -74 -51 -35 160 -26 164 122 117 180 99 111 124 -210 192 104 -4 -169 -96 -22 247 -128 -235 -208 162 -185 -67 101 -136 -212 -25 83 -236 152 224 -94 91 10 -116 -209 -163 88 -103 195 -48 212 -129 50 108 9 -165 53 173 182 -71 90 74 -28 -66 43 -24 -197 240 -120 -23 47 -101 196 -219 -34 -27 129 -53 168 213 241 216 219 127 148 245 29 225 89 -218 -174 48 -176 142 56 146 -196 119 63 -73 -43 -86 -240 37 211 138 19 86 -124 -65 -98 41 133 -30 -64 25 249 226 207 -244 -137 92 244 69 -79 -17 23 -214 -107 -152 -72 -9 -46 66 -134 -181 157 141 199 -100 185 59 220 -189 93 -6 154 -164 137 45 -135 179 17 234 -58 147 30 38 156 -228 98 161 191 128 64 33 -62 39 -226 201 -80 184 27 -102 134 -158 206 22 -231 35 -241 -217 -215 197 2 -105 123 -143 -127 118 210 60 167 -193 106 -221 -14 -87 -10 -232 -146 -177 -36 -156 -206 52 140 209 46 -75 -220 -99 -205 -81 -183 -76 149 -237 -245 -199 103 174 -68 73 -126 96 31 -50 -84 -148 -142 -57 -195 13 126 100 40 237 181 -133 -3 -227 -168 222 -109 235 239 76 75 -5 153 215 -85 193 -141 -20 189 -114 187 -198 -171 -56 -190 112 4 232 77 -7 131 -224 113 177 7 -91 -33 -222 -37 -49 -13 151 114 -70 230 186 -97 158 229 24 55 -82 170 -118 102 44 -187 188 -180 -121 135 -207 36 -182 -60 95 -106 -117 -144 -115 107 -186 -150 14 -111 -167 82 -108 -145 -15 -16 -154 94 132 -157 172 57 -78 166 205 97 163 20 -248 -88 -83 -238 169 -8 -191 203 200 -12 -113 208 5 -11 -213 139 183 165 -38 61 -201 72 -92 84 -119 -59 -153 194 243 -179 -239 -45 -202 -52 -131 79 -44 145 -204 -194 42 -225 159 -173 -246 -147 -130 231 109 -149 -31 143 -104 202 18 21 -243 -39 80 176 68 -155 125 105 28 -247 204 242 136 -166 236 175 218 -192 -123 238 221 155 110 -18 -175 
TEST 83 ARG:-128 -1 -218 -220 95 -225 218 228 18 198 -101 -98 -105 -16 -176 -59 -94 165 75 236 -52 204 241 -141 129 -7 41 54 172 -182 -170 -21 35 2 26 82 -104 -174 -49 -169 -4 21 210 150 134 25 -248 137 196 -55 -65 -60 49 -143 74 -245 233 97 213 -119 152 215 89 -167 -38 101 115 -249 -193 -187 -189 -147 -47 -177 -136 -109 167 -146 -111 143 -217 -12 -179 -75 90 52 -233 92 -70 -79 -42 -175 146 -86 -159 -22 -91 -219 -13 -210 -138 -120 23 -209 -222 -107 57 -198 219 166 -208 105 -95 -239 64 -247 221 -196 86 15 -190 -3 185 207 -122 -35 -212 141 59 240 -229 10 -5 -134 -166 -14 202 -151 -137 -73 -45 157 -211 -97 -192 104 247 197 -145 13 103 -155 -82 -129 -96 249 -242 108 -130 32 -230 -113 -53 -185 -64 -184 -61 85 -28 70 4 138 195 122 234 160 -37 203 -178 88 -223 237 145 106 163 -36 -244 124 187 144 28 -206 -102 153 -153 -23 -48 -236 -117 -27 1 232 -17 91 55 -132 199 69 211 169 -207 -80 -44 -58 214 164 34 -133 84 142 71 -40 -63 -194 -172 -161 -204 -112 -41 -250 -231 -29 -160 190 -186 27 -237 80 148 37 212 93 222 158 -214 98 -51 -227 7 -154 78 -240 -203 -15 -92 -126 -123 -118 8 45 180 36 -226 -85 -54 181 130 16 -89 110 76 -87 109 -110 -31 -33 -72 116 121 217 -235 -200 186 100 87 -115 -8 201 39 -150 -140 242 -149 206 -152 -62 -116 244 99 65 30 139 -50 -46 -195 44 231 102 194 81 61 -201 0 5 -11 155 24 56 -171 20 -205 33 239 29 147 127 17 62 -74 12 11 -78 107 220 225 73 53 -241 72 -69 114 189 83 -68 94 168 -202 -188 -39 111 47 132 216 223 6 -76 230 46 184 -90 66 -183 248 -144 120 182 -148 -131 128 118 229 205 63 126 -127 246 -83 -238 -57 40 -156 9 58 -9 -243 192 149 -114 193 235 -124 156 51 162 68 -81 -25 191 -199 208 -18 -228 -125 123 31 -93 -66 77 50 -232 -221 178 67 -163 224 171 -142 209 43 96 -215 173 48 135 -108 -2 174 -168 179 -216 -135 -56 60 133 243 -100 -173 131 226 22 -26 113 19 161 176 38 -165 -88 14 -77 -224 238 -24 -43 -197 -84 42 -164 140 245 -121 159 -71 154 175 188 151 -181 170 -19 -234 112 -158 177 117 -30 183 227 -162 -34 3 -103 -106 -20 -10 79 -157 -99 200 -67 -246 136 125 -139 -213 -180 119 -191 -32 -6 
TEST 84 ARG:-11 210 239 208 186 -45 197 17 -86 74 -20 83 1 -215 214 -63 -84 -204 -217 -118 29 -180 -134 -156 163 47 63 -31 -41 41 13 -244 -22 -39 106 151 166 221 -48 -198 -165 -227 -54 -52 -103 141 -235 -112 -55 207 -25 -120 48 146 86 -155 -234 -24 -243 -175 -106 112 70 -35 66 -16 -188 -168 135 -145 50 82 54 -91 192 -150 -223 -58 -51 -208 62 -6 39 6 229 -133 -170 -4 -167 194 -181 158 16 142 -139 -76 -237 -89 -153 217 -184 177 169 72 -71 -10 19 -8 34 231 117 -5 -79 -96 -72 203 -93 179 -158 -87 -190 183 -144 -136 140 -75 212 110 111 33 8 123 94 125 189 97 40 -61 -126 -95 20 246 -97 -12 -113 -19 -182 44 32 -177 -211 165 170 -30 -213 199 -146 -221 -166 -140 -13 -29 241 -143 -159 -149 162 -33 11 161 249 30 22 -176 -163 237 -73 114 -116 71 128 127 230 -219 -2 -197 159 129 107 73 -62 222 -241 -44 104 9 -162 236 55 -66 -78 26 37 157 -83 -236 0 205 58 247 190 3 -81 219 36 76 -195 -141 98 57 -37 139 227 175 238 195 81 80 -160 201 -152 79 -238 164 -85 -74 -247 -107 -191 93 59 52 -220 14 235 126 -127 -64 173 218 24 147 248 124 68 -34 121 234 116 232 -108 38 49 -157 200 -169 -119 -222 -218 -122 -242 -49 -240 -53 35 -70 -69 64 -206 -129 120 193 -102 -214 -216 -100 -27 -148 223 -248 -98 211 -229 115 -46 108 191 148 -245 -164 -228 -21 21 -109 -200 90 132 53 77 89 133 143 88 75 233 118 -250 51 -174 5 -189 182 152 213 23 -137 -209 -56 100 198 -38 84 -161 -26 -246 -104 -135 87 181 61 -105 160 149 185 31 -154 153 130 -230 -3 -130 91 -194 78 -7 -239 -124 46 -212 206 85 69 156 215 220 -43 134 -172 -205 -178 -192 95 245 -110 171 -233 -1 92 -202 240 -142 -225 -125 -203 209 -207 10 -36 -68 176 -132 -224 242 167 -94 145 12 180 187 -77 -231 -183 -226 -80 172 150 -60 -131 -121 225 -111 -138 224 -99 67 -185 -117 144 188 136 96 -67 60 -147 -88 -115 -171 -28 -57 216 101 -59 109 174 122 -65 -210 155 43 -151 102 -50 119 168 -9 -186 -82 -199 -32 65 25 -193 15 184 -123 -101 27 204 -23 18 244 -128 56 2 42 178 -17 -187 -42 113 -201 -173 103 -196 -14 138 105 7 137 28 196 243 -18 -179 226 154 -114 -249 202 131 -15 -232 -47 45 228 -90 4 99 -92 -40 
TEST 85 ARG:57 -209 8 -94 -100 -183 78 -172 212 192 -152 -47 -185 -237 -211 207 -147 -121 110 64 -40 -118 -23 118 -187 -81 23 216 169 -12 171 -67 -33 123 79 -101 95 223 -141 196 25 31 151 240 61 -22 17 213 36 -45 -97 154 230 -20 -207 227 -225 152 81 -137 198 173 -46 149 -249 -212 232 191 -36 -154 33 -66 -128 68 167 -176 -96 -168 -30 -7 45 175 107 88 -196 -188 -157 -227 165 -62 182 -87 238 211 84 140 -162 -55 -130 -158 35 -204 49 210 -90 14 248 -215 -124 -170 129 59 -231 -229 -48 37 -39 -13 -201 -37 -88 -182 157 116 -103 48 -143 -21 -203 -6 -72 130 -10 -19 166 -38 104 126 39 -99 63 -221 -193 200 -150 -133 29 -161 148 185 28 76 -95 -184 -136 -18 40 -165 158 219 -79 19 -179 -4 -14 16 -192 -27 34 -248 -85 222 147 -91 86 77 -49 13 -78 12 -110 -219 1 224 -50 -177 -122 -89 174 -232 -142 -191 172 -145 87 85 30 137 -44 -131 -34 98 9 -195 176 109 47 -80 -181 208 -244 113 -138 -61 108 99 -105 50 243 -51 -70 241 -235 38 -74 -82 11 4 -200 -146 -56 234 190 -213 55 -228 189 -32 -246 187 -58 249 53 -43 -102 246 73 46 -189 139 101 2 -149 -54 184 206 15 7 -223 -224 -129 41 235 163 -230 124 -127 -75 52 -216 138 133 -63 -167 -2 188 -245 168 120 -73 239 5 -86 -208 160 -155 -151 194 -180 56 -214 146 115 177 221 237 141 209 -3 -217 -92 3 -60 -108 82 -98 -134 136 244 218 -210 -234 131 -148 135 -111 153 -236 -115 125 -171 27 233 96 69 21 132 -120 20 199 -104 -194 103 106 -25 94 -242 -5 62 65 -77 -238 145 83 -206 -166 -28 205 159 183 111 60 114 197 -132 231 -116 178 215 144 127 -202 -106 -135 -83 220 -71 242 186 -109 -139 75 91 92 80 -243 -126 70 128 105 179 201 -64 -233 164 10 -57 44 -35 181 162 72 -247 195 -76 -26 -164 -175 122 -114 58 -117 -163 217 42 -113 -93 170 -53 155 121 119 102 6 -16 89 -241 -250 236 -84 -239 71 -144 228 -222 112 -9 93 -190 -205 -140 22 -112 43 -153 -178 204 -8 214 245 -197 -240 161 150 90 -107 117 18 74 225 24 -173 -119 -218 193 67 100 -226 26 247 -1 -220 180 -156 229 202 -31 -123 -17 -15 -65 97 143 -169 32 -174 66 -41 -69 156 -159 -59 -186 203 0 226 142 -42 -24 51 -68 -198 -160 -29 -125 -199 -11 134 54 -52 
TEST 86 ARG:219 173 -30 -29 171 60 13 -175 -244 -52 -104 -228 240 -240 26 -131 20 -59 -200 188 -207 -116 80 -139 -47 8 -7 -143 -204 -83 -154 225 187 -153 -70 -37 -25 196 -190 -113 151 147 91 139 56 27 -202 -5 142 37 -145 35 -229 -130 -73 -72 65 16 234 84 23 198 136 12 -163 -31 -227 241 191 -199 243 -98 -61 140 -135 202 126 -181 52 -88 -50 236 6 -95 -123 9 81 244 109 227 51 -218 -250 141 -197 -14 -237 245 -63 -80 -112 89 -152 -33 120 153 177 -109 -236 -184 131 204 -150 -209 -161 218 214 -142 40 98 -129 -93 144 -89 70 195 -146 127 -203 19 -164 96 -132 -235 -239 -183 33 129 -38 -8 14 134 -249 -214 -34 155 -21 -66 137 -149 122 -41 42 97 82 66 -19 190 -13 61 205 199 114 36 -159 179 -121 -96 -160 -179 -147 45 -174 79 -55 117 86 58 -231 -12 135 -81 83 181 166 -118 10 -101 94 -17 22 -171 222 108 115 49 -20 -201 -9 -124 -103 157 17 210 -196 232 88 -133 -208 46 72 -79 119 -156 3 -127 167 206 170 239 154 1 34 -85 175 118 -22 143 -105 90 121 -136 -106 64 -198 77 55 -24 -28 -168 -230 211 148 32 -166 138 -155 -128 231 -192 -27 63 -16 101 -86 -46 -220 -242 -144 197 -186 158 -84 -6 105 57 -241 150 113 -221 -107 -42 103 74 -232 -238 -1 -182 -54 0 -64 -137 -53 -185 -45 100 76 111 152 21 -194 110 -189 228 -32 -114 125 212 216 189 -134 -188 -172 31 149 -217 -26 242 145 106 -234 38 -222 -158 215 -245 -36 71 -151 -108 107 59 -43 -23 -233 230 -176 48 68 -148 -78 -191 -2 47 -67 24 15 -110 -226 95 -224 75 132 -91 99 223 -117 -68 -210 -102 -193 -44 53 -223 -212 -119 -219 104 -60 186 -76 247 29 -40 123 163 25 -246 112 -216 18 -225 -94 -215 229 -248 178 -125 -82 217 124 44 209 169 67 -195 -247 -92 -74 -167 -122 130 237 5 -100 165 -39 238 183 201 194 -243 28 -206 185 93 -97 -87 116 -177 -115 164 -140 235 233 -126 -169 -51 -62 -57 -165 41 192 -187 -11 220 39 -65 -18 208 62 203 246 50 -205 87 102 -90 156 -170 -157 -99 159 -48 168 -3 -141 174 7 11 146 -211 207 162 -111 133 69 -162 -180 172 -75 85 -77 180 128 -4 -58 200 221 54 -173 -178 213 -56 161 184 182 -35 176 224 193 -213 -71 -49 43 -138 248 73 226 -10 2 30 -69 -120 4 -15 78 249 92 160 
TEST 87 ARG:-58 -16 -199 -190 -87 152 236 136 113 221 233 207 -159 188 34 -174 97 18 -163 -167 -217 -195 -23 -228 174 -61 -138 -115 -249 -31 -2 215 184 172 53 180 242 -235 162 193 217 -206 -121 124 39 246 -54 235 -164 219 -100 230 -241 160 187 -136 -97 -72 -243 -144 199 -118 -191 107 127 -77 151 -94 -25 223 -15 -236 -248 -181 65 -30 -153 -111 -78 -210 98 183 -89 38 -220 -233 140 -13 63 67 -200 -170 -158 -71 85 -64 239 -140 -184 52 61 -18 -126 75 -204 51 -91 49 1 -33 -173 -224 135 192 130 -221 204 -180 138 -211 -218 141 5 249 112 -38 -205 -43 10 -154 -82 173 -80 -63 -216 227 -47 -219 -27 164 101 243 134 -66 32 -40 220 -134 -46 -128 8 -212 214 -162 -202 -1 -85 147 197 -143 37 118 -29 202 -90 71 -155 64 109 41 -120 -165 170 6 -135 -93 -130 228 -73 84 -141 -28 144 -68 117 -65 3 179 -142 -112 156 -113 -222 145 26 -145 16 56 163 -133 -179 -81 50 -98 -197 -196 -55 142 -171 245 248 -245 -6 154 28 137 -8 4 189 -194 244 -35 70 -50 115 106 -3 -247 80 159 -215 91 66 0 21 158 72 105 69 -168 -231 -116 -44 240 211 194 -226 -207 -151 176 78 229 -146 -48 133 -42 216 83 -107 111 -99 48 209 40 -122 -187 90 155 -14 33 102 -127 -70 57 -9 -239 55 132 -104 -4 226 -106 210 -105 208 238 87 -229 -88 -176 -119 58 -7 31 -185 74 -149 121 47 -123 -169 116 119 81 166 -10 94 -24 -39 -137 -208 -83 -193 82 -125 -62 181 171 -124 224 43 178 29 247 139 161 23 110 -57 -102 169 42 234 -250 19 190 96 185 196 -161 -32 -183 -172 -189 -37 -192 -238 150 -95 -223 60 -69 35 -56 -198 241 -203 -79 -240 -244 45 -101 198 -34 76 17 -186 191 104 148 237 125 186 -117 -49 -139 -84 -152 2 231 232 -178 -225 -19 222 218 -129 -237 15 54 92 175 -17 -12 -114 103 212 -201 -182 100 -156 -148 -166 13 123 73 79 -131 -175 -21 -209 153 89 20 95 -227 88 -96 -150 157 22 27 -213 -53 205 -45 62 30 -86 -108 46 167 -41 213 108 -188 149 122 120 93 -157 -76 -230 146 -232 143 -11 -110 24 11 195 36 -52 -177 -246 -160 44 203 225 12 168 -5 14 -59 -132 7 114 9 177 -74 200 86 -75 -103 -36 68 -214 -22 -147 -242 25 165 -60 -109 -26 126 128 59 99 131 -234 -92 -67 77 -20 -51 201 182 129 206 
TEST 88 ARG:-134 151 149 182 108 -208 -198 -141 -172 198 131 41 -7 -44 -216 114 -123 165 -73 -53 216 118 61 55 35 -130 -96 98 -203 227 -155 -5 201 62 101 186 121 140 39 22 208 -71 58 -165 -2 163 167 31 135 207 142 247 203 220 -116 -236 -32 -170 143 45 -31 -247 148 0 243 4 20 63 -94 -61 91 235 -161 71 9 225 27 -217 13 -48 18 28 169 -138 -119 -158 128 69 -233 147 180 -102 29 -162 -101 50 -42 -229 160 -176 -214 -160 194 24 -209 -75 83 -186 -103 223 -131 188 -204 150 119 49 249 -113 -29 -118 8 -108 245 73 -210 214 54 -246 -200 213 78 -232 75 152 -68 -136 -231 172 -192 -224 96 19 -36 -238 232 102 173 88 -104 -245 -67 -6 -40 241 -24 -11 217 -149 7 72 57 -202 25 26 221 -164 -37 3 191 187 105 -139 110 34 -156 -77 -143 -182 184 -86 -15 -64 239 59 233 234 42 -52 206 -145 -115 132 -211 -110 -150 111 17 189 -181 -59 -194 238 159 162 53 166 -122 -174 -105 107 -144 -163 -8 120 12 -213 237 -241 68 82 -132 -99 219 212 -125 230 66 -121 85 -189 52 179 154 -85 -195 -79 -47 -146 153 86 -18 -127 84 44 -225 -201 -188 136 -190 -88 -193 -112 -25 -89 -1 229 -237 21 138 -97 -180 77 195 176 146 170 -185 47 -114 -151 215 92 37 174 -135 -19 15 -63 -152 218 145 -199 -100 -82 -41 43 171 36 115 30 -129 -107 -46 67 -26 64 -226 -117 -175 60 80 -223 125 -222 126 5 -35 65 192 -45 -128 -159 240 123 129 -153 -169 -72 158 -228 -4 -242 46 94 -27 178 -28 -157 104 -69 156 -90 -33 -50 199 236 -106 -12 -133 70 210 242 144 164 209 -140 74 -124 38 -49 113 -173 -55 -178 161 40 97 244 190 -51 -84 -76 -215 -65 -167 -184 117 -98 -120 106 -39 14 -126 139 -38 -81 87 -70 -239 -148 175 -92 -177 -230 -137 11 -240 -91 90 -95 -207 -142 23 -248 6 48 -221 -78 -17 -220 112 -21 -60 -62 79 193 -244 226 -109 -196 93 -147 56 -16 155 -93 99 -197 -22 16 -3 185 95 2 137 -171 -34 205 -154 202 -20 -187 183 231 51 -191 -168 -183 196 116 141 89 222 -83 -87 -166 157 109 32 122 100 -10 130 -205 248 -13 -14 76 -9 211 -243 -219 -250 81 200 -56 -218 -74 134 177 -235 246 -206 228 -80 -43 -57 -234 1 -227 -179 127 133 103 10 -54 168 -111 124 -23 204 33 -58 181 -30 -249 197 -212 -66 224 
TEST 89 ARG:-91 -84 245 248 -127 28 -71 217 199 -140 12 -131 206 11 -220 -158 244 -105 52 213 86 -237 -164 -103 2 -141 202 71 -198 -83 -139 -163 -152 -232 -2 238 235 -136 -44 99 -117 -180 122 -130 120 -77 -80 117 64 -49 -132 73 236 -82 -73 164 19 -137 32 -249 102 -7 -52 42 156 75 8 36 -12 -174 249 -226 -59 214 89 -124 -1 -108 166 -32 23 -208 170 29 177 -47 126 -173 33 -6 22 119 193 -149 -223 -240 49 -8 35 -126 -78 -219 201 50 69 41 -154 21 -187 -16 -129 194 61 -155 227 98 -128 -60 106 243 -197 13 175 105 187 -18 15 163 6 -246 -222 161 -184 -25 -97 -150 -116 153 -205 62 127 72 162 182 226 -106 -43 34 -151 -46 211 90 -183 -92 150 -94 -66 4 -55 46 -165 232 40 51 -9 26 1 181 169 -142 94 -111 212 -134 -65 -24 47 -90 207 140 -218 -35 87 -231 101 92 -3 223 48 -51 -172 234 -247 93 152 67 220 -118 45 -159 -58 -211 -33 -167 -48 -67 129 60 85 148 -20 30 -14 246 76 -26 9 -201 -122 215 209 143 247 24 103 144 -196 10 5 -70 -189 -202 -89 118 -27 139 242 -81 -238 155 39 -57 -209 160 59 17 -22 68 56 -76 37 112 -236 25 233 -54 176 -171 149 -5 -213 195 210 -15 -120 -153 -215 -10 -79 -56 130 147 88 116 -38 14 111 133 -40 -190 -227 -199 -181 -50 79 171 157 70 -42 -39 132 -145 125 -102 178 -95 137 241 -148 81 172 128 158 -212 -13 -234 -248 -175 107 -107 -125 -207 -250 -4 230 -114 38 -11 7 20 -113 -166 221 229 54 190 -99 -101 -233 167 -23 204 131 183 154 -194 188 196 -85 -160 -200 -193 197 -191 -87 -29 -34 -119 -143 198 78 173 97 -229 74 -157 224 -244 168 27 66 219 -100 83 -170 -104 159 192 -206 -98 77 138 218 145 -168 -239 205 237 -36 186 -144 -64 53 200 -109 -28 -110 -72 -135 -179 108 191 228 208 -75 -186 142 -69 63 110 184 84 -235 3 -21 136 44 91 109 -31 82 151 -30 -86 -123 -68 -62 -221 114 -210 -178 -121 -188 80 -19 -156 -112 -147 -96 -161 -61 65 146 96 113 -88 -169 0 55 31 -214 -185 203 -74 -133 115 -37 -243 58 -176 123 -225 -242 -245 100 16 -192 -224 222 134 239 180 104 -162 174 189 -53 -146 124 135 -230 165 121 -203 216 43 -241 -115 -63 57 18 -93 95 -182 -228 -45 -17 -204 240 141 225 -195 -217 -177 -41 -216 179 185 -138 231 
TEST 90 ARG:-21 86 84 -110 -53 21 157 163 -146 142 177 -129 221 -22 187 -73 105 -155 196 47 -98 113 179 -49 26 210 212 -202 195 -149 -201 -65 63 185 117 4 188 -141 -120 70 -238 104 -90 -121 -139 -52 66 -75 -61 192 116 -160 34 -35 219 -140 162 5 -38 -106 -30 164 194 112 -44 147 -157 -45 58 -189 167 245 -2 -28 203 134 -54 -236 180 76 -46 28 -127 173 -24 -242 -198 -188 87 -130 88 89 -179 44 -27 166 78 46 -128 -67 -154 33 6 174 -94 22 -48 122 -174 -135 -214 -163 1 -183 140 244 97 170 -50 -109 -64 118 -144 189 -78 -87 197 226 222 39 132 176 -193 -85 -12 -26 119 191 19 59 95 -23 -70 -10 -83 -74 103 -169 -112 209 247 207 141 32 224 -132 94 -57 -245 -68 227 -229 -164 220 -29 -219 -19 65 -173 25 68 61 -241 237 -196 165 -20 -148 -99 -88 60 13 69 -197 145 -142 -32 56 -34 149 -158 -208 136 -123 -190 -91 -39 178 -62 231 -247 239 45 232 -6 -15 -162 218 186 213 123 126 9 35 143 238 -194 181 73 36 -89 -59 53 -119 -243 2 -3 24 -224 -185 -69 249 -7 -37 -63 184 -82 -17 229 172 -159 51 -107 -25 -40 -200 155 14 74 146 204 -180 -175 -134 214 43 127 -178 235 -231 -167 18 -220 125 -125 -234 225 20 -101 62 183 246 98 -233 -153 158 206 -168 106 161 107 -182 199 -246 72 10 -56 -95 -86 -115 -113 -166 131 -72 -43 -76 -114 -215 85 8 128 160 139 -60 -84 -239 248 200 233 217 168 175 205 -47 150 159 41 -240 27 -77 52 190 -133 80 -1 -221 182 -207 -31 71 -71 130 -235 -9 -177 -195 -103 79 -156 -225 55 -143 -111 -55 154 -51 236 67 -249 42 -192 3 215 -66 198 -126 -79 -176 171 -5 -199 -131 49 -181 100 7 75 -58 -211 115 216 208 -232 -184 101 -250 -97 -124 11 -191 110 152 -80 -248 -11 202 243 -150 -33 -36 223 -8 -209 144 -116 92 54 -205 -42 148 82 -100 135 37 -104 -138 129 -244 -204 -122 -13 -102 138 -186 -223 153 -16 -93 -237 -18 93 23 -212 -165 -161 -171 102 137 64 -216 90 111 -14 114 230 -218 -145 -222 40 240 12 -105 -217 211 -136 234 -152 81 48 91 228 -172 193 -81 -118 29 124 -92 133 16 241 242 201 15 -213 -226 77 83 -187 50 121 30 -230 -210 169 96 -108 0 -151 -4 -227 -137 -228 31 -41 -147 120 38 99 -206 17 -203 109 -96 151 156 -170 57 -117 108 
TEST 91 ARG:43 -106 8 -48 242 -109 182 -152 -116 79 -176 48 -245 -42 -110 120 188 198 236 -140 201 -111 211 -94 -172 -33 92 -51 -177 -137 145 128 226 -233 30 -19 19 125 55 112 133 68 203 -18 -145 84 -23 141 -85 -213 179 -156 204 212 178 -113 -220 -184 -64 -78 129 -73 2 168 28 94 -34 175 -207 -171 -141 -75 234 -142 -231 -180 140 -250 -205 -90 85 -54 102 231 -88 60 59 -58 109 -8 -60 62 5 160 230 108 -105 156 105 -249 216 -200 6 12 241 -97 51 -1 -199 197 117 -20 -59 -4 -122 -214 -223 7 -143 235 152 87 -77 39 -158 -225 123 -25 249 -138 -194 -136 -16 69 -41 130 66 13 143 -239 154 122 -218 147 -22 -235 80 214 165 -178 -65 81 220 138 -28 -170 149 219 -95 174 173 -66 -216 23 -6 157 -242 -134 -61 98 190 171 97 -165 -9 192 31 148 -181 -208 -157 127 -169 75 -196 -63 -87 4 15 -209 208 155 35 -125 -234 238 183 -80 -114 -192 103 -224 166 -161 132 -241 67 1 -221 -202 -246 -238 205 -57 185 -153 113 -89 21 -187 -12 -17 47 -50 215 17 229 -118 -27 100 78 61 217 54 -55 -30 70 -226 151 -159 -101 144 58 101 -133 -190 53 -135 99 -15 -121 -212 -228 232 49 124 3 -40 -189 18 164 136 33 196 45 121 -83 22 167 -185 -67 -230 213 131 29 -24 38 -144 116 -98 248 -79 95 244 52 227 200 56 63 -229 -45 -46 199 -128 -21 -146 36 169 -81 -127 162 37 -70 -236 65 42 202 -219 -222 -148 -240 -248 228 -62 88 187 14 137 -76 -39 -183 9 -123 91 26 64 186 -163 -69 180 77 243 -227 27 -188 82 44 -217 -71 -147 245 -72 -37 -167 -186 114 239 50 223 40 -96 -99 -38 107 -132 -56 -195 -31 -120 -168 -174 -237 93 -7 -130 -29 -179 224 86 119 -182 -244 246 -3 -102 -92 -5 16 -115 170 -26 146 -103 -173 -160 90 181 163 172 110 206 -201 -32 247 96 -91 -243 134 -104 -151 -47 153 139 115 -74 189 -36 -35 191 -211 -2 -68 -155 -86 46 142 135 237 -119 11 -162 10 -84 -43 106 194 83 20 -131 -11 209 159 -191 -197 -204 225 -198 89 221 -14 177 76 104 -124 -44 -175 210 -126 -166 -129 -193 57 176 118 -154 -164 -53 34 -203 218 -100 -149 184 -10 -107 -112 -215 72 74 -210 158 -49 73 195 193 207 150 0 240 222 126 -108 25 -206 -117 71 24 -93 32 -139 41 161 -150 233 111 -232 -13 -82 -247 -52 
TEST 92 ARG:63 32 -168 -200 48 -230 1 94 92 -161 -70 179 -140 -216 -28 -165 -233 67 -38 17 240 -8 -210 133 129 183 152 -48 -101 167 -78 -19 235 -175 -93 -199 -51 -43 -209 -129 116 -83 7 186 -92 -79 162 141 95 150 27 184 -3 21 5 144 -34 -198 23 -55 46 221 223 -14 83 60 -232 -69 135 -106 160 -71 117 139 -224 56 -57 201 -103 121 101 -108 30 -241 173 -163 236 220 215 127 237 -152 245 126 -60 11 -197 188 165 212 -56 97 58 82 -30 217 197 -212 103 -4 -242 47 86 16 155 96 -203 -127 55 8 -31 -95 28 -219 73 -177 205 161 -80 204 3 -11 214 -86 112 -47 -75 -121 75 227 59 76 -214 -192 -148 228 125 -42 224 189 -180 -119 113 -97 -208 -113 -237 -215 -174 249 -72 74 38 -167 187 198 -17 -112 -58 182 35 148 0 104 -227 -125 -81 52 -104 -245 -143 -107 146 207 241 -66 -32 231 -146 79 -222 110 -141 70 -193 42 14 -236 -18 -16 202 163 209 6 -64 132 -136 -122 172 29 -24 -40 -41 -248 158 22 -10 136 -176 -134 -25 -35 134 -54 -118 -123 151 -99 -147 130 -201 -2 -12 -186 -63 -37 24 -126 -128 -181 57 -6 -20 159 -115 -154 -166 -217 -33 -90 -155 -246 69 -53 -61 -73 -109 142 49 242 -239 -250 233 153 181 -179 93 62 45 87 174 190 138 -202 -231 176 84 26 -184 247 -205 169 238 119 154 -162 -160 244 -49 41 -74 -156 200 109 -191 -76 -87 -82 100 -116 -15 -139 51 -85 -195 -211 -98 -204 34 180 156 91 229 -169 118 106 122 39 164 -62 239 195 102 19 124 -131 171 53 2 178 177 213 115 211 -94 13 25 108 -206 -89 -247 -102 -137 192 208 -21 -27 18 -138 170 243 107 210 -132 15 -50 -221 -77 143 -157 -234 -218 230 54 175 111 114 226 78 232 -185 37 50 65 71 -173 10 -22 -190 -91 -235 -133 44 225 -100 -46 206 -187 -29 -130 -36 -153 -188 -207 90 -142 193 -238 4 -68 -7 77 20 203 -1 168 105 -244 -178 31 -151 -171 64 33 199 -213 -225 -44 -149 66 -26 246 -110 98 -105 -9 -226 -135 216 -159 -158 -228 123 234 -84 -114 -111 140 -13 89 -170 -182 9 218 43 -52 194 222 219 -220 185 88 191 36 157 -229 -144 -223 145 120 -150 40 -189 81 61 166 -67 -145 149 -164 -120 137 128 248 12 196 -5 -88 -59 -96 -117 -23 -249 -39 99 -124 -243 -65 80 -183 -172 -240 68 85 -45 72 131 147 -194 -196 
TEST 93 ARG:-56 216 193 -53 -250 -116 -148 64 87 -127 55 -46 -4 160 217 -75 146 208 -32 -108 239 212 145 75 -35 228 -86 -33 42 232 -141 78 230 -10 -214 -26 65 -173 -206 -133 -149 -3 -247 165 219 -96 -58 -134 224 -85 -117 37 148 15 98 -155 23 -139 131 -62 -186 26 238 -63 -104 -242 133 -65 -210 214 -105 73 51 -159 -37 -146 76 -226 -70 155 156 -130 -194 246 93 -98 2 -161 107 249 -34 38 103 -2 -47 18 90 -183 174 -11 28 -152 -195 158 185 -61 11 84 92 225 -142 -91 159 -179 30 54 6 -100 -249 205 190 22 -51 177 -15 186 191 -229 97 -64 113 110 83 -225 -21 -164 85 201 59 123 172 -13 -1 -240 -110 -192 24 -24 -39 140 -189 118 -8 -207 70 138 7 -124 -218 247 -143 -196 -93 60 -235 -246 -69 -106 -28 162 -59 215 109 -140 229 14 53 121 108 -156 196 47 236 -123 194 96 -89 116 161 -19 209 45 -81 135 -147 -234 -231 -217 8 -113 -188 29 -160 -162 202 117 -220 -215 68 130 36 -74 -145 134 184 56 -16 -137 -42 115 125 -107 -241 63 206 -44 234 -239 39 240 -66 -67 -97 220 -36 -29 74 -157 -216 -118 -211 -191 5 -83 89 128 153 72 19 -111 -222 163 141 171 221 52 1 -99 99 -232 111 -244 21 -50 -126 -78 -150 -94 -187 -101 43 -131 -5 -6 -119 -227 0 41 200 -151 170 -71 -224 33 222 -245 -115 -43 192 136 -171 166 -238 105 -57 86 211 -182 -219 -20 -223 -158 -198 -30 -84 199 -132 -95 -122 -163 129 244 106 25 -169 -212 213 57 -109 -236 -40 120 -87 79 17 -102 -73 -136 173 137 -128 -144 -14 -237 181 243 12 34 -23 58 -121 -203 104 100 182 -112 -184 119 -177 -88 204 40 197 -197 -82 81 242 50 235 150 -7 46 227 241 20 82 180 -92 203 -165 -178 164 195 -17 183 -233 44 -154 -68 154 -202 31 49 -114 -18 -60 -27 142 139 4 168 -38 -9 -153 94 167 -208 10 -168 61 -12 -25 -120 -55 -243 80 112 176 -54 -205 -125 -41 -72 -52 88 210 -45 179 189 -181 77 66 -248 -22 -185 198 157 144 178 -76 169 223 35 101 -129 71 122 187 -166 151 231 -209 -103 -31 27 218 -49 32 126 -138 -201 132 13 -193 -174 233 127 124 -90 -176 -228 3 -221 16 -175 245 -213 -204 -135 48 91 9 114 95 -48 -190 -172 147 -170 175 102 237 248 -180 -199 149 67 188 -167 -77 -230 143 -80 69 226 62 -79 152 207 -200 
TEST 94 ARG:177 98 43 -187 -94 -174 -245 120 27 -178 -128 -193 23 -88 -162 -95 178 -228 -196 230 248 -39 -137 -133 -147 -55 8 -158 83 118 194 -191 132 -110 74 -173 -199 242 -75 144 175 121 -164 96 -142 119 -141 224 10 89 -30 -130 100 -149 52 57 228 220 -78 90 -215 -243 -232 196 -154 -219 -92 71 -131 53 -84 136 216 -223 -24 -169 -62 -16 -54 -165 -52 187 50 133 -208 12 -177 -101 -146 -125 -82 39 149 78 -211 -56 202 -31 -188 86 -238 244 211 -185 -184 -221 -186 -2 58 -10 227 -220 -135 -80 -22 63 -3 -167 -159 183 -69 213 -25 116 -205 49 95 26 -138 189 -250 -17 -212 -235 197 -44 -204 91 -145 -116 -233 82 76 155 193 -144 -153 215 165 -5 -242 67 61 31 234 41 44 249 168 -53 72 -234 142 87 -247 -87 19 -121 34 -224 -98 -170 106 85 -113 -29 -47 157 174 235 55 190 24 97 66 -160 92 -122 108 103 -6 164 25 123 -41 -222 -239 5 113 161 -72 -210 6 -117 208 -60 30 -40 204 -1 -246 45 -36 3 -35 59 21 210 180 -163 -48 -216 -172 62 -123 -198 233 240 125 35 -203 -202 -89 -85 -102 9 135 179 232 -13 -214 229 15 -240 101 246 209 -96 -179 -143 214 -103 -112 -38 -207 -139 -213 192 -12 -11 145 105 124 -32 64 -155 231 -37 54 181 -168 0 -166 -14 176 -46 239 195 60 -106 140 238 65 -190 -152 -45 236 -97 159 114 225 199 -33 -73 -192 -249 -140 -236 182 -59 -200 73 -118 -195 1 38 -218 191 128 56 -156 154 2 -206 14 134 -74 -171 170 22 153 -189 -64 -100 -129 138 -71 205 -176 -99 75 -124 -68 -43 201 -104 137 -28 243 218 -105 -63 -126 -115 184 -114 -70 129 -76 -51 146 -175 -244 16 158 217 80 115 -227 207 79 7 173 -119 -15 -248 40 117 -241 -77 -23 -49 -4 70 -65 4 -67 112 111 99 -9 -57 152 -91 29 36 -132 -226 37 102 -157 77 -86 -66 156 17 219 172 -8 222 -20 -79 166 -90 -231 -21 139 223 104 -109 84 -34 -7 93 185 -107 -161 32 -42 122 68 -201 -136 -151 163 107 11 169 -18 -27 -182 -50 42 212 -127 47 198 -93 126 162 -19 51 -58 18 171 151 -209 -197 -230 148 245 48 -83 131 150 203 237 -183 186 188 147 -225 88 -148 109 33 -180 -108 69 127 160 46 141 28 247 -194 -181 81 -229 -150 226 143 94 110 -134 -120 130 206 20 -111 -81 -26 -217 221 200 -61 13 167 -237 241 
TEST 95 ARG:-173 -50 -26 128 -144 22 -199 61 -52 -220 221 -121 -73 46 149 -57 9 -104 2 -170 179 -31 -169 148 -108 -146 80 -79 23 15 105 241 -239 93 -183 35 -51 -63 114 -11 -91 -142 -103 -78 -38 147 144 187 -64 -226 220 -185 -225 33 -201 -177 -2 -204 82 16 104 44 -62 10 -200 211 -41 -43 -143 90 -71 186 71 191 -206 -149 -92 70 -234 88 -44 -125 -130 4 127 -242 -95 11 -163 223 -18 17 30 -110 -122 184 164 64 142 45 66 -105 27 192 -178 -102 21 -224 248 -27 -114 -211 -158 234 -155 -156 169 52 111 -166 67 206 -29 -77 -171 -244 -214 176 -100 51 -131 53 157 145 151 -188 232 -16 -160 -152 124 -153 -56 92 -101 86 -167 -66 -97 -9 143 95 -5 -241 -81 48 -115 130 216 91 112 228 197 -205 68 158 62 -186 39 -218 -180 249 209 -209 -86 -210 97 -198 174 -10 229 -221 19 -165 8 29 -191 60 218 83 79 -14 -179 20 65 -68 -184 120 -229 -249 -58 237 -228 193 170 -145 171 42 113 94 -246 101 77 173 236 167 200 222 106 134 -15 -194 -150 204 245 108 155 -168 6 238 41 -39 213 110 -7 -227 -4 141 43 -112 178 -24 49 -93 115 7 87 75 -148 -189 -20 116 -98 -157 -135 12 -1 156 -99 34 24 150 99 -6 152 136 -237 195 40 190 5 81 -35 -3 14 -60 125 -113 -123 217 -248 166 243 -212 -37 -141 131 210 -54 -72 37 138 13 96 231 215 -174 -61 -106 -247 -124 -136 226 -85 -203 -154 212 -231 -245 -119 103 -236 239 -70 -96 162 -139 132 -172 230 189 118 69 -89 -133 -13 -75 -215 -53 -90 50 25 -202 -118 160 240 -74 -196 -48 3 55 -190 -33 -87 -107 198 -176 168 -40 18 161 207 -117 -45 233 -111 183 -164 -32 1 -30 78 -240 -49 -17 59 140 31 -47 205 175 135 28 -129 -243 54 119 139 -88 84 -233 214 -208 -83 -84 201 163 -193 107 133 -187 246 -34 -222 -46 -219 -65 -197 -55 57 -159 -128 -137 -182 235 100 -120 -21 165 72 224 58 -162 180 219 177 -235 -134 -140 194 89 -213 122 -59 225 227 109 26 98 -161 -147 137 -232 -181 188 -217 -250 -126 -138 182 202 -230 247 -23 -132 0 153 208 -8 32 47 -116 -195 -36 38 85 181 -175 121 154 123 -42 74 -207 -109 203 199 -94 244 -151 -28 126 129 56 -238 146 -216 117 -223 -22 63 -69 -82 196 -19 -76 102 -12 -25 -192 -67 185 -127 73 242 76 -80 36 159 172 
TEST 96 ARG:-29 -155 -137 195 -194 -178 -161 -79 -65 -47 -67 -214 177 141 122 79 -14 102 47 114 72 -7 19 -20 8 12 1 171 221 -202 -66 181 -11 23 -48 99 -244 103 237 -54 185 55 174 -107 161 248 -78 229 -221 105 106 118 -163 -97 213 -81 24 -99 -127 -156 240 184 -43 208 35 -3 127 -89 -91 158 64 -196 152 162 172 100 126 -27 -57 -175 116 -5 69 -141 -109 -165 -22 -74 120 -225 9 -70 -100 -133 -31 74 -75 -13 -207 -150 -59 -131 -44 -80 216 -208 232 -111 -85 -88 205 51 206 54 -176 111 156 -206 165 -174 191 -172 -192 -19 -110 -63 -187 -228 202 138 187 -195 223 -157 124 48 -61 182 -138 96 61 159 -64 -219 -69 -6 -249 -145 244 -148 -159 -122 147 -90 233 151 -181 140 -24 -1 -247 157 133 -87 62 5 -113 43 21 91 215 -212 101 110 238 31 0 87 212 -30 142 192 -203 -101 -114 57 -224 -38 134 -210 -229 235 242 82 89 -139 175 29 11 16 27 95 247 -42 188 -71 -46 109 201 -84 167 -108 -236 53 6 -68 -154 -220 44 -190 13 168 -232 78 -167 123 145 -234 203 -73 -34 198 22 -217 2 -189 -96 227 42 -126 88 -135 68 37 28 -183 -92 18 20 190 -241 98 50 -9 46 -120 249 136 135 -18 32 226 -170 204 169 236 104 -240 -166 180 200 -185 137 75 -193 -121 211 -128 -35 -238 246 154 84 38 41 -16 77 -40 -188 209 -235 -119 -23 -32 -98 -209 -95 -149 56 132 -125 -124 7 10 217 -144 -230 239 33 108 36 83 -233 -37 -118 -153 -223 -204 234 -164 -104 -184 -72 121 -52 115 80 97 107 143 -180 -116 220 -218 -239 86 189 -198 -213 -15 -179 -55 49 -151 34 -222 -41 -132 -152 15 148 112 -182 -130 196 -58 -226 65 -2 -205 66 113 70 245 -102 -143 -50 30 -77 -56 85 94 59 139 -45 -177 81 71 -33 -36 90 -136 -250 166 -117 -169 58 -83 -227 218 63 183 -237 222 -201 -216 67 45 -168 14 173 -21 -106 -160 40 73 -8 214 -171 -140 -134 92 128 -173 150 -200 93 -231 193 -17 -49 -129 155 -191 -51 210 225 -112 -105 243 219 178 119 26 -142 117 -158 76 149 144 125 153 17 -10 199 -146 179 52 -76 -246 -147 -86 146 194 -94 130 25 224 -93 -186 -115 197 -103 -60 4 -28 -162 3 186 -25 131 129 241 -62 170 -123 231 207 176 -215 -199 164 -242 -26 -12 -82 60 -245 160 39 -4 -197 163 -243 228 -248 230 -39 -53 -211 
TEST 97 ARG:226 -3 102 -29 91 18 30 47 -90 -141 83 171 -68 -37 -228 -12 0 -25 -38 -247 -153 -63 68 -225 164 -222 -24 110 -151 148 11 29 155 -137 -177 -124 -195 -127 187 146 178 -202 -182 -206 -17 -26 7 -142 189 -132 -216 159 228 14 122 -35 -60 246 138 -9 239 -81 48 -95 -79 -140 -115 -8 -13 21 1 19 -71 -155 92 94 105 220 31 -189 -86 52 44 -31 -56 99 -73 -148 213 -82 55 -171 -102 -119 182 -118 109 -78 -238 200 38 -19 -192 -109 12 100 232 -190 -224 28 -104 -167 167 128 -149 -116 -4 84 59 63 -100 82 191 77 79 -200 -105 -50 116 -160 -125 157 134 86 -170 217 98 115 17 216 -27 -246 244 75 -46 249 -129 163 133 42 137 53 49 -221 -120 126 152 185 -239 160 -219 -41 198 81 -163 -14 -80 243 132 34 -232 -203 -180 -108 106 -194 -193 -213 125 214 234 -42 25 73 227 -85 -69 -181 169 -227 -113 -157 5 107 -44 245 205 66 -51 -53 2 -72 16 117 -209 6 43 181 174 104 203 -223 151 150 195 -245 -48 -131 -196 184 35 -147 -168 -179 -54 197 -212 -134 209 -64 -236 -244 60 -128 27 -166 -32 -123 211 -74 218 233 -185 -97 145 -178 236 131 -184 -217 -201 37 -248 177 95 39 -121 142 -57 -7 -215 64 72 -21 113 -146 -88 -114 9 -164 -91 13 -174 71 -84 180 80 -30 50 161 -240 97 140 -1 62 188 -165 -55 118 -96 -135 -89 -61 -126 -143 -162 231 -83 -16 -62 238 -93 230 202 136 -98 -130 248 -67 -10 158 -36 89 -49 123 -211 69 -136 -214 -34 -58 190 149 168 -169 87 -183 156 -77 -198 67 -176 51 121 -191 147 -65 183 208 40 -159 58 4 -175 247 54 90 41 108 -233 207 -18 -173 143 -230 -226 127 85 139 -241 241 141 24 240 -39 -158 -156 56 65 -110 -243 199 -87 -101 -22 -234 -107 235 201 204 130 -207 -59 206 32 -197 -40 153 -52 -204 -220 88 -6 -70 36 186 -210 194 111 22 225 -145 20 176 114 193 173 -139 -28 -154 -187 -117 237 101 112 26 162 144 212 -235 192 -23 -133 229 -218 -150 46 -188 70 -229 74 154 165 166 -111 -43 172 221 -138 3 -186 -76 215 -75 124 -106 -2 196 23 -11 223 -144 179 -20 -172 -242 224 -103 33 -199 -152 175 -208 222 103 -66 -47 61 10 170 -94 -112 135 -45 93 76 -122 -205 78 -99 15 96 219 119 129 45 -15 210 -249 57 -33 242 8 -237 -92 -231 -161 -250 120 -5 
TEST 98 ARG:-22 -244 -187 223 189 -133 -224 -166 194 220 -109 -186 129 -14 -172 68 -235 -212 9 36 122 -18 229 4 -39 72 48 -78 -229 -66 -73 142 32 216 125 -238 164 -70 -23 -72 -183 -210 -139 3 116 16 -113 179 -128 -202 132 -214 224 64 -11 -38 -35 143 -152 -125 79 -145 243 -233 -151 96 33 85 78 -231 -236 154 200 180 58 -100 -177 -161 -123 -76 -98 -153 -126 103 -130 106 137 -88 45 170 107 184 0 -138 168 188 -110 -227 -213 17 169 -120 150 -21 -143 -79 -218 115 -69 95 156 -168 -32 120 -58 230 -178 -239 -85 191 227 -25 -41 147 -53 88 -28 -134 2 139 -55 217 197 -27 -43 55 111 130 210 26 67 -52 -13 23 212 -29 -48 -122 -68 -169 -165 241 160 -173 219 -67 248 75 -50 53 -59 29 222 145 134 207 83 205 -118 221 -37 -40 -157 165 -208 -101 159 -250 233 -94 -149 171 -33 -129 176 -80 -215 123 155 -62 124 -243 97 -10 166 -12 198 -96 8 -249 153 -63 -15 -223 34 43 182 186 -155 190 -51 19 -211 209 -201 47 -242 202 -179 -248 -209 -200 -26 244 -24 93 -181 76 -217 -185 214 158 247 117 136 -64 10 44 37 81 -131 -16 -117 5 -192 -2 104 167 173 66 -207 20 -46 206 54 14 49 133 149 25 213 161 140 203 -182 144 73 118 185 12 -167 -189 35 195 60 -95 -99 -144 119 -93 -8 -228 21 -197 -156 157 211 -112 -114 98 77 -163 201 69 -184 -83 89 30 -75 234 50 -132 -1 -240 -135 87 204 -188 174 162 74 -246 -56 -124 138 -174 -160 -17 -81 84 218 7 -180 -54 110 -31 -127 105 146 -225 -121 -148 177 -159 -30 90 -77 -82 59 62 70 38 128 114 -140 232 42 -230 -234 231 -44 -196 -104 -204 -92 -4 -193 91 -203 -45 15 -86 192 -137 -170 -247 80 235 246 -106 175 -7 101 -205 11 242 -71 24 -49 -199 -220 -237 57 -103 238 102 -65 -191 22 121 61 193 71 -60 31 65 92 -42 -154 -84 -162 -74 225 236 163 237 -115 -245 -3 196 152 39 -136 -36 -142 -146 131 -226 240 46 126 -194 141 86 199 228 -34 -198 -107 -176 18 56 -175 -158 -111 41 172 -171 -195 -219 28 -105 108 239 -164 113 13 245 127 249 99 40 94 -87 -91 187 -5 -216 -147 148 100 -19 135 -89 -108 178 -150 -232 183 82 1 -61 -206 -222 52 -97 -90 -6 6 -221 -141 51 -190 -20 208 112 -102 -241 151 -116 226 63 -47 109 -9 -119 -57 215 181 27 
TEST 99 ARG:48 70 -35 -124 52 -207 -73 193 -202 -223 -188 -21 -111 -19 -139 174 -226 184 206 -61 -229 15 -7 -78 58 81 108 0 -178 73 147 14 76 30 -144 -47 -116 -65 -200 -240 -163 -235 -114 57 -33 -182 -110 -171 20 -31 -173 -189 185 -213 24 36 -56 -99 38 26 -206 61 197 -219 -46 194 87 227 3 53 -210 133 -245 128 -141 217 189 -72 -179 -197 -127 -68 -5 -96 154 -196 -126 -117 118 -133 -84 158 -64 -27 103 -201 69 138 -74 -159 45 176 -177 -55 91 -24 101 104 179 221 -63 40 -28 207 131 -82 49 -228 90 -45 -160 -164 -149 107 93 170 -58 5 -15 159 122 236 -241 -153 -155 -199 130 -26 -81 25 -118 153 126 143 94 -13 124 -224 62 156 -143 198 -29 -212 6 -246 -43 -192 110 -248 -108 232 51 -88 -216 162 178 -94 10 -122 -106 127 -166 -242 -97 -244 63 223 1 -119 180 -236 171 -168 -150 -140 21 213 68 212 -50 135 160 205 -121 -172 102 -120 28 -134 72 -146 150 201 129 -231 -169 175 168 -170 50 -95 238 95 19 214 -20 12 218 192 145 -148 -98 -214 237 -25 -76 -234 169 -8 -230 186 -243 47 203 65 109 -2 161 -69 23 -60 -138 -80 113 144 -174 89 229 244 -125 8 202 37 18 -151 106 -193 -237 33 -22 235 121 155 -165 54 -112 -23 246 -215 -217 105 142 -93 -86 195 7 241 60 157 -71 71 208 -218 44 -180 167 225 -1 -41 67 181 219 -221 -176 204 42 249 -190 -136 -183 -238 -34 39 -222 -204 222 77 -147 100 -91 74 -92 234 22 13 125 183 -158 111 -162 -4 -70 -209 -12 233 -175 -205 98 -154 -49 216 228 -44 75 -142 -198 -129 32 16 -89 224 -211 -184 82 -208 -54 117 165 -131 29 120 230 -239 -161 -113 -123 -36 -30 -191 151 97 41 141 -225 199 211 240 -16 132 -132 -194 -186 -249 -66 -220 123 -109 -137 163 182 -32 -104 -105 140 -185 -145 84 215 -14 -38 152 239 115 -167 191 -10 -52 247 139 56 -67 43 -11 9 -57 173 220 136 79 -100 92 -17 -107 231 -247 2 66 -39 188 146 -101 -85 164 -156 -40 -37 -102 187 -227 -75 4 243 -77 210 -3 -83 -203 35 -87 -232 31 172 59 200 116 -152 -130 -250 -6 -157 -187 245 64 114 -195 -135 55 11 196 112 83 166 149 248 177 78 190 -115 -42 -18 -181 34 -79 242 99 85 -53 46 80 -62 86 27 226 -9 17 119 209 -51 -48 137 96 -233 -128 148 -103 134 88 -90 -59 
TEST 100 ARG:100 229 -204 -150 36 58 9 -220 -197 -199 164 52 240 -185 153 -163 142 35 225 62 222 -138 84 86 -177 -215 157 -136 20 -98 147 -201 -115 -145 -248 -100 121 -63 129 11 -52 156 165 192 99 200 27 139 -148 -42 -227 59 -239 -190 64 -225 174 242 48 79 -249 -134 -61 230 125 -125 -235 -135 22 220 223 -51 245 162 -160 -245 -91 173 -14 -170 169 236 -1 -116 -209 80 -193 16 -112 -57 -188 248 149 -18 101 -45 -221 151 -216 -43 33 29 -247 226 155 141 -58 94 -28 144 115 -189 -77 195 95 161 -12 25 202 127 77 116 -54 107 234 -109 17 61 109 75 -48 -10 138 -212 97 -20 -49 76 -240 177 244 78 -107 -211 249 -207 204 126 128 -196 -78 143 -149 217 201 120 -33 45 -250 -139 19 193 -40 -157 -214 136 -38 -183 178 92 72 -111 -228 111 209 163 102 232 -23 87 -24 211 2 81 108 -30 -55 150 71 -39 -34 188 -187 -224 -205 46 96 -19 -222 -182 -59 -230 -124 -65 -179 -97 -114 50 -15 -233 182 -110 196 133 -26 -35 -184 -72 -6 152 134 0 186 -2 -21 -174 -41 -67 -243 -217 74 218 106 -236 4 -118 167 -146 -105 -172 42 -66 -32 -152 110 68 -60 -73 6 -206 56 -180 65 -218 -159 44 170 189 1 146 -81 207 -120 238 66 145 -36 171 -237 -95 -3 -69 -103 69 -147 82 -133 49 -154 3 -164 -232 57 14 241 37 224 198 -202 -75 206 -178 131 -153 -74 175 -126 24 216 246 187 39 67 -137 183 113 63 89 197 -242 -151 -22 184 -46 -76 -16 -62 -122 -155 233 181 -246 -119 91 -132 -88 105 -102 -168 -96 -123 158 -104 -208 -113 12 55 21 213 -181 -241 -198 -5 -94 119 185 124 168 -29 228 83 88 -161 237 85 90 -128 214 219 -85 -166 -71 -176 104 -127 -192 -56 -82 247 -90 227 13 215 239 -64 -121 -194 -223 159 -84 -4 -229 118 23 -171 132 -101 235 203 -144 191 32 -203 103 176 -89 18 28 -143 -238 -83 -13 114 10 -79 231 -50 179 -173 190 -175 43 112 -131 -158 194 208 73 31 -140 -53 -7 180 117 -162 38 -44 7 -27 -70 -93 -200 -11 166 130 51 -99 -191 -226 -234 -87 53 -129 -106 41 148 40 8 -244 -108 -9 137 -47 -156 243 -231 15 -86 -213 26 34 -68 -130 123 140 -186 199 -8 -80 160 -165 30 -25 221 135 -195 212 60 93 -141 54 -210 -92 -142 47 70 172 5 -169 210 98 205 122 -37 -219 -167 -117 -17 154 -31 
TEST 101 ARG:-153 215 -99 -164 -93 -108 -91 217 106 -26 134 211 21 238 -33 9 -84 132 83 127 10 93 232 -235 12 157 80 38 174 -5 203 -68 -213 -11 -169 166 79 193 -209 49 192 142 8 -223 -60 -185 186 188 218 57 152 -62 -112 -186 -237 122 -57 -247 -61 40 -67 -242 68 -155 184 51 149 -20 105 -120 146 -107 198 -200 213 145 -72 90 91 45 72 -183 -37 61 34 -154 -54 114 202 -208 -31 116 148 89 -158 -184 181 -38 -139 199 -149 233 173 117 -123 141 -118 81 -70 210 -103 219 -137 67 -215 16 -109 -146 241 -36 17 -181 -229 118 -14 97 229 163 -27 244 179 108 -105 -7 212 -82 -140 169 -150 220 104 -144 143 151 -87 -177 -6 224 -199 -165 246 -176 -135 -1 54 41 6 -114 -55 -39 46 -110 -203 107 -35 -56 -250 235 -157 -220 125 65 -156 249 -66 -231 20 -194 228 209 177 126 -195 -198 -239 -113 53 60 -59 187 -187 -222 88 -117 -44 -41 -83 191 -226 50 52 247 194 -244 -125 -196 -160 -25 7 -227 -152 164 206 -210 -122 -124 -225 -216 103 175 92 -16 155 -190 26 185 -145 -46 -2 154 156 33 39 -221 137 19 -76 -138 120 -178 -19 -207 85 -65 25 27 234 -24 -133 -102 -100 -211 -188 -97 -136 197 -85 76 171 -219 -22 -245 225 -180 102 -106 -58 -182 -69 73 -13 14 -96 -63 165 201 227 24 30 -48 -142 109 -79 -10 -131 216 239 31 -80 -18 -232 -204 -201 223 -64 -212 158 176 95 -115 29 138 70 -52 -86 -30 43 190 178 -29 205 -205 189 -175 200 243 -249 -234 -74 -17 172 -141 -147 -101 28 82 -40 182 161 64 36 -12 59 -189 47 -192 -172 13 -78 98 -90 -170 130 150 23 -77 242 87 -75 -89 -167 -23 -4 237 -53 96 4 159 35 75 -15 -162 -168 204 -51 15 113 -166 77 -193 -50 37 -9 100 -161 139 -143 160 0 -163 -34 -197 133 -98 -94 -202 -43 55 -116 -28 -126 -224 18 110 -92 42 -218 180 78 3 44 131 144 214 124 -159 -130 230 115 195 -42 -174 -88 -238 -73 183 -132 111 84 -243 5 147 -8 63 -71 -95 -49 -128 208 222 99 121 22 -228 221 -248 66 236 -173 112 248 170 136 48 129 32 -191 -81 -240 -121 -246 94 74 -217 -32 140 -241 196 2 -171 -21 101 119 -47 123 11 168 128 -3 86 245 71 1 240 -129 -214 -206 207 -45 162 -119 -127 69 -151 -104 -111 226 -148 135 -233 153 -230 62 56 58 231 -179 -236 -134 167 
TEST 102 ARG:-103 22 -81 -115 -38 66 -129 -55 208 -44 47 189 203 -99 -70 39 146 -92 111 -68 -40 94 -177 -218 195 -9 179 6 -1 -107 11 -140 -235 133 -86 -46 -47 58 -15 15 48 123 147 100 -250 -71 158 136 159 86 238 -217 -34 154 -135 32 2 -96 -51 -88 138 -35 -85 212 -42 1 -93 99 37 -164 108 -25 -239 31 -63 33 131 -152 -222 -188 -224 -4 -243 -220 245 -123 -172 76 -98 24 -126 -240 182 171 -131 -143 35 -83 -22 145 67 -212 -153 224 -174 -151 0 211 -237 219 -137 -53 72 105 -19 27 230 -206 185 181 38 186 -101 -29 -50 114 151 95 -247 -65 50 -114 168 137 18 -62 163 214 161 -109 220 69 167 -57 -116 -132 126 -133 -183 -87 215 210 -160 -178 -242 -90 -189 192 -7 142 241 5 61 -149 169 -128 -204 -41 34 226 42 -191 -49 -21 153 246 -28 107 -95 -106 127 78 9 -121 170 96 -72 -210 57 8 -142 19 223 -54 -155 16 119 -26 -23 -214 -77 92 62 -97 190 45 -180 240 236 -228 -110 -175 110 -117 -100 231 228 -27 -58 156 -113 29 -5 90 -245 -75 20 -30 -221 -67 -196 73 -226 26 -209 207 184 -211 132 54 141 -199 233 243 -190 201 -229 -13 191 68 -60 -2 63 -24 125 160 150 44 -203 235 40 -219 173 81 -32 -18 205 -127 -230 -139 177 165 17 60 -169 -231 -216 -161 187 -64 -66 -249 103 188 244 227 129 -136 -165 172 87 -56 229 121 -119 139 -6 -102 83 118 -171 88 101 46 77 -176 -31 176 -104 -144 157 -181 194 -12 106 152 -111 196 41 -227 12 178 -197 71 -33 248 -16 -138 -236 -166 -173 128 -91 -94 112 -194 -8 51 -37 -192 55 -238 247 -193 166 84 3 85 221 174 218 -78 124 -52 -198 49 197 183 -39 10 102 237 120 -234 4 216 204 -156 104 -80 -157 79 249 -200 134 91 -248 74 225 25 93 232 -79 -74 -223 -45 -182 -118 115 217 -201 -59 135 -159 148 98 -20 -233 206 -208 -241 -10 144 -148 130 -69 202 175 28 43 242 -205 -84 -225 -195 155 -163 -162 -146 64 -82 -184 149 65 -167 -122 200 198 -186 162 -43 7 -11 70 -134 -168 89 75 143 122 -187 53 56 117 -108 59 80 82 -244 -141 -112 -73 13 52 180 -76 -36 -202 -179 222 97 -158 -120 21 -125 -170 193 116 14 -17 -145 164 239 234 140 109 199 -232 -3 -14 -207 213 23 113 -61 -48 -105 -246 -150 30 -185 -154 -130 -124 -147 -213 36 209 -89 -215 
TEST 103 ARG:159 76 118 -80 -217 28 127 -227 163 199 -94 210 -107 135 -51 2 -169 82 206 -7 51 130 -162 -72 9 -68 -54 161 31 43 243 207 -106 1 -181 -151 -147 -135 -187 -149 -108 249 -145 140 -112 -69 45 90 61 36 -144 18 235 -12 -113 219 -249 100 160 142 114 79 -46 115 147 -104 -226 -58 -232 -158 221 150 53 -247 10 -203 12 -238 -13 -166 47 119 37 -211 8 -42 -37 231 -4 -44 -139 -189 102 178 -148 -111 -167 -186 20 -32 75 91 185 -116 71 -17 -207 132 49 30 -214 56 -131 -83 -81 -10 -234 -101 107 63 104 -59 -157 -159 84 -130 -206 246 240 188 -154 216 24 -196 -163 52 -225 -91 -53 -5 -128 174 -173 202 -121 -198 -25 133 123 -176 -11 191 105 7 -123 -168 -56 6 40 244 -64 227 -79 157 109 -220 96 124 158 -212 218 -137 -218 39 112 -105 -175 223 -235 -27 -50 -190 144 180 -93 -52 -221 -115 -45 -8 169 -215 232 -57 4 194 -210 73 -47 0 -246 70 245 88 -33 220 -88 -75 213 -78 -171 35 237 27 87 -201 -55 167 131 248 -28 -205 153 -6 -180 212 -61 97 -172 -19 -122 19 -236 -97 68 93 247 -244 215 -98 166 -120 -177 -73 17 -110 134 120 143 -136 117 -142 148 14 5 -141 -140 211 -193 183 149 171 -231 173 -31 228 -155 50 57 -60 165 16 -216 32 200 77 -29 -114 -160 137 -191 60 -204 -63 58 95 -77 -90 -92 -183 65 179 -156 -21 -36 -15 238 -2 85 -134 205 15 -3 110 -99 168 29 99 234 -119 224 -195 -49 -23 189 113 146 34 -124 156 -209 80 -240 -35 -18 21 -237 128 209 154 -200 72 201 94 203 198 -194 121 152 230 175 145 23 26 92 126 98 -76 55 -14 177 -87 197 141 66 -24 -248 -34 3 101 222 -118 155 -243 -170 -48 -74 204 -199 -224 186 125 -241 116 151 -1 139 44 41 81 -233 -208 190 -62 182 69 229 -239 -222 -117 83 -178 -165 -197 -85 233 129 -132 -152 22 162 -40 -202 -153 236 -82 11 -161 226 -182 108 184 46 -192 -228 -66 54 -43 -102 -250 -89 -146 -138 242 -22 -100 170 -41 38 13 -20 111 78 241 -71 193 33 -184 -86 48 25 -223 217 -230 138 239 164 -39 -185 176 103 -96 -213 -84 195 -95 -229 -26 -174 -30 -38 -125 -109 -242 -133 -103 -126 -245 89 -150 192 172 -70 74 -129 208 -16 86 225 187 181 64 -65 106 -143 -188 -179 42 -164 -9 196 -219 122 136 67 214 62 -67 59 -127 
TEST 104 ARG:-121 -182 181 196 22 -136 130 157 54 189 124 -36 -35 -187 17 31 -186 70 -169 -27 -109 24 228 -149 74 198 156 -113 239 160 80 38 -208 230 -163 -227 -173 96 -201 -93 -74 122 -70 14 150 37 -3 -39 -205 86 140 -78 -153 -89 202 28 92 176 118 -47 -108 -45 -115 -165 95 45 145 -114 -143 -65 -216 -41 -38 172 -15 93 190 -112 -119 -219 39 -62 69 -127 -145 -57 9 -231 -198 73 -46 52 89 -92 34 82 -212 75 -125 -69 1 226 -122 143 -95 -156 -170 121 60 -97 -29 -135 87 -96 -66 97 18 -123 98 248 214 -120 -49 -183 234 149 -33 180 137 125 -110 48 236 238 -222 44 212 -80 46 -244 -157 222 -203 -102 23 -105 -16 62 -235 43 -192 76 -72 179 -146 55 200 33 163 216 131 175 246 -245 -82 -176 -218 188 36 100 109 -44 8 -240 -171 -230 -21 133 84 -200 -99 159 -215 -247 -209 -101 116 129 -138 -23 168 -207 103 -217 -68 147 -14 249 -243 -193 -7 -25 99 -73 -85 -98 -9 203 112 -134 51 213 -10 29 -228 235 105 -220 -26 -117 110 -42 -213 132 10 -77 -20 151 -43 155 13 215 -144 -185 177 -30 199 174 26 -55 72 -1 32 -2 77 -197 136 114 104 -58 224 197 128 3 -48 -167 -107 63 -71 -184 -13 -37 186 240 201 40 -172 -132 30 -111 65 79 -94 138 225 -75 -8 -229 -162 223 206 53 -106 123 -174 -60 152 205 165 135 146 207 -140 -232 -59 169 170 247 -242 209 -124 244 64 -34 27 12 -177 -151 -191 -5 -54 -86 120 182 158 -50 -103 -236 71 -147 218 -179 195 57 49 -233 -137 -83 88 245 185 237 107 61 217 21 144 219 183 -116 -31 227 243 -81 -148 -180 -142 173 66 115 -64 127 16 117 83 78 229 -175 193 -248 -190 -11 191 126 56 211 154 -206 -195 241 -141 85 -166 -17 167 94 166 231 -53 -19 148 106 102 -241 -210 -223 20 -150 -51 -28 90 35 -6 25 -211 164 -168 113 221 7 141 68 -249 134 -139 59 210 -61 232 -199 -225 194 -196 -52 -181 -161 19 220 -118 -214 4 -79 139 184 161 -87 6 41 208 -4 -159 -164 178 -226 -221 -22 -91 -234 171 -152 81 -246 -202 15 -194 -133 -130 -155 233 -67 108 67 -88 -40 -189 -18 187 -24 162 204 58 -56 -76 -239 -12 -126 -129 119 -84 -238 242 0 -32 -104 -178 -158 -237 -63 -100 -204 -188 -128 2 -250 -154 142 -90 153 11 5 192 42 91 -131 -224 -160 111 101 47 50 
TEST 105 ARG:-62 101 -198 -149 247 -66 93 29 -146 -204 -191 61 -38 234 103 -196 -19 45 -211 -28 -49 94 -14 -33 130 127 -125 -95 -202 51 207 -56 158 -2 192 156 -165 37 106 -223 -12 58 184 -133 121 -109 132 -53 104 -82 232 208 133 177 -126 -138 17 -174 -103 90 -169 181 95 0 7 206 -183 13 53 193 22 -241 218 233 215 117 -47 -175 25 -234 154 67 213 153 -135 -54 146 -80 203 -170 64 -162 237 -76 -232 152 -99 178 -41 -199 -34 -168 140 -94 -78 -110 -87 196 62 6 -69 -73 -129 -101 68 -193 -250 -84 83 31 11 205 -172 42 -206 -188 -65 -209 -142 122 40 -194 240 -1 -205 -221 201 -5 23 -25 194 137 176 170 -176 -179 -75 225 -44 183 -120 236 -57 172 -242 -70 239 -74 -186 115 198 138 -60 18 -178 -184 -18 -8 -107 -24 -118 -134 -39 128 129 162 91 35 222 -200 -132 -139 -36 157 44 24 -214 249 139 -182 -58 105 -40 189 97 144 -10 -141 -213 -143 179 -155 145 -239 1 -154 223 86 235 -222 -210 -156 161 124 -16 -61 -121 107 -72 -131 74 -117 -112 57 -35 243 212 -173 204 36 -248 60 -159 27 245 34 -147 -50 96 46 -212 43 -226 -21 -160 147 200 39 59 -4 -157 89 -45 73 120 48 -245 110 -102 100 143 197 -96 63 3 -144 -77 -217 -122 82 166 47 -150 195 38 -116 -136 78 -238 -68 -207 -92 -190 77 -177 -64 -224 227 72 -140 136 228 -43 188 41 92 220 -215 75 -228 -105 -79 -20 -27 114 5 80 -145 -237 151 -201 -192 -97 111 165 112 -51 -85 16 -229 118 -171 -31 -127 -98 -230 241 173 70 -93 19 199 -240 -137 171 -115 14 -111 32 231 217 -208 229 4 65 135 -148 -83 10 230 216 148 -203 102 219 -167 -227 56 -153 -17 -11 -181 238 -163 -225 69 2 125 -236 -244 -164 26 -55 187 88 141 186 79 21 -13 180 142 -233 -6 -247 246 149 -231 -9 -218 -37 214 248 -114 -243 30 -151 50 182 244 98 -86 -124 -48 131 -63 190 52 174 85 -90 -30 119 -89 -71 209 109 -81 -3 -123 126 9 202 28 -152 -235 12 -100 -59 15 84 -220 150 -216 -32 -108 76 33 -249 -29 -67 175 224 -91 -106 -195 160 -158 116 -166 71 159 164 -185 -104 113 -42 226 -22 49 -46 8 -197 -161 -15 -119 -88 -246 211 167 99 -23 -113 242 -26 123 168 87 -187 81 66 -128 108 -130 -52 185 20 55 54 169 191 -7 -180 -189 -219 155 210 221 163 134 
TEST 106 ARG:-144 196 -171 224 169 197 -103 -242 -42 -88 81 -28 -41 170 133 241 20 -96 156 110 -1 31 163 52 1 42 -56 62 -29 26 -125 -77 -25 59 91 -187 77 -164 108 60 -196 -99 -10 -180 -198 30 -205 33 140 84 162 -238 -122 183 -119 0 40 135 -27 -128 -233 -26 94 55 125 -227 -87 223 58 185 201 -85 -69 -195 -193 -102 167 155 -136 119 221 -95 -237 51 -35 -118 -192 149 236 -60 72 118 -226 73 187 97 -127 -75 -105 25 105 -48 -241 -84 -53 27 220 -67 -123 -249 2 -225 -62 13 -11 -182 -160 14 219 216 200 180 177 53 130 68 -104 41 -201 -32 -151 126 45 -139 -228 210 89 -65 32 143 159 132 -245 -83 18 99 136 -59 -50 238 179 147 -80 -165 -147 -98 123 -219 -18 46 9 120 67 182 -110 107 34 -179 -81 -173 227 117 102 106 -109 114 -224 171 226 -231 234 -131 -207 157 -248 -188 66 -211 -86 8 202 192 -126 -78 86 -101 174 134 -148 116 -40 23 -21 -17 231 87 24 191 239 158 -240 -115 203 -217 -107 96 -124 145 82 -79 -76 -216 -247 -43 -200 -8 109 -94 -92 -250 -206 -36 -178 242 -111 7 -220 176 -135 -244 75 -199 -223 -176 -82 189 22 -113 6 85 -183 128 214 93 10 92 -184 -213 -39 -172 -215 204 -175 -100 248 21 -149 164 181 -46 103 64 -52 -6 161 113 150 -5 -117 186 12 -37 36 -185 104 166 -38 222 -189 175 -141 -210 172 71 -20 -158 229 -57 -222 43 -9 47 121 28 -7 -154 -47 178 38 -13 -166 -204 127 -129 115 228 4 -72 -232 61 -137 76 209 -22 69 -30 233 -58 190 -145 -66 -116 173 184 246 54 78 139 35 188 141 -150 -146 79 -2 -132 -235 -61 95 -90 -177 -138 101 -45 217 -70 -15 -89 168 -33 63 -114 208 98 -12 -4 205 29 215 -203 -246 -214 193 -133 -130 -3 151 211 124 -181 44 137 240 -51 80 138 -197 -234 -108 -68 -142 195 -71 56 -163 50 -156 100 -186 19 -239 206 232 -153 83 198 -191 37 -120 -161 -14 88 142 90 -23 244 249 154 39 207 -106 15 48 -24 -31 218 65 -218 70 49 -236 148 -140 194 -91 -54 -63 235 74 -230 -55 5 243 225 -169 -162 247 -194 -243 230 -74 129 -143 -208 111 -97 112 -190 -93 11 131 -44 -221 -49 -229 -112 -19 3 144 -121 153 152 -34 -174 213 -155 57 160 -64 -202 -170 16 237 -168 122 165 -134 -209 245 -16 146 -159 -212 -73 -167 17 212 -152 -157 199 
TEST 107 ARG:163 21 -170 114 209 77 155 -96 -105 -87 -103 -65 -51 134 91 -160 -100 226 -151 117 135 -162 113 25 136 18 -230 138 -227 -232 -56 112 227 -33 -75 53 64 157 26 -212 4 -58 67 -154 12 55 -141 232 -118 -180 245 -145 231 -229 221 -24 147 122 2 -135 -99 -247 97 -155 57 -90 -98 89 6 -49 72 178 -189 40 13 -67 212 93 -205 -173 -7 -28 125 -190 -104 143 -182 132 78 24 233 -14 -176 14 -159 17 -165 -213 -30 -175 106 -107 -18 16 -48 -119 -16 -110 66 -132 -147 -32 -197 92 -12 202 -183 36 184 217 -10 101 -8 -62 -6 -68 -80 81 -178 -237 -106 -41 -54 -31 156 33 -177 -219 193 -193 -50 -112 27 148 247 248 -73 -246 23 196 154 224 229 -55 -166 182 -78 146 -36 -108 228 116 140 -39 151 214 103 -153 175 7 -111 -172 -123 181 -57 198 79 -169 130 -120 -66 61 -200 -209 118 110 -125 162 47 150 189 -131 68 -136 -60 171 -144 230 46 -70 201 -211 102 200 197 -218 -113 -15 -27 -163 -77 -143 165 -234 149 126 -40 244 -142 30 100 207 -44 -214 35 164 191 -235 -195 127 195 -167 220 -245 -95 -64 172 -5 0 28 129 -37 1 170 38 86 -146 -122 -22 249 -23 120 60 152 123 -137 218 210 -181 32 -59 42 -185 121 71 104 -85 -52 -157 -19 -86 -148 59 -117 74 -94 115 242 137 166 199 -89 56 -208 -242 -97 -11 187 246 243 169 239 -129 -1 75 -9 70 -187 -226 216 88 -215 58 -150 -249 194 237 -130 41 159 80 63 234 119 222 158 -236 -72 185 -241 -74 -192 109 211 -164 111 -53 37 213 190 -161 69 -45 -194 44 95 -61 -20 54 205 -140 49 -210 -63 240 -102 -239 -133 -243 -231 241 -35 -217 173 -79 -152 -126 -43 188 161 31 107 -46 5 186 -42 192 -204 -158 -199 98 203 142 -191 -121 52 225 -206 -47 145 -220 22 -149 141 235 29 179 96 -244 128 -184 215 -3 131 -76 10 8 -13 -224 -114 -84 174 -196 -248 83 -223 11 76 -188 177 -228 144 -116 -29 99 45 160 -17 -207 206 -92 -26 -222 73 183 43 167 -225 9 -238 -198 3 -71 153 -124 15 -233 -21 85 -88 -34 -128 -69 -115 -91 -168 94 84 208 -38 180 -2 -171 -82 -138 51 50 20 48 82 -134 -156 -174 219 -127 108 -186 -4 139 39 105 223 19 -101 -93 -221 62 -83 -250 -109 -240 238 -216 87 -179 34 -139 -81 168 176 -203 -201 65 133 204 90 -202 -25 236 124 
TEST 108 ARG:-249 227 -64 23 158 155 215 36 88 -140 -37 167 35 -24 -63 -210 78 -136 224 144 -214 -153 183 177 2 130 200 -125 -78 -133 31 58 17 -23 232 233 66 -115 44 -157 16 -18 -73 -149 -137 -42 149 249 -75 161 100 -123 -218 -43 -106 -138 143 54 -34 42 134 205 -131 12 7 -240 157 -186 -31 -188 112 -27 126 -206 -82 -234 50 -198 -216 178 -221 -14 -121 -154 185 218 -248 244 94 -161 -54 55 -178 -212 152 -224 -228 -196 204 209 80 -21 84 62 25 -144 247 189 -68 -2 180 175 -205 -15 -162 148 15 -47 140 -245 236 162 216 85 32 125 132 -134 142 -45 -84 -61 43 6 -33 -219 -74 139 184 -229 190 74 117 133 121 -175 -81 -155 -172 -135 40 228 -233 33 -5 -19 61 -177 -12 99 -146 -170 -10 -141 211 52 225 -66 1 -60 -181 11 182 -26 -44 49 87 199 -166 242 235 39 -211 -120 47 153 196 104 154 64 -225 -158 -201 -230 138 -25 -209 -208 -40 179 -100 -192 122 -77 -96 41 -112 145 -122 -237 -165 20 -85 -128 159 151 -171 -98 -168 -246 137 -29 -62 -190 174 -88 -239 -86 191 -167 -176 8 -87 203 164 109 -189 -223 97 176 -48 -145 -91 -241 -20 234 241 45 207 -111 3 90 -179 -236 160 166 -13 187 -126 89 246 186 -159 -184 114 110 -22 38 46 197 239 -182 -193 -148 21 226 120 -250 -226 -28 -39 65 135 -227 223 -80 -99 -213 -16 -104 169 93 230 -142 19 -46 131 53 -50 4 -139 76 -203 206 75 -92 -8 123 -127 243 18 -132 -194 -129 95 -117 -231 -107 173 107 108 63 -6 67 -89 -147 172 237 10 198 238 73 116 57 -95 -163 195 192 -72 141 24 231 -242 -7 115 -113 -152 -1 9 -164 -4 -180 -70 71 221 -204 102 -58 171 111 -200 -11 14 202 -30 81 -36 156 56 91 146 -79 -71 -103 92 170 213 201 -185 -215 106 -55 -17 188 -191 136 30 -41 96 113 86 -244 29 0 -3 229 -243 83 -49 -124 -32 208 165 -53 193 -150 -232 118 37 -69 -118 128 -197 -116 163 -220 -38 194 -83 -143 219 -9 -93 -187 -51 -217 -183 -90 68 5 69 -114 -57 -101 -102 127 82 -247 -169 -108 -94 217 150 60 -207 -97 129 77 -110 27 248 13 51 98 48 181 214 22 28 -173 -105 124 -67 -52 79 -56 -202 240 -130 -238 222 -156 119 26 101 34 168 70 -222 -35 72 59 103 -174 245 220 212 -119 105 147 210 -151 -160 -235 -65 -195 -76 -199 -109 -59 
TEST 109 ARG:-38 -167 22 -189 -52 79 -133 192 -31 -110 -186 -149 189 98 249 181 52 200 41 -180 27 162 -78 -164 -116 89 113 -14 244 133 -131 176 198 126 210 208 -221 -54 170 156 234 -29 -204 54 109 -72 -92 33 -156 -34 -179 -162 -178 -79 -112 -57 173 93 -206 137 -182 -30 148 -140 -69 -233 63 -104 -153 75 21 121 20 -103 -117 -22 -205 122 -138 -150 205 -55 -91 -84 -135 117 -44 106 -102 -215 0 -33 220 143 -10 -166 -225 -86 -26 -105 174 -169 -174 -163 -194 67 -230 -146 36 -184 -6 -114 -47 154 -130 114 46 -41 118 125 -21 -244 -145 -212 -42 -219 -49 -128 -143 39 -115 -208 -36 194 -121 -144 -126 -172 -94 247 -168 23 -83 -158 227 31 86 158 78 53 -70 -127 -35 139 -45 -160 -17 -125 -58 101 165 57 108 149 25 -235 96 72 -237 171 -196 128 215 -223 -238 -20 -51 175 229 217 -124 82 -12 168 -24 -198 17 102 32 26 47 -220 110 243 -100 2 225 216 238 -81 104 223 160 206 15 -80 204 35 92 -93 -53 -1 111 -202 12 -203 -141 186 201 -155 142 -199 -242 -87 -137 -48 163 -120 147 231 -132 -246 40 64 -123 81 76 -76 73 239 135 56 245 65 -226 71 218 3 -66 155 -119 -122 -216 213 184 -234 219 178 232 -8 -134 100 -60 -218 -25 -171 116 226 -97 -227 -201 246 4 94 13 -213 -18 -89 -183 196 44 -197 -109 -63 120 207 -9 -62 -159 152 221 66 -106 190 240 -195 138 -108 -214 -224 10 -111 105 -222 248 180 -11 -65 -23 83 -129 -64 107 -59 51 -107 18 -217 197 74 34 -75 -37 -177 62 -15 -118 -147 199 191 -250 48 -56 129 -241 -71 43 -46 -40 224 140 -232 -73 99 182 211 212 6 228 -249 236 167 84 -188 -113 85 241 131 237 130 -173 -247 150 183 164 195 -211 -193 222 -95 -13 -243 230 146 -28 -27 -161 88 -85 59 157 42 -82 -39 193 -185 -50 214 -4 -154 -148 141 153 -239 144 -152 -68 11 185 7 -231 -187 123 -16 -99 60 -229 50 87 -2 136 -142 -77 -240 -139 -200 124 151 169 -248 69 103 28 8 70 91 -88 112 19 -61 16 49 -170 1 172 -67 38 145 235 55 -151 -5 -236 -98 209 132 45 233 -19 242 134 68 -191 -7 179 95 202 -228 177 -32 -43 77 127 90 -157 -74 58 -176 187 -165 -136 29 161 203 61 -96 -192 9 24 115 188 -210 -245 14 80 -90 -209 -190 -175 -3 119 166 -207 -181 -101 30 5 97 37 159 
TEST 110 ARG:-61 -141 55 -83 154 139 95 -55 112 32 44 15 -113 -95 31 -245 -204 -177 149 -248 86 133 -12 -186 227 -244 156 78 -87 241 -92 -230 -48 -223 -213 170 -64 228 72 -215 77 -88 153 79 9 -219 244 1 144 -101 130 147 191 -24 20 -216 -9 -44 185 212 -250 -194 88 61 220 -67 -46 105 214 223 -86 125 -103 -165 138 -144 165 201 49 39 -127 -93 -132 38 -218 -76 229 -228 -243 -189 75 68 -137 -249 186 51 -59 -176 146 -108 64 18 -110 -217 13 -205 -49 193 -195 128 63 -7 -3 -157 -181 -40 118 -114 180 182 80 -142 -167 119 199 85 -150 -11 97 -53 -27 62 195 81 -226 168 -143 -26 -4 83 200 -2 -210 76 -66 -23 -187 117 234 123 -124 178 12 -174 30 37 -145 183 -116 -188 -134 217 -197 11 -29 -17 -162 -146 115 189 33 -62 -229 -32 22 69 213 7 -94 52 -227 143 -118 -22 14 34 140 50 -182 141 -41 -30 -202 158 -214 -6 243 66 233 134 226 43 24 -147 -115 155 161 159 -221 198 -155 -96 179 100 173 -139 19 3 -18 -164 46 110 82 -112 -122 176 239 -201 -175 -47 -163 -104 194 -211 164 -153 -68 -50 240 237 109 205 -119 151 163 248 -238 203 -98 216 -21 -222 -69 53 122 -63 91 232 -129 23 -123 -1 58 137 16 -65 -170 -73 -131 41 -158 238 -207 247 -190 2 -107 208 92 -128 57 -71 101 142 188 175 152 116 99 -57 -117 -184 -80 36 -14 -111 235 -233 231 98 -52 17 -152 -8 -179 -130 184 207 -212 132 172 181 -156 54 135 -236 -136 0 -75 87 174 167 -198 -225 221 -154 -178 -240 -160 126 -196 -168 -37 177 -33 35 -20 -151 90 -200 -159 -171 106 -121 48 -241 -169 160 -10 230 131 190 -51 -72 102 215 121 -148 218 4 21 -242 -192 -16 -15 -70 -125 -28 -77 -231 -247 -193 -74 211 45 -239 8 -232 107 5 10 219 -100 -237 -102 -191 65 -82 197 204 29 -133 145 -109 -199 196 209 67 171 26 148 124 -45 -173 -183 73 94 242 -31 -105 225 93 25 -234 246 70 -138 -89 136 40 -36 -99 -60 6 -203 108 -34 -220 245 222 -97 210 89 -120 120 -38 -149 -172 187 -42 -140 206 127 84 202 -161 28 -79 157 -25 -185 42 -43 113 -180 236 -224 169 224 74 129 -246 -39 -106 -166 -135 -209 -81 71 -84 192 -78 60 96 -208 -85 -54 249 56 47 150 111 -90 -35 -5 166 -91 27 59 103 104 -56 -206 -58 114 -19 -235 162 -13 -126 
TEST 111 ARG:128 100 76 -209 -10 246 219 152 220 134 117 -92 -227 238 229 -49 -237 33 69 -6 -111 -243 -140 123 245 -74 -228 -72 225 0 168 80 57 -68 -128 -43 97 70 -152 23 14 -80 -120 -3 -38 20 241 19 -23 53 -54 170 71 31 34 172 84 -141 22 -70 28 228 213 -176 -217 -163 27 -44 181 83 -229 -218 239 236 43 -195 131 101 -205 -125 49 165 114 -194 178 98 140 -40 185 86 -184 -85 237 249 198 149 18 113 -230 99 -235 227 -61 -139 -28 25 189 -88 135 9 244 -196 -138 -174 137 210 -200 1 -13 231 -171 -247 -161 -103 -121 211 199 -30 41 -179 -94 48 127 214 120 -17 -219 8 -123 89 -212 173 -41 -59 -215 159 -158 226 -29 7 174 -154 193 -45 230 125 144 -21 36 91 21 -73 -169 224 -18 -108 2 -95 196 51 -211 -51 190 -76 -56 121 40 -16 -250 -145 -185 -206 44 -231 -146 -126 -53 -249 72 194 30 248 109 -242 -86 104 -22 -198 35 -221 32 -167 183 79 -97 -172 -100 242 -159 -134 223 184 38 93 157 -135 -69 -136 -130 126 -222 163 66 192 -19 -55 -245 6 54 67 -234 103 -35 94 -113 -183 -115 -131 -244 10 218 68 -101 -65 -207 92 61 -7 -62 87 182 154 133 -93 205 -137 -166 233 -225 -82 -39 -132 -153 -149 12 235 -168 138 -216 -226 122 156 -78 -46 -170 158 -15 147 -142 85 -119 -248 -63 -110 82 -12 50 132 -155 -220 -104 -31 203 -84 -189 124 206 202 -114 -157 -75 136 208 -77 -37 -178 -187 13 -199 191 59 62 115 -241 -246 60 221 204 -203 153 -213 75 65 143 39 -117 112 243 195 164 4 240 -173 111 -96 -190 78 146 -87 -151 -32 139 56 -232 -191 17 55 142 74 -36 188 -79 107 -116 -4 96 -193 -48 110 -89 24 141 119 167 187 179 37 -64 -165 -127 -177 171 47 58 -11 -67 -162 -5 -240 177 161 155 -150 -98 -99 -83 105 -202 -180 222 150 11 63 -20 186 201 81 3 -238 26 90 -50 145 -109 -26 -60 15 -192 -107 169 -71 -223 -214 -112 234 -106 -143 42 -2 176 160 -122 129 -204 -47 232 -33 197 -52 -236 -181 -66 -14 151 180 -148 106 216 -175 -160 -224 -91 130 -156 -90 207 95 -182 247 -27 108 16 -57 -186 209 -133 -197 46 73 -201 -24 200 88 -144 -9 -81 -105 -8 166 162 -129 5 102 -208 64 -34 77 217 -188 29 -164 -147 -233 -124 -102 118 215 -42 -58 116 -118 52 -210 148 175 -239 212 -25 -1 45 
TEST 112 ARG:-161 -227 -30 -66 -5 -19 -51 -213 185 183 145 -63 -128 184 128 -181 -14 -140 -164 -238 -112 -167 101 -121 172 54 77 225 -221 -17 63 -23 193 -29 240 -230 156 34 -82 -98 -178 -194 217 -42 179 55 -218 68 -226 154 -13 -67 -93 190 97 -104 -235 -4 180 174 1 110 170 36 -191 245 -78 26 50 43 -126 186 -25 202 -148 11 -91 -99 29 239 207 -20 234 -21 149 -107 -231 -236 -215 16 99 88 5 -179 -159 220 60 219 -220 -64 208 -39 -142 -36 -199 30 -83 187 155 140 -70 117 80 138 118 -162 -94 -2 -210 189 107 157 6 45 -57 -204 65 116 62 -211 221 -180 232 -102 76 209 -38 -171 176 236 171 -41 -113 177 -24 -203 -133 151 90 -34 -85 -228 -166 173 124 70 200 75 105 73 -44 -225 -189 248 86 -48 -47 67 -130 -237 -170 -131 243 -81 53 52 -197 -71 111 17 121 -61 226 -172 98 -9 48 21 -195 218 -53 -196 66 123 164 -108 -249 -136 9 -154 120 13 238 130 -175 -45 139 -8 -157 47 -7 -18 -152 -95 -217 -31 242 103 160 -165 -120 37 227 87 0 -134 241 -124 28 -145 231 -3 230 -156 33 109 -69 215 147 82 198 22 152 246 -188 8 -243 -205 159 -187 46 -49 -224 131 -52 91 169 -74 -40 71 -173 -149 -244 175 -193 57 84 -80 -241 -97 -77 79 -15 -58 216 96 -233 -250 -132 150 42 213 -46 -89 -240 158 -72 32 -153 -28 -100 81 -198 119 15 -37 69 182 -68 -176 -73 -92 244 94 181 197 -35 196 35 -106 -202 162 146 -208 113 144 249 3 -184 74 115 135 233 -87 -129 -214 122 89 -177 -16 168 12 201 -56 -135 49 106 222 -209 -245 64 20 92 -200 214 -50 41 142 -122 -105 -10 -114 137 125 126 -216 247 51 -234 -174 141 163 -65 58 -6 -54 -155 -88 -192 -151 -222 -117 24 -207 2 -247 -239 72 14 -182 133 -143 -84 -32 61 167 -55 -75 -223 -118 129 205 -242 108 -160 -163 -116 -90 104 148 27 210 -190 -158 19 -219 223 85 -33 4 192 78 -109 -147 83 -138 -201 -183 39 102 -86 -169 199 10 -146 212 224 -111 -232 204 -103 -125 237 -101 -206 112 161 -127 -22 -1 -62 143 -123 211 136 194 178 56 132 -79 114 40 188 -212 134 -115 95 100 -43 -12 7 127 -110 235 -168 -26 -11 -229 -186 191 165 203 25 93 229 -139 23 166 195 18 -185 -76 44 -144 -137 -27 -246 -96 -150 31 153 -59 -248 -141 59 38 206 -60 228 -119 
TEST 113 ARG:182 -90 -228 -39 -4 87 238 -18 96 86 -55 64 30 249 -16 -200 4 -193 104 29 220 -10 -235 -111 -57 107 60 -229 24 -97 218 -215 95 186 -104 -75 -121 -194 -150 -26 42 -146 -120 -50 -110 -166 128 -127 114 -73 153 -241 -91 193 -170 185 -99 -115 211 178 173 23 19 -76 -20 -61 -27 -174 -167 -151 0 100 166 -105 210 -155 65 -144 -133 -36 -58 -136 233 43 -219 -140 -250 -153 -147 142 -24 -231 -202 -240 157 41 248 235 119 -199 -148 -25 167 -106 -212 -171 192 57 -21 227 -245 62 16 -143 194 72 -49 -71 200 181 31 33 201 -95 234 47 223 6 -35 -132 138 -93 -64 177 -221 -100 -179 115 -185 22 93 126 129 -96 149 -238 38 -203 174 70 -249 105 -130 -209 -207 -244 -152 18 -213 -204 1 246 -28 162 74 -116 -164 45 154 135 -186 -113 -163 -216 175 -156 -85 230 247 199 122 -226 -189 17 134 -19 82 94 -83 20 229 224 83 -237 -160 -161 -138 -187 -154 -123 133 46 -177 -2 -109 198 171 -94 67 204 -124 -214 169 183 187 -198 172 -129 202 -56 124 -87 -8 168 156 237 92 69 164 -243 71 91 136 75 -162 21 27 152 144 -34 -246 -125 -242 -11 236 73 -223 -192 -131 78 28 90 212 -158 121 -142 -128 -168 14 112 37 -84 -236 35 189 190 -40 109 54 -119 15 -72 -169 118 213 -65 97 188 99 -81 79 -12 -31 -103 196 -217 -92 209 -6 10 151 176 120 222 77 49 11 -60 -183 -232 -112 -1 163 53 25 34 -184 -47 -7 39 -79 -33 36 -98 159 -188 -141 232 -14 -190 -225 141 -139 -23 139 -247 150 -51 -222 161 113 146 -13 -82 245 125 8 239 -137 -227 226 -62 -206 106 -77 -176 -102 216 -191 -211 148 -173 214 147 -195 5 170 26 -181 -52 -172 -32 -69 -182 -70 55 68 9 -197 -22 -175 203 -230 110 -210 -114 -30 40 -218 50 -134 56 -66 132 81 -5 -88 76 -149 180 3 127 -48 13 130 -53 -180 -107 206 88 241 58 -44 59 48 240 123 -9 -159 -17 -135 145 217 12 2 143 52 -54 80 -239 89 117 101 184 61 -74 -3 -89 140 63 197 -145 84 -86 -117 -42 -122 228 165 -101 205 -59 44 207 -15 -67 51 -38 219 -205 -29 -224 111 -63 -45 191 -126 -43 -41 179 -165 98 -46 244 -80 7 215 160 208 231 -220 -157 225 85 131 -234 116 221 243 -37 66 -68 -118 -233 -196 -178 137 195 155 -201 -78 102 -248 -108 242 103 108 -208 158 32 
TEST 114 ARG:-45 -139 57 -179 -8 227 119 64 -105 210 197 134 81 -42 -19 -121 -153 -229 17 220 -232 232 -178 231 174 83 -48 -228 -28 242 218 -202 221 158 -215 -246 -93 -204 -184 -176 33 23 47 -221 -73 182 196 31 -37 -193 -241 56 -99 -78 239 -249 -6 -10 65 -43 48 -201 -58 -191 -88 149 -186 95 128 -214 -107 -126 53 60 -127 -31 -208 98 18 -205 -67 -135 -137 -47 115 -211 39 -234 126 59 41 -162 24 137 106 37 -32 34 -140 135 -9 167 123 73 5 -4 -250 189 -97 -75 188 -160 -233 198 -222 103 -63 172 -46 208 109 216 74 207 131 -151 175 52 143 -53 -95 69 173 209 87 -152 61 169 -30 86 80 -72 -187 51 176 -120 -61 202 151 -34 234 -223 26 -212 -82 241 3 -203 162 -148 90 118 58 -3 192 -227 -124 -25 32 229 -131 -245 -175 -147 4 211 -12 -185 89 144 -20 -91 -98 -225 67 -190 13 -29 -199 -115 -166 6 155 25 228 -129 76 35 177 132 140 -76 205 240 245 -177 -16 153 -54 -110 -145 246 -109 213 117 -231 217 116 199 -138 -119 233 -27 204 -216 203 62 -13 -200 -74 -192 94 -38 -59 -79 71 -242 9 28 243 193 129 237 -35 -247 206 -207 219 112 201 152 161 -5 46 146 -248 -243 45 -52 -50 -15 164 215 -94 -96 183 -149 -130 -113 -77 -133 19 91 -238 -44 68 225 -143 -239 -55 141 -68 30 -161 54 -154 -134 -240 -81 -189 8 -23 -66 168 -18 75 -65 -112 107 -39 -218 159 10 -117 -194 82 70 -22 166 178 160 130 186 171 -230 -122 125 11 138 42 235 -206 -60 187 0 -56 224 -146 150 72 244 -155 226 142 -236 44 -226 -26 63 88 -36 -100 92 -86 -213 114 -164 -103 -198 181 -89 -167 -169 -136 -150 230 -92 27 -17 -173 50 -144 -220 179 136 -244 20 -84 -71 -40 180 40 93 -111 214 157 127 104 -235 -195 -132 -219 -114 238 96 212 -157 163 -180 -24 97 -224 79 120 66 -14 110 139 102 -83 22 165 194 -108 85 14 -102 -170 195 99 -237 156 -116 113 -168 -123 -7 -163 36 -11 -197 -57 2 -70 148 -141 108 -210 7 43 -156 -64 -142 249 145 55 -85 -33 184 84 122 21 124 236 200 -69 185 -159 15 -106 29 191 -101 -172 12 -128 49 -41 -125 -51 -165 100 -188 222 -62 -118 -182 133 1 -2 -209 38 -87 101 16 -181 78 -196 -158 -183 247 -80 -21 121 170 77 -174 105 -1 154 190 -217 -49 -104 223 -171 147 111 -90 248 
TEST 115 ARG:80 -57 -137 97 27 45 162 -19 124 -190 -198 -108 92 211 149 -146 194 -72 102 93 85 -66 -219 -39 -210 -176 -5 -100 74 -51 224 -81 76 -25 -232 144 181 -17 84 114 -153 128 -183 -171 120 61 -154 23 137 -207 225 -204 191 42 -59 175 -186 220 -234 -201 234 115 -106 240 -159 242 -55 227 235 183 153 -50 212 57 -237 -54 135 107 88 -28 -139 28 125 -99 -73 75 -21 -212 130 55 223 109 -79 -192 -160 104 -98 106 219 -10 47 233 -167 174 187 -184 87 -87 25 -11 -189 -92 -194 226 244 -80 67 54 143 185 -47 -162 -48 -134 -179 156 5 -41 -12 138 -203 139 70 -172 229 -8 -126 7 -33 -16 -58 60 -188 -208 118 -67 119 51 22 8 -127 -68 -117 237 -214 -89 -142 14 29 43 62 -227 83 69 -122 -13 48 -147 -152 9 -157 -31 -53 -18 78 -216 -178 -14 221 -104 -236 1 -120 230 -132 12 -124 -95 68 -32 151 116 -250 -164 -65 19 245 -240 167 59 -206 152 46 110 -196 108 -148 34 190 117 222 196 -177 -205 -62 53 -242 -173 71 -175 -74 188 -29 172 171 4 -56 159 -82 81 -71 -220 213 -174 -35 -246 -114 64 96 21 -130 161 -46 -6 170 -4 158 -222 232 -241 231 214 157 134 173 210 103 -125 -107 77 -228 -161 89 133 -76 177 73 -45 52 94 -136 39 141 238 -86 192 -140 -77 41 -225 186 176 208 95 3 -36 201 148 -83 -85 37 -30 -244 -109 -141 -193 63 -169 160 -96 66 38 -143 -158 199 105 -230 241 -170 -149 -60 246 44 -238 -112 218 91 -128 13 -26 -9 155 -110 -202 79 -168 168 -102 56 249 193 164 203 216 150 -94 -103 -105 215 -133 -180 -217 -101 126 -93 206 -135 -213 -70 -63 -199 -7 -115 -52 111 129 -75 184 -78 -88 -118 10 -151 178 228 200 -226 -64 101 15 180 -182 -233 189 197 -245 86 -209 127 209 -43 195 -42 247 -195 -111 33 -15 11 113 136 -34 -248 -138 145 -145 30 18 -37 31 100 205 182 -223 99 -131 58 -129 -3 -119 122 204 243 -22 -2 112 20 98 -121 -44 -235 -155 -113 207 -215 -91 -249 -163 72 32 82 -144 -181 -221 -239 131 -218 -49 121 -156 50 17 -24 -150 -69 -40 163 -116 65 -200 -90 -229 -97 169 -191 147 146 -84 40 49 16 142 35 0 -197 248 179 -166 36 -187 -27 6 202 154 -211 -61 -1 2 -247 132 -38 236 -123 -243 -165 217 198 -231 140 24 -20 90 123 -185 166 239 26 -224 165 -23 
TEST 116 ARG:-114 240 -2 -230 -152 75 -59 208 74 87 -110 192 -193 9 -124 -179 -4 11 125 -9 131 194 108 199 92 1 -140 -156 -240 168 141 -82 -209 -187 -115 -119 123 142 -31 189 -12 -32 152 -20 -249 149 219 -148 -84 -49 -157 -87 -16 163 -69 40 214 -44 226 -11 -92 -171 -75 181 -207 -166 -160 173 64 -117 19 -150 188 -22 221 52 -184 -8 225 3 29 -52 98 170 -51 232 -169 223 -236 -202 -131 -208 -125 16 45 -43 105 -70 -15 231 -118 -226 -214 197 90 130 186 124 63 -81 -54 62 -162 7 -35 -58 -104 191 -19 -228 233 -108 21 241 -233 84 -133 -45 -137 37 166 220 55 160 10 203 145 82 -237 -217 -141 -175 -221 -135 -40 8 -147 93 -163 218 -34 216 72 -218 -185 -168 161 -83 114 -203 -102 50 -29 -1 -199 -3 169 242 -62 113 -13 -194 48 -161 -235 247 196 -180 95 -48 118 -60 22 -61 -113 13 -101 -198 -63 -145 -39 -25 -212 -107 83 229 -94 -17 -170 -120 243 38 17 222 81 249 120 215 205 154 185 47 127 -72 79 239 -220 46 139 -188 -243 -86 -232 35 -248 41 -222 12 -47 -239 -18 157 -176 -42 57 -246 -144 -26 -116 238 -165 -215 155 -93 -245 -96 246 80 -186 -106 -191 2 -100 -53 54 133 228 122 116 -46 104 -105 39 -231 -142 -139 165 20 -192 167 -205 109 236 5 44 102 -134 36 4 153 32 -80 -190 204 147 -174 51 67 -109 115 210 202 245 198 -182 71 -224 -132 -7 217 182 15 151 78 -79 -159 184 -195 -30 66 162 159 -227 206 26 -164 176 201 -90 -250 106 -50 -211 112 6 77 0 -151 -37 -158 86 111 234 128 119 -27 -173 99 -85 121 -55 -57 -78 -24 88 -98 -223 -136 156 171 -216 -74 24 94 174 -229 76 -38 -167 172 -155 -146 49 73 61 97 -241 68 237 175 -206 -183 31 -126 224 -138 -41 28 18 -21 213 -65 150 -143 193 126 158 -6 101 -73 209 25 -127 211 -122 65 207 136 178 230 187 129 144 132 14 107 200 60 -123 -5 -89 -178 117 134 -181 -76 85 -33 91 -88 137 103 248 -153 177 -210 70 164 -189 -121 180 30 53 -10 58 -149 69 138 96 -97 -234 -28 -128 100 135 -247 -67 59 -99 179 -95 -242 -77 195 183 56 34 -129 43 89 -66 -154 -36 -200 -64 212 -130 -112 143 -103 148 227 -244 -172 -68 -201 140 -23 235 244 -238 -177 -196 23 -225 -213 33 42 -71 146 27 -219 -197 190 -91 -204 110 -14 -56 -111 
TEST 117 ARG:-135 -242 87 -104 91 -143 41 -73 -45 -29 149 95 179 81 -76 -226 -97 40 -81 -48 -157 103 104 -46 16 13 -140 -244 175 -187 -36 -173 156 -25 94 -184 54 49 -165 -229 -137 -5 -103 -28 106 -2 134 -172 -1 11 144 153 164 109 -128 -3 -220 217 -21 -139 127 24 236 57 53 -57 -231 -225 -216 205 -201 200 193 -118 199 -121 105 -22 -63 112 -24 98 -12 -14 -159 172 131 -50 204 -250 -147 -41 -211 225 195 -23 232 119 -100 197 -218 237 -71 -164 -203 185 -58 224 203 221 38 -115 -37 -19 201 -197 -69 -191 20 52 -68 -129 -39 -51 -130 -27 56 157 -55 9 -222 235 128 -168 70 88 -49 -171 137 -245 166 79 230 247 233 -194 189 181 165 32 -16 249 163 84 190 -206 -134 74 196 141 168 -144 10 123 -195 -167 206 101 140 36 -124 143 -64 -204 226 82 161 -94 92 42 -175 -53 28 -177 -155 85 118 59 -43 19 -228 -174 -227 171 -181 6 12 -237 -163 -8 208 23 114 -239 -207 -185 212 -92 -224 145 46 -33 152 191 -26 108 64 -88 -77 -158 248 71 -10 129 -15 -62 -4 -246 -79 99 -6 -186 198 -44 -59 -32 30 130 -189 -208 115 -42 -213 21 116 72 0 3 83 -151 219 -150 -180 -85 -166 183 -86 -117 2 -193 44 14 242 -34 -243 80 -170 -106 17 -31 15 69 -132 61 -240 -105 -113 -217 -145 18 223 -93 -235 8 -66 -90 220 107 177 -176 -18 210 -153 -11 -182 234 120 -111 -91 -70 -146 -89 31 -40 -101 -7 173 -82 188 -196 -247 -114 154 7 27 65 -65 -116 218 29 -30 100 -110 -109 162 207 139 -133 122 -125 170 148 136 178 26 -233 -112 211 215 62 66 -221 -78 50 -209 63 -162 -156 240 -160 -127 -200 110 73 117 111 -141 86 -214 -108 216 43 -72 -74 150 34 68 121 76 -17 -190 -119 151 180 -136 -38 202 231 1 -123 33 -149 238 174 -248 78 -122 239 48 146 -13 25 4 244 -9 5 -212 -67 155 243 -188 97 93 186 90 60 -102 35 133 147 22 192 -183 -223 -210 229 -120 241 126 -202 -236 209 -35 -61 -107 -80 -178 58 194 125 -230 -142 -179 -96 -95 176 37 245 67 132 159 -83 167 -238 -75 75 45 -148 135 -161 -234 102 213 -60 -20 -56 214 -47 55 246 -199 89 -249 -87 -169 -198 138 -126 142 -152 -154 158 227 -192 77 -205 113 39 -219 -138 160 -232 -84 -54 96 228 124 47 -99 51 182 -215 169 -52 -98 -131 222 184 -241 187 
TEST 118 ARG:146 144 246 -135 244 133 74 -102 -43 203 -159 172 185 -41 -42 -181 -206 225 -229 47 -16 -133 33 -59 -223 166 117 -134 125 17 96 192 29 88 -189 214 248 -130 224 189 119 247 123 -152 230 -101 -47 226 95 -23 -174 -244 128 -197 -96 -30 5 -188 71 82 227 193 -242 -45 -97 37 124 -167 238 208 73 -199 -50 89 -180 -218 25 -118 -80 13 120 3 -225 -99 79 -15 -169 53 -112 57 -91 -243 213 -18 -129 86 27 -148 26 -131 -24 10 -164 -124 -63 30 23 -93 -232 173 99 -32 100 -201 75 -126 129 151 -39 229 131 -191 183 38 199 182 -142 163 -9 41 67 -207 236 98 50 111 102 -53 -217 -1 -146 -110 220 198 -85 2 147 66 -216 142 -51 -182 -147 116 -235 -149 -203 210 -246 112 72 205 -89 233 58 136 -230 64 -106 115 15 93 6 -26 -238 -10 51 118 -132 -87 91 97 -176 126 145 -33 237 -35 -228 -144 -2 69 -183 107 -90 -193 228 -71 24 159 -125 -14 -137 -37 -150 179 0 -38 -78 215 -73 62 139 -240 85 -44 194 -105 137 114 1 221 78 -179 36 -136 130 -221 19 -173 -67 -119 -154 -168 101 -214 -160 34 -236 -77 206 204 181 -250 22 -219 -171 39 121 222 -162 -69 80 239 -111 -227 -65 56 188 -249 -66 -139 -185 108 -128 186 -245 -153 122 235 -70 -100 -138 148 -49 -202 -237 9 -208 -20 -79 218 -68 87 -239 -161 207 63 8 42 -36 -27 170 175 -141 232 184 150 -200 155 -34 60 161 -241 -108 16 217 20 4 -84 223 -3 -61 -172 240 -222 200 -46 -57 -25 160 201 -13 132 110 187 35 158 -98 -88 -247 106 -8 55 -17 40 -145 -186 -55 48 -109 127 169 197 18 157 -166 -103 -116 -94 -95 154 -121 178 149 49 -92 -204 92 11 94 52 -140 21 -120 -151 176 167 -184 -7 -19 -158 -122 70 249 113 45 65 -157 -226 202 -220 -205 -210 46 196 -187 -54 -234 43 190 -28 -195 209 -177 84 -192 -196 -233 -178 -82 -248 231 165 134 109 103 -4 -11 241 -74 -22 -58 -29 -56 -123 -6 -114 -48 191 143 152 -213 -155 156 153 83 59 -209 -117 168 211 -60 -175 105 -194 12 -104 -211 -86 140 -62 -231 -113 162 -163 212 44 -75 -190 31 -115 243 68 -170 28 -83 61 -143 -107 -215 76 -5 -52 -40 171 177 141 245 174 32 234 77 219 -127 -12 195 135 -64 7 -198 -81 -224 -212 -76 180 242 -156 54 -31 164 138 81 -21 -165 90 14 104 216 -72 
TEST 119 ARG:128 217 -43 -224 174 -174 -97 240 -31 -26 -211 -128 -206 190 226 188 181 -241 -40 147 -176 -207 51 19 -4 -160 -59 -70 49 68 -242 184 239 133 -135 -8 200 -107 -167 -74 -21 249 235 -121 -76 9 -250 -239 168 -183 -192 -95 -63 -103 150 165 141 121 143 -231 -77 -62 120 175 -247 -22 198 1 186 71 58 208 -227 -112 -217 182 179 -10 -249 -87 -93 -111 127 131 234 -5 -153 -150 149 -52 93 138 169 151 -246 -145 -27 -1 213 154 -209 73 -32 23 -13 -92 214 -55 227 4 148 -173 215 -25 -57 110 50 111 -9 -50 -240 -152 119 90 -148 172 60 97 -186 103 13 160 161 -243 232 -233 -185 6 -175 -213 -75 137 180 -108 22 159 45 196 -132 153 238 47 241 -81 -109 244 -220 -54 109 -68 48 123 247 38 116 -187 14 156 -236 15 -110 125 -72 101 142 -244 41 -204 -117 -64 139 -219 -190 -177 126 40 206 -119 77 -189 -134 202 135 -225 122 -29 -94 -202 -141 -83 30 53 2 61 7 -37 -131 -170 170 -85 222 -47 43 155 57 -155 -201 -245 -193 211 -198 20 -149 140 -73 27 -194 -78 89 -11 166 -235 -159 -71 124 171 -66 10 -172 187 212 37 -178 228 164 31 209 33 65 -215 -102 -237 132 152 98 54 62 -115 -136 -34 -30 -199 114 -125 -168 99 88 -138 -146 216 -164 -79 207 -151 -114 163 106 -89 -36 70 55 94 -181 -48 -42 199 218 -3 230 185 8 107 35 136 59 221 12 -82 -218 28 11 -120 224 -12 -126 -60 -163 -20 -200 118 -61 -101 -17 -197 246 95 34 -100 80 162 173 -139 91 -105 183 -46 134 237 -33 -142 -67 67 -226 -161 197 112 -165 -28 76 189 -56 -147 145 -140 75 -166 225 231 -223 203 -104 46 -124 195 36 85 5 -96 248 -51 -19 192 210 -156 66 -16 233 72 52 -18 -44 -99 69 -129 100 204 -203 29 16 -116 229 -98 -24 130 96 26 64 -182 82 42 74 78 56 -169 -232 -143 83 -6 105 -113 -196 -65 -7 -171 -84 -158 236 223 -69 -210 167 -222 194 -162 -14 178 -144 24 -184 17 -228 -229 -2 -157 157 -230 -15 -154 0 -90 -180 -86 -45 -80 -53 -39 -41 117 205 -238 113 92 219 -179 21 -88 -208 86 79 104 176 -205 -23 -35 18 -188 -127 39 -122 25 -58 144 177 193 3 108 84 -106 -38 102 87 245 -130 243 242 -191 32 44 -212 -123 115 -137 191 81 -195 63 -91 146 158 129 -214 -221 -49 -133 -234 201 -248 -216 220 -118 
TEST 120 ARG:221 -47 -216 -72 -163 -103 -31 153 -172 120 138 -101 102 178 228 210 -56 177 -169 -65 -130 -77 61 17 31 8 180 -70 -7 -37 -66 231 95 -155 174 41 -39 -187 -128 -84 126 207 -62 112 24 66 29 -143 -108 -86 -188 -78 -57 110 65 -250 5 -233 -194 44 -145 -76 -173 118 -124 64 -132 -167 -36 243 -9 -200 215 -28 82 -27 239 -242 -25 165 -234 -16 -141 -166 -203 -162 -249 -117 -229 163 63 -131 -232 -118 92 -152 -13 242 -63 149 159 122 -97 -94 237 139 34 -38 157 -215 -191 -207 -240 40 200 33 155 248 4 136 -61 205 28 190 219 -226 -87 -33 100 167 143 186 -24 -146 -238 2 -109 -236 -107 192 -228 39 247 188 -225 128 -150 -149 169 -18 160 12 -135 216 125 -122 56 16 52 77 42 171 -95 91 222 -59 206 99 -112 -151 197 -106 94 13 130 87 -140 -223 26 25 -67 -224 212 73 -239 -114 116 226 152 101 -214 185 0 -3 162 232 27 -181 -205 -119 236 -154 -196 50 -113 -178 -123 168 21 -40 -247 38 -17 86 189 131 81 47 6 181 -79 124 -82 166 193 60 106 -190 -42 72 179 51 -184 53 -41 204 43 182 93 45 127 48 90 -231 -237 49 -26 84 74 58 199 -147 -53 105 111 -45 238 -50 -91 -104 -230 -23 109 69 -180 -52 18 -98 36 148 196 137 55 -35 -241 -116 -192 -245 59 -202 76 -246 -222 -235 -199 141 119 80 14 -73 183 140 75 -105 -220 -208 -120 -244 -185 -85 -159 -158 46 144 213 -6 -201 -248 -54 3 -121 103 -93 -92 -2 145 -219 -198 20 97 -32 -14 -148 30 -138 -139 223 114 129 85 -11 -137 146 78 -51 161 235 35 -210 -189 147 -144 -164 -12 -48 142 23 121 -90 -157 -8 -195 -126 249 32 241 9 218 -88 -127 184 -204 -71 -46 96 -81 -115 176 70 10 113 71 -125 -64 202 -243 -44 -177 15 194 158 -160 -179 7 -19 -34 -211 -10 -55 187 107 1 244 -212 -89 245 -218 132 224 22 -153 62 19 -15 227 -99 -96 -111 151 214 172 57 135 229 -183 -43 208 -209 54 -83 -170 89 -5 -168 133 -58 -206 209 68 -136 -75 -21 233 -29 -100 173 211 -182 -161 -69 134 -134 240 170 -22 -217 -186 154 -193 246 -197 -221 234 217 -110 123 -176 195 -129 -142 -60 -133 -1 -165 201 -175 175 225 -171 115 -20 79 150 156 104 117 98 -213 83 164 -30 67 -102 -174 -156 220 37 203 11 -74 -49 198 191 -227 108 230 -68 88 -80 -4 
TEST 121 ARG:-65 -130 129 12 -206 37 -223 -81 -148 -56 153 195 30 142 57 -144 -178 -48 -133 193 -155 -208 -9 79 9 -61 245 -147 22 179 -50 174 -97 149 -215 -12 232 89 -117 -72 -68 -150 247 130 90 226 -5 -232 220 61 62 162 189 234 21 -227 -3 1 -170 147 -226 176 182 -54 -177 -225 -83 161 10 141 231 150 159 73 -139 -51 -213 -77 96 28 -116 24 -33 154 -38 -100 157 -239 -82 104 -41 -101 122 -86 -19 -99 86 -151 -204 -209 -137 -8 118 -182 101 -234 -126 -192 -70 119 -216 -179 -222 55 173 -95 -67 167 196 98 -125 -174 243 213 -78 3 228 35 100 177 -39 70 146 29 20 183 -176 17 -142 185 74 -207 201 92 112 190 225 236 133 -28 23 -115 218 237 36 -171 -106 -199 48 -236 184 87 -58 -218 134 84 -129 206 -107 116 107 34 -26 216 238 -30 -240 168 -197 93 8 171 -75 71 178 -94 208 230 111 67 14 -214 39 144 47 -13 41 148 -79 -57 207 198 239 -4 -212 -193 -7 -84 18 -134 -167 44 -162 -205 214 -219 -45 -120 -76 210 -104 -217 -243 -113 -160 209 -44 103 78 -69 0 -163 -245 25 -17 -247 -60 106 137 113 -140 -37 54 152 43 -91 -242 -55 -250 -238 -2 -127 -152 241 -211 -92 -25 33 19 135 215 140 32 158 -1 -173 -135 -154 114 -22 143 69 -181 38 -196 77 15 246 -29 172 -11 -59 -112 -149 -20 128 -198 -64 -118 124 -132 132 235 -10 68 -14 121 76 2 219 169 -62 95 -175 191 -35 5 13 -190 139 -220 -23 151 165 249 72 -52 222 -195 -138 -172 11 242 -27 -184 163 204 88 40 -103 -121 248 -85 -34 202 -248 -102 117 -111 192 45 156 91 102 -244 -6 -122 -235 -165 -53 -229 131 -80 81 -89 42 60 -66 -200 -188 211 -108 -16 244 199 82 -187 -157 -136 -119 -43 -47 229 -158 97 -194 -71 -210 -128 127 -93 4 109 6 80 -183 56 200 52 160 -159 -110 50 -180 -146 -241 -169 -249 -109 -224 -203 46 223 233 26 -186 -124 -32 221 -228 -153 53 194 -36 197 188 51 -166 -114 -156 -143 27 -164 -88 -21 -49 -246 -96 115 186 -31 -63 105 75 -131 -161 -105 -123 -18 -189 -40 94 126 64 136 -201 227 83 -237 -87 -90 16 180 -145 -185 125 217 -15 145 212 240 99 -233 -46 155 -42 -231 63 224 -168 166 49 -24 181 164 123 138 -202 -141 120 7 65 66 170 -73 108 -221 -191 85 187 59 -98 175 110 31 -230 203 205 58 -74 
TEST 122 ARG:-245 28 142 -242 -129 143 165 -57 -142 63 -74 -114 -186 -224 201 -117 -86 9 57 117 -73 -30 -19 152 -108 -123 6 120 -66 -154 36 239 140 93 -191 216 199 -227 128 -234 -6 30 79 -93 45 -135 228 184 161 -152 -82 -45 -65 -185 -79 139 173 -111 8 -119 77 -215 -250 206 7 -173 -49 18 -192 -28 157 169 83 -90 221 -104 -77 41 166 123 136 185 -212 233 23 -69 171 -25 46 -9 -217 245 29 236 -10 147 95 226 -207 49 10 32 -155 -99 115 211 66 126 60 94 96 -247 -26 -118 82 39 -159 -200 -37 65 -229 -182 141 -75 -36 -44 118 220 244 150 125 210 99 215 88 34 -225 217 -246 104 204 87 194 69 26 -101 -47 74 178 235 -150 -33 84 -196 -228 -235 -16 -5 48 138 -233 218 -127 -146 37 5 2 -195 -168 230 -180 -68 -7 3 85 -106 167 -202 -120 -133 242 -105 54 -113 4 243 249 -80 122 35 -203 102 61 -72 175 58 176 -218 -24 -147 101 25 193 81 -15 232 -103 -51 -222 -143 197 78 -40 187 -170 158 192 213 214 -237 -157 -161 131 -139 0 -35 -107 -52 -201 -144 108 -244 -76 -122 55 174 -209 162 -211 -138 -64 -121 -230 59 -85 92 -163 -112 44 -137 223 -3 -213 71 130 207 -63 22 -194 -95 -193 180 62 -14 -62 -164 -70 -92 -189 -1 -21 -248 15 164 -4 109 105 -177 -102 -205 -39 -183 190 -53 -178 -13 -87 -204 -231 149 -136 159 -60 -148 -174 47 33 76 98 124 -89 195 -81 12 160 172 -11 196 -115 90 222 116 -208 168 68 155 248 -241 132 -38 177 -128 134 -214 -206 103 145 -240 67 -31 -162 237 208 43 -134 183 -61 153 -29 -226 163 156 219 189 -116 106 121 97 212 -188 -130 133 -58 -41 21 -187 -20 -166 20 -125 -197 -32 -158 182 -167 -198 19 188 -100 -141 111 -181 80 -236 229 53 -153 240 179 40 70 205 17 -97 112 191 1 -156 52 -59 247 -34 -221 -151 -84 -149 51 -169 144 -98 231 42 -176 238 241 114 -210 -56 -46 -238 -22 -184 -18 113 -249 151 72 -54 -83 64 -109 209 -171 -48 -216 -43 27 24 203 31 -140 -239 -17 -91 -2 -199 14 75 73 -131 -50 127 224 -126 11 38 135 -160 110 146 -67 -232 170 200 -175 -243 -124 -8 107 -110 -71 246 227 -179 148 -42 56 154 234 -27 119 16 202 181 100 -165 50 91 -88 -172 -12 -190 137 186 -145 13 89 -220 -55 -223 -219 -132 225 86 -23 129 -94 -78 -96 198 
TEST 123 ARG:-32 2 41 122 145 -96 -63 225 -51 -28 36 208 -18 124 48 72 -131 102 -116 -133 -166 -167 -217 166 177 232 -113 218 -157 201 188 -40 -195 -20 227 154 -121 109 230 141 -88 172 7 67 59 237 35 -15 96 133 13 -47 -231 -209 -89 -134 52 -2 247 -103 -80 205 -36 245 -109 29 -65 196 155 116 125 73 -154 -76 -158 -33 -11 88 215 180 153 164 -141 239 -118 -44 179 174 -8 -34 248 -138 157 -199 -66 -107 129 135 12 -183 19 -161 -73 -74 121 -82 -211 175 60 9 197 82 -182 -171 240 -49 -150 110 137 54 27 -71 156 -90 -147 104 53 30 207 -91 200 103 -130 -162 95 222 224 165 81 -61 -124 -151 78 204 4 -137 -153 -230 139 -172 -178 -126 98 142 -101 75 86 -45 -27 169 -221 51 3 71 -238 246 144 -248 -186 -200 -39 -165 47 -112 62 -220 -94 -223 -105 -201 -177 170 120 -189 15 -206 -115 231 -247 -70 -52 39 136 -228 -160 -37 -169 -17 -180 178 -216 -132 -156 -191 56 -117 -102 -93 -215 160 -100 -41 249 5 -213 117 -232 79 -168 -64 158 161 65 163 -14 221 24 209 -240 -1 -21 -30 10 128 181 171 229 26 -77 190 203 -122 -59 -26 -142 -110 -43 -57 61 -202 146 42 -164 66 -204 40 -67 -139 80 189 130 -25 186 -3 173 -92 235 202 -72 -62 114 108 37 -146 93 -155 -12 -245 192 -58 -140 206 118 -56 -9 -249 168 -190 -127 126 -119 193 55 -241 16 -16 -225 -97 -243 -104 212 77 -6 111 -84 -129 228 -7 94 -86 84 -148 -13 18 -136 -145 194 234 8 -55 143 150 22 184 50 -29 -188 11 -35 92 101 -81 149 -24 187 195 -218 83 -152 112 233 217 -250 -207 90 43 -224 -75 -170 148 107 -143 -179 -236 -114 219 151 -4 127 23 -68 -10 31 223 -22 -106 131 74 -208 -60 106 191 70 152 -144 -214 57 64 -244 199 198 58 244 -50 -187 -125 182 -197 -234 -128 -78 -23 115 -87 -173 -194 -123 20 -210 32 -229 -79 147 -233 183 -205 21 87 -219 132 1 113 -54 -19 89 -98 -184 91 -246 210 238 6 44 46 -226 0 162 -53 236 176 -69 -176 49 -120 243 -198 119 100 -175 -48 14 211 -212 -227 69 -99 97 28 17 45 138 -181 134 -235 -149 -108 159 -159 33 -95 167 76 -85 242 -242 63 -237 68 -31 216 -42 214 -174 -203 85 -46 38 185 213 -192 -5 226 -135 99 -222 34 -196 -111 -83 123 220 105 241 25 -38 -163 -193 -239 140 -185 
TEST 124 ARG:-27 243 25 -62 -162 -184 148 -122 -99 -208 54 88 167 137 93 78 -178 -236 -35 -216 -45 232 239 -119 -93 176 -170 197 108 -82 -56 210 9 121 -146 -94 238 77 -194 -42 219 38 66 -79 -8 89 180 -181 -227 192 -135 -168 -2 -16 163 -40 -128 104 96 132 -25 -235 -102 -205 224 -173 189 -159 -87 186 21 -144 71 23 61 -234 84 45 -165 175 -7 4 -53 -5 -1 146 114 -220 152 -76 -20 139 -41 -30 211 -38 -160 -48 103 174 36 -86 33 159 216 57 -196 97 -211 -63 181 83 -145 149 -24 -69 -150 -153 -163 -14 -188 122 -123 -32 30 -114 -3 -13 -84 -57 -139 185 -80 124 -60 105 201 -31 229 205 127 59 65 208 -199 111 234 233 188 -226 193 -121 -148 17 -214 -101 58 -175 240 195 32 144 99 -124 126 187 -229 -172 -54 -190 -59 169 -230 -39 242 50 177 41 170 22 -195 -98 -117 -23 -248 -36 116 143 -171 237 140 227 -138 -120 16 118 0 85 -115 44 171 -182 79 19 -221 106 -241 165 -85 112 130 -197 -242 -215 172 -200 120 -11 -26 42 194 13 -192 48 -166 109 135 -81 -49 76 -174 -176 142 -88 183 -126 125 -111 47 161 110 -187 -250 -127 -213 107 -186 15 11 -206 217 46 -136 -147 212 -157 100 160 -143 -74 -6 221 -246 -90 -243 138 -191 -107 -151 18 -97 53 -232 222 179 -207 55 -204 -218 145 49 60 151 155 -29 -169 37 147 -104 40 -51 -222 215 154 7 214 -83 28 173 52 190 -61 236 -4 1 -19 63 -77 198 86 -33 168 209 90 204 -50 202 92 -67 -177 -100 27 206 -239 -21 -193 67 -73 -180 -46 95 230 -112 182 -155 -110 -55 -141 56 248 -34 -58 -72 -142 134 136 -224 128 20 220 141 -140 -75 -71 75 -43 -129 72 101 164 43 8 -238 31 -217 -247 102 64 -106 -223 -15 -12 -134 231 235 213 -198 -130 153 -183 -65 68 51 -10 -78 -231 -118 129 24 -132 34 -9 81 73 39 249 178 -66 131 150 12 115 -18 228 -149 -37 199 -219 -44 -95 -156 -116 -68 87 -152 117 -64 -158 -233 -225 158 -167 74 -237 -96 133 -203 98 82 218 94 200 62 119 245 225 -185 -209 29 -92 -164 3 241 -70 -108 -212 -17 -228 246 191 80 203 156 -201 184 -202 157 -125 -179 196 -91 -105 -103 -47 -210 162 2 247 244 -154 -131 -52 -245 207 26 113 91 -28 226 -113 69 -249 -137 70 -189 -109 -22 -240 10 123 223 -244 5 166 -133 -161 35 14 6 -89 
TEST 125 ARG:234 -167 -186 -27 94 -94 -45 246 192 -153 -116 -55 -233 90 77 172 53 12 -85 216 4 -165 19 -97 -38 86 -166 57 241 -61 121 -164 32 -201 80 48 -69 -57 -51 130 162 -28 141 26 244 -141 61 -103 27 179 195 185 110 235 -100 -5 60 160 184 -12 -245 -224 178 -112 -90 37 -196 15 -160 182 39 -146 -114 91 159 177 20 205 68 -130 -40 -213 70 161 237 -72 -107 81 58 -178 -163 -226 -74 224 99 -77 248 233 -161 180 165 -149 1 105 -222 199 120 -15 -63 -189 87 41 3 62 155 113 191 -126 231 -82 -29 143 -87 118 -227 75 50 215 13 -174 -66 245 43 -237 148 -4 -177 116 197 -98 7 -183 -24 16 51 173 139 88 -158 92 -123 44 228 23 10 63 24 153 190 -118 -105 100 -36 -172 -52 -131 -34 -99 29 140 125 65 -91 -58 101 -211 -23 104 -6 214 -42 194 107 -249 47 -68 -125 -70 67 -236 128 227 -25 -199 211 -111 -240 74 166 210 -136 169 -228 146 -106 163 -214 28 -33 -35 -7 157 132 187 -219 196 38 -93 168 -151 97 -230 -39 -184 -144 126 213 -64 150 137 103 122 -16 133 176 59 131 208 186 85 -81 204 220 -246 25 142 -79 -155 -202 218 -159 249 123 -11 -185 -46 171 198 189 135 78 -239 112 247 0 239 -120 -234 -129 -194 147 151 222 -96 -110 -137 -17 -156 -217 127 207 -216 6 -206 188 149 -232 230 221 217 206 -190 -243 -128 66 -197 18 202 -76 -47 46 -209 -195 -147 -92 -10 -157 -200 -192 134 -84 -117 -32 71 -30 -127 -104 17 95 -89 115 -248 -193 -225 212 8 96 -78 -191 -223 -241 -75 -134 -37 236 -142 144 -22 -231 232 -135 -138 2 223 181 73 -250 -102 -208 -170 34 -121 -204 164 -152 -122 5 129 -140 76 -71 -175 109 -220 240 -1 156 -83 -207 106 -50 111 -26 -108 -101 -215 -242 -218 -54 -162 89 -176 229 -247 -44 175 -49 -171 -86 14 -48 -73 -2 -235 170 119 98 11 21 -8 -60 36 -238 83 33 -203 243 -53 30 -169 79 154 242 -19 82 -67 117 42 -173 -9 219 -210 45 226 -187 -109 203 -212 -154 200 54 -168 64 55 -182 -150 145 -80 -229 -119 31 -181 136 238 -95 -62 124 -115 -148 -180 84 -205 52 174 -3 -56 -65 138 -133 102 -221 -13 -198 40 167 -14 193 -244 -139 152 -179 69 -21 114 72 -188 -143 22 -20 56 -145 183 93 201 -59 35 209 9 -18 -132 -88 225 -113 158 -31 -41 -124 108 49 -43 
TEST 126 ARG:0 126 217 221 -100 -234 -20 3 -108 111 27 -32 157 -30 93 122 -132 -37 -27 243 -223 -49 -44 165 -203 -97 133 86 224 -140 57 155 -179 -193 -236 16 104 154 72 -211 220 -1 230 26 34 -182 147 94 -225 127 20 -241 204 162 33 -62 226 46 61 -50 -243 -196 213 195 101 90 -4 -169 240 198 231 -24 74 -137 -244 -239 108 192 -10 151 -83 -88 -16 107 99 -194 -26 187 55 -104 -150 -189 244 -139 15 13 -94 -55 141 22 -147 119 -57 200 -235 -84 -217 -177 -168 -5 -242 -75 149 -12 248 65 236 -80 144 235 -79 63 -207 179 1 44 -190 30 -31 171 8 207 43 140 -118 -117 -85 169 39 182 238 38 185 18 110 29 -48 186 145 81 -228 71 23 -136 91 -247 -184 68 -248 173 -114 181 -14 -105 -127 -162 118 -122 152 49 -124 70 -70 51 -221 113 98 66 -39 242 -163 -2 -231 156 42 132 21 103 -67 177 -106 172 -99 -58 232 -155 92 -220 -208 -187 249 -181 67 -123 100 -107 170 -229 -149 -167 131 7 -154 82 -218 -7 -81 -38 247 237 14 -125 115 -119 -161 159 -232 -53 6 -214 -51 56 5 97 -158 -222 233 58 -76 209 -197 -178 32 52 142 219 245 47 77 168 153 -60 129 17 -212 -133 -96 89 -113 241 222 85 134 148 229 -63 79 166 -240 -66 -191 -199 -46 -52 -23 136 102 183 178 206 201 -59 -19 196 -126 -95 138 -82 48 64 -204 40 163 199 53 -3 161 -40 31 -93 -186 114 -73 -112 -188 215 -36 -144 228 -74 -110 176 -153 -224 -245 19 -159 -22 116 41 205 78 246 -165 -192 -25 -109 88 188 -131 -205 83 9 -216 -47 -145 -160 120 -171 -237 -170 -174 191 143 54 2 212 -195 227 223 76 -142 208 216 12 135 75 73 -6 50 -227 -183 -128 117 -152 -164 124 24 -157 -185 125 -78 214 202 -226 -56 -202 -209 36 -9 87 -98 -176 -43 -180 -33 -86 -215 -138 -249 -41 69 194 -15 203 -77 164 174 -17 225 -102 59 -143 35 -42 -121 -91 -246 -68 158 45 121 -35 -129 -175 25 -29 -141 84 -156 -71 4 189 37 160 -206 -89 -135 -146 -69 128 130 239 28 167 193 -65 -90 -72 -210 95 210 -13 -219 -198 150 -45 -173 60 -201 -111 180 175 190 -54 -8 -92 137 10 106 -166 -28 139 -18 -34 -134 96 -120 146 -115 -238 -61 184 218 -250 -64 11 109 -200 211 -101 -21 -172 -116 -233 62 -151 105 -130 -87 80 123 -11 -213 112 -148 234 197 -230 -103 
TEST 127 ARG:2 -172 -215 9 140 214 -82 -102 190 -221 -181 -20 -56 160 -55 -193 75 29 91 -101 -54 -212 200 -179 -17 44 -25 83 101 -165 57 243 -108 -182 121 -40 -198 85 -14 -95 -74 103 -43 135 38 56 49 18 118 -134 139 229 -67 30 -92 -86 -112 -9 227 -219 5 -32 164 194 16 97 179 120 -206 92 -150 156 -42 74 41 -186 -34 8 62 -87 -83 -31 -161 -3 232 21 22 -228 152 67 169 55 195 -152 -35 -89 93 33 -123 181 -169 77 -197 131 -7 198 193 -122 -154 -132 86 -96 -119 -168 61 153 47 -171 -39 241 -229 34 28 221 117 105 183 -19 249 226 -156 199 -149 147 -247 -45 -90 -10 188 171 -8 186 -135 -11 -59 66 -237 -200 -97 136 71 -201 70 -80 -64 212 223 46 123 23 35 202 -240 203 59 90 -174 114 -99 -199 122 -226 220 -105 176 -136 -145 -189 -248 42 84 -79 182 -187 -23 146 -78 88 -243 -196 144 -22 -115 -218 -211 -227 197 -208 -24 -38 -231 -51 244 -131 -50 128 -214 -205 -185 242 -234 115 -148 246 180 -77 69 158 -246 -6 -203 111 -230 -162 -18 100 -217 31 60 6 -188 -173 -190 -46 216 150 238 -106 -30 -121 231 -133 73 98 81 -157 36 -69 201 3 -49 -158 63 178 -242 -224 -138 -53 230 167 151 80 -117 0 191 12 -194 -176 209 -192 50 -107 7 137 228 107 148 -41 37 211 24 45 -141 141 -249 -236 -143 132 -160 -130 52 173 -62 -12 -68 189 -84 -233 -100 165 145 -209 -225 54 -167 -52 95 239 -244 51 236 125 14 -73 159 234 -81 43 -147 96 17 48 -60 -70 -76 -177 119 -72 245 -137 53 -88 207 -98 -13 -124 -48 -220 -151 108 -204 32 -155 27 40 -58 205 -241 -65 -195 233 142 -85 -33 157 172 222 -164 76 -178 79 -250 15 -15 -94 -111 196 26 -144 112 -127 204 -166 224 104 -184 -163 -153 -128 185 64 13 208 161 -21 94 -109 -104 206 -245 -126 162 -140 -239 39 -146 -216 213 -175 11 -5 168 -1 -110 192 -191 -129 10 -202 89 106 130 -57 4 247 124 65 -213 -222 235 -113 68 133 58 -159 -210 -26 -16 -223 166 -120 -180 149 -66 237 -170 -2 25 -238 163 -142 1 184 174 143 -118 218 87 215 -44 116 217 109 219 19 -47 -63 187 -103 177 -116 248 126 -71 110 99 -125 154 -28 -37 -183 82 78 129 113 -61 134 -29 -4 127 -235 102 20 138 240 -139 -207 -36 -75 -91 225 170 72 -93 175 155 -27 -232 210 -114 
TEST 128 ARG:-165 -170 78 -59 98 196 192 -228 -235 -78 150 -147 -231 163 -208 -136 100 73 0 -131 -177 -150 93 -124 213 57 -74 -230 23 166 102 181 127 -63 101 -108 155 -229 110 240 -105 -121 199 -29 200 -12 -198 249 228 -211 -58 -114 -31 -41 -82 -14 211 130 -44 -96 239 162 -182 95 -45 -79 -227 188 175 -181 55 -123 -81 30 -138 224 63 242 -113 -83 -219 108 223 -57 190 -75 238 -35 208 -10 -126 -80 28 157 15 -222 -36 189 197 -189 -248 -148 -54 -67 214 -19 206 -144 61 34 1 143 -94 60 168 -180 -174 118 -200 59 -119 171 -187 -55 -33 149 -183 132 218 174 167 -38 -39 -42 -107 -62 -25 -158 -163 68 -22 -7 180 -243 -56 77 109 230 20 37 186 -2 244 123 -15 97 11 -178 -64 -30 217 31 75 111 -241 144 147 -154 146 -210 -53 -46 152 91 -201 -143 148 134 -18 -90 243 -106 -5 69 -130 -140 -99 128 -249 -127 -26 187 121 -247 226 -23 193 -205 -20 -212 -157 40 35 -135 237 -185 92 -184 -226 -151 13 -116 -13 3 -21 161 198 44 241 -91 72 86 -242 -173 56 82 -162 -206 -204 -152 6 -193 -202 -125 138 -133 -93 124 -85 182 203 -225 -68 106 -92 225 -104 -166 -6 43 -101 -217 178 65 -8 246 227 158 -120 236 -109 119 -176 -117 26 -103 -240 185 115 18 -203 -141 -28 209 169 67 42 -216 131 -98 33 -115 -86 172 12 -40 -110 184 9 -128 -43 -244 232 145 -97 -213 103 -172 -11 96 -160 53 48 201 -234 -84 83 19 38 8 216 137 -169 66 229 36 -196 151 126 215 10 47 70 -237 -149 129 122 -132 248 219 54 58 -48 135 207 202 -111 -175 -245 -167 -186 -71 234 27 220 85 -24 -161 107 116 -232 156 -137 -34 -100 179 -209 -199 -76 -65 -37 -190 165 113 -61 195 25 -164 -47 -66 -51 71 -139 -27 -4 -17 -239 -233 -87 222 -194 -246 -1 247 -191 191 -215 -146 -88 7 81 170 39 -238 84 -69 221 -195 159 -153 45 -70 205 -16 -49 41 -118 -102 -50 117 -236 29 140 51 80 194 183 -171 22 104 21 176 2 120 164 105 133 212 4 153 64 -168 245 -32 141 -221 -3 -52 79 142 -220 94 -250 -224 88 177 139 114 125 -179 -129 160 231 -159 17 -223 99 -145 5 210 32 -9 24 -122 -142 -156 62 -214 233 46 52 50 -197 76 -112 89 90 49 112 16 -155 -73 204 74 -134 -72 14 -218 87 -89 -188 -60 -207 173 -77 -95 154 235 -192 136 
TEST 129 ARG:28 -60 -14 180 58 -187 133 -178 57 142 36 -209 14 43 166 141 18 168 -81 -170 78 246 16 -122 -169 -5 -151 -168 12 185 -247 -33 -225 -21 -74 -12 204 25 -101 118 237 -76 137 -203 238 -219 73 159 -97 52 -42 -163 -92 -62 -107 -131 -49 173 76 -46 -18 -223 136 23 -110 -72 170 -3 51 -17 -231 4 -73 100 -82 245 92 -147 -7 9 -196 -232 233 109 -149 219 11 -30 -68 34 -199 15 -205 -11 95 -182 -98 86 -234 26 -186 10 -171 -25 152 70 -216 -9 208 59 -218 164 169 222 83 -96 155 -22 -197 -119 -6 -167 234 -145 69 130 -87 116 -63 93 94 -90 -190 -193 -129 -159 -85 -95 247 120 -202 216 -191 108 48 -175 135 178 97 -48 163 -221 -70 40 110 -83 64 -204 -148 -207 196 123 17 -227 -242 -26 -157 84 228 -237 61 -24 106 183 -38 203 -200 190 -61 201 -246 -177 235 55 149 -243 215 191 188 240 217 91 49 -39 -58 107 -192 211 -50 -29 -53 248 89 -20 -105 145 119 0 -230 214 -117 243 121 -139 -212 -115 179 -141 -126 199 242 -104 -146 -206 -108 75 19 -80 -100 -1 212 -113 225 -194 24 -28 -165 -27 -34 -181 42 -236 210 38 -125 -99 206 162 229 232 192 -201 99 29 226 -179 -75 -239 151 148 -94 -137 167 1 115 -215 114 -144 -54 82 207 -140 157 35 -120 67 41 102 72 22 -226 -211 -41 -84 -52 -10 175 -23 224 -154 -89 37 -238 128 30 181 111 144 -250 68 132 236 239 -69 87 47 -150 -71 227 172 -47 -229 244 27 53 231 -155 153 187 -13 158 -86 60 -118 81 62 -4 -174 -51 90 160 -15 46 -189 209 103 -123 -91 182 -245 -241 66 -222 -2 -66 -78 223 184 198 177 -77 3 -116 200 -44 -112 -57 193 194 13 101 -143 7 220 -249 -109 31 -248 189 2 113 147 -134 -130 80 79 186 8 -36 -43 85 -198 -233 176 161 -214 138 150 139 32 96 98 -19 -114 -132 205 -184 -135 213 -102 129 -35 134 -166 -172 -64 156 45 -152 77 241 -180 -162 -185 174 88 -124 33 -158 218 -224 -133 -217 -31 -67 -142 146 -240 171 -106 230 -128 -173 74 165 20 -8 -59 -93 122 54 117 112 -176 -161 39 -45 -138 -65 21 195 -208 140 154 126 -164 -32 143 -111 -153 -213 50 -16 127 202 -88 -127 71 44 -121 -103 63 105 -188 6 125 -56 -136 -210 -40 104 -79 249 -220 -228 124 65 -195 131 -156 -160 -37 5 -235 -183 221 56 -244 -55 197 
TEST 130 ARG:-177 -119 238 42 -128 -51 -112 -182 134 106 39 -127 -116 158 -141 79 -25 177 224 -28 -104 174 12 25 88 -7 -23 -42 23 -236 196 156 -192 -130 147 187 117 59 171 155 -191 76 167 -81 -167 41 40 45 220 -186 -61 184 -222 94 183 206 125 -126 17 -124 -33 195 144 -17 -76 84 -106 9 -197 -129 80 -41 -89 -107 234 -49 -83 -8 242 -139 15 29 -136 -88 135 -165 114 -240 157 85 -183 16 162 -228 58 -18 -164 152 235 194 173 -148 108 89 189 1 98 87 -187 191 -117 165 19 -32 91 203 201 199 -38 70 55 75 -142 241 -159 57 182 -118 208 247 248 -242 27 124 105 53 -212 -210 31 -16 -168 -246 168 -6 176 -160 100 180 -216 18 123 -59 225 -178 -135 -12 20 -94 -46 -21 -101 -90 34 146 5 61 -137 49 119 -232 82 -140 95 -37 99 -114 245 -243 -4 243 159 -66 200 107 161 -151 145 110 -155 132 -105 -121 -62 -31 52 -95 148 -234 -180 178 -149 -244 113 216 -43 -19 -64 43 -102 7 197 -247 213 -227 -152 -45 -249 2 -241 -201 154 10 198 -75 -194 215 -110 -207 60 221 151 -218 102 -208 -54 115 50 -48 -237 -143 214 14 128 -138 -221 -53 142 35 -44 -157 66 240 -217 219 -24 -133 -203 185 172 -225 236 -223 11 -57 -69 -169 133 237 127 -189 -52 -78 153 -72 204 -29 26 -204 -77 -193 -14 -188 72 -125 78 -205 3 -55 -211 47 -200 103 -36 -50 -96 -248 136 -156 -202 -185 130 179 -162 122 -181 -158 -73 223 8 -5 -238 -15 -196 -82 69 -131 -153 -20 -172 4 65 137 188 -39 -190 -219 217 -2 -175 -235 96 -206 -26 -134 -224 239 -144 -58 -27 222 231 -68 90 -22 -154 -120 -132 -87 -166 -113 -214 -9 -231 -163 51 97 -233 -98 62 -60 -70 -92 83 -195 -215 54 143 140 211 -150 -179 38 116 44 118 -239 92 120 138 169 232 -147 -109 -34 246 -161 -111 0 33 71 -67 233 218 170 -97 -10 160 -108 192 -209 -170 24 -226 -171 30 -198 -213 205 -122 104 126 230 21 -40 131 73 74 -174 6 166 86 210 -176 227 226 -173 111 202 -245 109 -85 101 93 129 -229 -184 22 212 -220 37 81 56 64 -230 28 36 -146 -35 -86 -47 -13 -145 181 209 32 -3 150 175 112 46 121 -56 -11 48 207 -80 -99 193 -71 -63 229 -84 63 186 -103 67 228 -74 -100 -250 -93 68 164 190 -65 -123 77 -79 -1 13 149 244 -115 163 249 139 -30 -91 141 -199 
TEST 131 ARG:-199 -235 -204 114 -60 -35 -62 -19 -183 -203 186 107 11 57 195 223 233 232 -61 102 -90 -240 27 -74 56 208 -15 50 13 3 -70 -88 -52 -236 47 237 -177 -210 -186 180 -145 143 30 -108 78 -18 62 53 -87 72 242 150 100 105 -17 -55 -33 -28 173 90 149 -180 18 179 36 -77 -166 74 -162 20 -191 -247 31 -38 2 -76 -16 108 189 40 204 121 212 -231 200 151 153 28 -58 -132 77 -84 117 32 154 216 26 -178 -13 -72 203 177 82 93 190 96 -172 113 155 -34 9 -101 19 -25 126 225 122 -195 35 130 111 -93 -198 -98 238 -141 -226 213 171 201 68 -244 -75 22 98 -131 76 -182 159 147 -64 -127 85 54 4 51 188 -85 -246 -112 -159 187 218 -163 -250 125 129 198 -157 65 -245 -229 124 -143 137 228 34 181 25 -86 -82 230 -207 -233 83 184 -104 5 157 -73 -197 -227 33 81 249 144 246 -21 -221 -80 -168 134 -66 1 166 99 -139 140 -126 -9 -124 219 -83 103 -95 15 89 226 167 -3 -117 -4 -11 205 16 -43 240 193 -81 6 224 88 -14 75 -237 -135 -103 64 -46 207 -51 220 239 164 -249 7 12 -6 -115 -40 -216 -114 248 -173 -2 -44 -213 59 138 42 -211 -185 -155 -147 0 -165 -181 241 132 -37 -154 -56 170 8 -111 229 -79 128 183 -212 110 162 21 -36 178 80 -136 -50 -92 199 -31 -234 104 -65 -219 120 -238 -10 -171 -30 41 -27 235 -110 -128 95 -118 63 123 -205 127 -140 92 197 -192 -188 87 -26 -208 -121 161 -167 70 -12 234 49 176 -96 158 214 -164 115 -190 -106 -78 29 -24 -5 194 -241 -123 -146 -230 -209 -184 -218 215 243 118 -134 71 196 -179 -20 236 -194 -7 135 -248 148 79 -133 222 60 48 -53 -130 210 -220 -138 106 182 -122 156 14 -41 61 45 -91 -57 172 -42 -48 10 -47 211 244 -144 -105 -99 131 231 221 69 227 165 175 142 86 -89 -8 23 -100 168 -32 24 -202 -1 58 -223 43 55 -68 -29 -174 -239 -176 -217 -69 -39 -215 -189 -119 101 73 136 97 -153 191 141 44 -142 37 -59 -63 -94 -152 174 -206 -214 -156 -160 84 169 46 -71 -243 -49 245 -129 206 -187 163 109 17 247 -109 -196 -158 -22 -150 67 139 -107 -193 52 39 94 -54 -228 -242 -113 91 -120 38 -170 -137 -161 -116 112 146 -45 -23 133 -224 -125 119 152 217 209 185 -225 -148 -175 -232 116 192 202 66 -151 -67 -97 -222 -200 145 -102 160 -201 -149 -169 
TEST 132 ARG:-8 -198 112 73 247 95 -225 217 26 172 -242 -118 -97 -98 45 227 -199 -29 133 -169 -49 -87 -35 60 155 151 -60 -62 100 77 -195 2 226 -181 -104 -177 123 31 -147 -234 199 -247 189 -71 103 1 25 -124 65 -91 161 32 -206 13 -63 -208 129 -243 237 139 15 182 218 168 81 -16 -107 -48 -201 -136 -200 76 225 206 5 -172 -230 193 130 -59 154 -75 105 188 -204 63 102 231 10 -185 -109 -42 -79 12 -184 -2 -231 158 -236 -56 -94 144 -205 167 24 109 -30 -180 -152 190 -129 -44 196 89 -226 212 160 127 -145 134 -120 113 -50 -38 92 -139 80 143 -6 124 -182 -164 -119 -45 -176 -137 9 -215 21 91 -34 -249 -214 -54 242 99 106 163 -224 147 -148 28 -141 -203 -138 42 0 -250 183 -207 56 -202 41 -100 185 228 203 119 -28 107 -1 70 38 -232 241 -106 140 -150 -233 108 -31 -171 101 6 -162 -217 146 191 116 -153 -90 97 -68 -5 83 -14 -239 74 249 -248 -61 52 114 94 -36 115 135 -78 54 68 50 -222 -76 -245 48 -235 -197 198 -132 -23 -10 33 232 128 -210 -223 30 -140 17 -37 -9 152 37 -192 -52 96 150 8 -174 -219 -161 -173 98 229 162 141 -110 -158 78 215 -26 53 47 -165 90 -213 -22 -21 -72 19 173 -33 200 -11 -135 149 -154 85 -146 211 153 117 180 -175 -13 -227 -211 -89 156 75 -40 72 -46 88 -66 205 230 233 22 -74 -32 -194 214 20 187 4 -4 -156 159 49 -27 79 -17 -92 44 -105 219 -67 179 -122 87 -190 240 -163 -244 110 171 -85 61 -55 -84 -12 -43 -80 -53 18 175 238 -229 -70 197 -77 -25 -168 209 221 -183 126 -142 -170 -128 40 -149 -3 -159 -237 -111 -82 64 178 -113 86 -178 -131 207 195 -58 148 51 -143 -15 121 -112 -191 170 29 213 -39 -133 -41 -47 71 125 -240 -167 132 69 239 -88 59 46 204 55 -218 -117 177 -209 164 -221 -96 223 -51 -193 246 -238 -102 -196 16 -125 136 -18 23 3 -157 -57 -134 186 -187 202 222 -188 224 -189 181 192 -101 -65 210 -7 -64 138 62 208 -69 39 216 -144 -166 -212 -179 165 -19 245 166 243 -246 -86 -108 -83 -116 122 220 -241 -127 176 234 131 67 194 -95 57 93 -20 -103 -123 11 244 184 -220 35 -186 58 142 235 -160 -115 66 14 -216 -151 104 120 43 36 -155 157 201 -99 169 -130 -24 84 -93 7 -121 137 -81 -114 -73 111 118 82 34 -228 236 248 -126 174 145 27 
TEST 133 ARG:219 -91 198 -78 -191 241 84 243 196 -6 203 -69 -84 -121 193 20 -218 65 -222 -41 -42 -116 80 -197 39 227 151 -247 -9 50 115 98 -149 -20 -72 -107 122 220 -7 23 -160 -132 -166 -82 69 -16 -94 3 185 111 -115 -137 224 -75 -108 112 40 -249 -26 -216 26 -174 -53 -245 216 -198 -122 -29 -12 -93 116 -186 24 -123 -81 179 -19 107 -214 178 55 41 97 83 -157 -165 -95 -213 -227 210 136 245 212 170 89 -230 108 -145 -175 248 51 -202 -180 119 -184 35 114 -124 222 -195 -39 129 -143 -57 28 -21 -177 -185 201 93 -163 -236 234 18 -34 -140 -50 -224 239 -187 121 135 228 -2 58 -223 140 52 -244 145 96 104 175 167 -55 -239 -242 177 -176 120 -234 -189 -135 -47 244 -49 -193 49 -233 -179 209 -110 -250 -24 64 192 -158 152 94 -173 160 187 134 15 102 -146 153 105 -97 124 217 166 -138 117 118 -169 77 139 -44 -136 43 27 95 149 -28 207 1 56 183 -58 126 132 -117 235 174 -153 68 -52 6 -139 225 -35 -43 17 -98 25 47 154 215 144 -226 180 32 -77 -38 -229 79 -164 165 138 -68 109 -243 -17 143 186 76 176 113 73 164 -133 33 -125 9 -71 -87 211 -130 -105 -131 -113 -170 29 182 -178 -241 233 -10 38 -45 7 -14 -148 236 142 12 -142 205 -73 0 147 -18 -190 21 -208 11 -85 -204 213 204 208 163 188 -76 218 -225 -88 -89 -203 150 240 -212 -62 229 237 57 36 91 106 -103 -51 -90 37 -183 226 -22 -141 173 -15 155 -228 48 -79 -238 181 123 -100 -147 -159 199 62 133 -144 -209 -67 195 -46 4 110 -156 -150 131 -13 -70 -182 45 232 -114 -11 161 85 -30 -4 71 75 -104 189 5 63 157 247 -188 99 86 -171 -40 -200 59 -192 42 171 -33 34 82 141 190 -5 78 -181 156 -155 -237 14 137 -231 -246 -161 -80 -207 -210 -205 60 -92 -1 -37 -220 130 231 -194 -199 223 -86 -27 -23 -99 53 -215 -83 -109 -127 -162 30 -59 -74 206 -119 -134 246 90 -118 88 -54 -48 -96 -211 44 81 87 -167 146 -31 -25 242 127 -128 -219 158 -61 -232 -106 103 -221 10 184 70 19 -112 -120 191 230 -206 249 159 -8 194 -172 -36 -129 197 100 72 148 202 74 200 214 -65 -217 128 -196 -66 -101 169 168 -126 31 -152 -32 -63 -56 22 172 -111 221 -235 54 16 -201 -102 -64 -60 -248 61 -3 162 238 125 -154 -151 92 8 66 -168 46 101 -240 67 13 2 
TEST 134 ARG:21 -126 -64 -207 6 171 41 244 173 -54 -92 -237 205 78 39 230 -205 29 167 -129 86 117 125 -156 -246 -181 -89 -38 49 118 135 237 -131 11 38 -20 150 -46 -198 191 -185 155 55 127 34 54 -52 204 58 -59 -125 231 -81 -119 -167 176 227 -12 -57 239 -179 -172 -188 197 105 -195 -6 162 -74 -47 115 -98 81 -103 -114 -186 47 -33 -84 74 194 -48 143 -224 -14 157 -175 1 4 235 241 -148 -124 107 -197 84 52 -178 -58 -144 -182 -101 141 144 -127 187 -94 212 -106 -24 -137 -191 -230 -134 3 172 -226 -220 -150 -218 163 229 -180 -184 -202 -16 154 188 -108 208 108 14 -211 -130 -7 132 -111 151 -22 238 220 62 214 85 145 79 48 -128 30 35 -196 -171 -10 166 71 -232 -60 140 16 248 43 -209 69 94 -17 -49 -8 -155 -161 31 190 -31 -210 -244 -174 228 -168 -2 92 203 -19 223 -97 -76 96 -34 -243 -123 -50 -72 245 77 -102 -3 -40 -214 211 28 219 18 147 -109 121 -107 -9 119 63 9 -25 159 -68 200 -121 36 5 88 -21 -62 104 136 -27 19 90 -187 89 224 233 7 -194 170 -238 45 -13 -4 226 10 -96 40 -234 -153 67 -53 -15 66 26 -231 225 101 129 193 -160 128 -151 -193 -71 209 183 192 103 59 8 -100 27 -199 0 -26 13 196 -157 -83 -169 -163 124 -162 95 -140 243 91 -118 -146 -222 114 221 195 -176 -104 82 168 -36 -51 -229 126 201 -141 -142 93 110 156 44 -82 169 73 -132 142 23 22 217 -203 160 165 153 -67 -240 -28 149 240 -241 112 -208 -223 97 32 106 -32 70 -37 -95 -139 207 181 87 -1 -87 -213 83 -88 -29 -248 175 -30 24 102 60 152 -35 -221 138 246 242 -159 -43 -41 56 122 -75 57 -189 20 199 100 -77 148 -86 -61 -116 65 -80 210 -112 -66 -219 -154 120 -69 -152 -70 218 12 -39 116 -206 -250 202 -236 80 -91 98 -73 -42 -133 -45 -122 -120 99 -5 50 -79 -170 75 179 215 -183 -143 -115 -135 -55 -212 -235 139 184 -239 111 -90 -23 216 131 -158 -147 -225 177 42 134 -190 37 -200 133 -249 198 130 -105 2 -165 236 123 15 -164 51 72 -110 68 -217 -78 -63 249 161 -201 64 232 109 180 -93 213 25 -166 -113 53 33 -117 -56 113 17 -177 -216 189 -227 61 -233 -145 222 -215 -11 234 158 146 -242 247 182 -65 -173 -247 206 185 -136 -138 76 -18 164 178 -204 174 186 -228 -85 -99 -192 -245 -149 137 -44 46 
TEST 135 ARG:17 38 125 81 195 18 -168 28 199 112 25 -198 -207 42 -150 -42 124 218 -145 -166 8 237 5 53 -25 -133 -14 -218 -54 -194 -33 63 -111 187 -18 -96 -134 -127 -181 204 220 -15 -139 189 226 -30 19 -19 12 79 223 30 -7 -163 -180 -123 -63 36 -193 -91 -72 208 27 -32 -216 24 -187 -38 -104 196 162 -65 -69 132 75 -156 34 101 197 -199 163 175 -112 219 183 249 194 -174 -78 110 40 172 106 -94 -196 -239 -214 58 -208 46 -66 202 127 234 -228 133 159 -64 -148 -184 -201 -82 149 -107 108 23 180 -152 157 111 -170 136 221 134 -17 102 -47 -81 232 -245 153 -4 -119 -220 -138 -191 -242 148 85 31 131 143 -74 -60 -162 10 -192 -77 98 -93 -236 93 107 9 166 177 -153 205 130 87 147 74 142 231 -126 66 2 164 -35 156 -141 -108 20 -39 -250 -157 -177 -50 -233 -92 62 80 -229 155 57 -172 -247 -45 138 -36 11 43 97 185 60 -225 -120 -189 168 216 -202 67 7 211 213 -195 119 50 -73 -101 -204 -130 113 179 65 35 117 -75 123 -31 -209 -210 86 -155 73 -13 -122 -105 -6 0 -23 192 21 61 161 -219 -143 -205 95 39 100 170 -222 193 191 -248 72 51 48 -118 126 207 -76 -186 90 -234 -226 -240 -183 236 -211 82 -40 238 -223 -51 146 122 -144 167 -221 -231 -24 96 227 217 242 224 -237 -49 -58 -132 -169 88 120 -80 -95 78 -9 14 -99 -185 -206 -235 -79 -128 -90 -161 -200 -203 44 247 -151 -129 235 -115 241 -106 -57 37 200 -146 94 -165 144 84 176 13 -62 -175 141 178 71 -131 229 -224 -243 188 206 222 -53 -110 115 137 -46 -227 -215 -20 41 -158 -11 128 225 -117 89 54 -89 -59 158 233 -230 -125 1 55 114 -44 68 246 244 121 165 -68 -21 33 -154 104 4 -238 240 -147 -22 248 -100 83 -232 -246 -56 -1 135 -37 -5 92 -52 -83 -34 -213 109 -29 -109 26 -135 -67 -48 245 -85 -26 69 181 150 -212 215 -182 151 91 160 45 -121 3 -190 169 210 -160 -124 -149 -84 -164 16 -103 -116 105 49 -43 173 -28 140 201 -197 -173 186 209 145 -12 -86 -188 -3 -167 154 56 190 243 64 -114 -61 -140 230 116 171 228 174 203 -249 52 118 -97 99 -98 -102 -113 -10 6 184 32 -176 139 -2 -8 76 -137 -171 129 -88 182 -136 29 -27 -71 198 -178 -41 -179 -70 47 -87 -241 -217 -159 77 22 239 -16 152 -142 103 214 212 70 -55 59 -244 15 
TEST 136 ARG:169 -175 -107 44 -51 -6 65 -60 94 -221 -188 210 -142 55 118 125 -103 -44 200 17 -247 112 -133 19 34 -5 -161 10 -201 189 245 -157 211 -88 -61 -57 104 -46 237 -250 113 -234 102 190 109 -79 127 -150 129 -90 161 -28 21 6 74 -17 144 152 -148 150 235 -139 -87 -74 49 36 -26 27 -108 -13 -244 -237 -238 84 242 240 -163 -207 -131 62 -159 -22 175 -111 239 -140 -52 151 183 205 47 178 207 -134 92 -49 119 164 121 -182 46 -242 -228 -23 67 -43 246 -203 -91 -233 136 -197 15 80 -96 2 142 -33 -18 -194 -93 -117 -70 3 -80 238 -63 -15 91 145 -196 122 201 -113 54 56 -125 -225 143 26 16 75 139 60 -191 184 -178 156 100 117 -76 192 -124 -9 -177 59 147 64 -168 202 153 -11 95 193 212 -56 186 -209 5 -31 -213 -112 141 -35 -164 9 -158 223 -110 137 140 -32 243 120 -8 -137 71 -152 -173 249 101 179 188 -7 -132 -45 -19 90 -185 -118 -129 248 -42 -58 -50 -160 61 -151 197 -141 -146 170 -40 -53 98 89 173 -155 -162 -187 -218 206 -138 -240 172 24 227 107 168 217 -10 185 233 77 -212 13 23 157 -119 -198 -176 87 -156 -243 -41 68 4 66 63 -2 -227 -82 155 123 -230 51 -30 213 106 58 -85 -249 -149 -48 57 1 69 -229 -72 -135 -172 133 -220 -199 128 -248 -217 -83 -236 76 50 -37 -153 -99 204 229 81 221 -179 180 96 124 42 219 22 -97 232 -130 -205 230 226 -174 -165 176 116 158 146 -235 -12 -106 -226 195 -55 130 -222 -204 -121 -89 -84 29 -184 -232 115 -144 -169 88 149 33 -167 43 215 231 -120 198 40 105 -1 31 167 -16 -122 -77 -154 209 138 216 162 224 131 220 79 148 177 -102 -180 7 214 110 73 174 83 12 72 -29 165 35 134 -183 -3 -193 225 -116 111 39 28 41 52 -86 159 70 222 241 -27 -214 234 -245 -67 -69 -208 -94 -216 -145 45 208 103 -25 32 -78 203 191 160 -4 -202 181 194 -59 -101 -24 -143 0 82 -223 97 -47 108 228 18 126 85 -95 -109 -210 -34 -98 171 196 -81 -192 182 247 114 -38 -211 99 -66 20 -123 -128 48 -170 -219 -54 -215 -195 -73 -65 -190 -224 244 -127 -126 -20 163 236 8 -186 -105 -21 14 187 218 25 132 -115 -246 11 -92 93 -147 -200 -75 -189 -62 -166 -71 -100 -14 78 53 37 154 -114 -68 -104 -36 -231 -239 -206 -241 -39 38 30 199 135 86 -64 166 -136 -181 -171 
TEST 137 ARG:-207 178 -14 2 -185 232 -248 -202 -173 126 60 90 132 -130 -8 -183 52 -155 92 174 -230 -51 12 -19 -91 -90 -86 -22 160 148 49 -105 213 -127 47 219 -63 -88 -66 -37 -1 -10 29 150 -93 -26 -203 -117 175 -233 -134 -34 -146 -191 25 -188 -228 129 -247 64 191 -141 170 154 130 165 48 -101 -38 -244 -197 -196 11 106 223 -224 70 -212 -81 -54 237 -73 102 177 54 -193 -13 -98 34 199 -129 -41 7 149 -57 -30 -131 -142 -219 42 -120 -245 109 -42 -139 -102 -227 78 185 206 -148 -231 -82 190 -76 222 75 -211 -79 239 -232 36 -237 -199 41 -172 -95 -118 140 -70 161 210 225 -52 96 152 -238 127 -92 3 9 -140 0 -40 18 -153 -75 -187 -154 227 203 24 108 -144 81 77 -175 205 153 101 229 61 214 28 -182 -110 -56 65 -16 39 -80 -161 -111 84 -68 -166 -168 -236 -240 183 94 228 15 248 -200 -61 -143 243 -198 245 217 198 -113 -2 -149 169 -152 -55 16 -121 103 -184 209 -67 91 -87 -122 -174 134 238 166 231 -31 56 224 -138 -132 -33 57 -77 67 143 171 46 249 -99 207 98 89 -163 43 -94 196 173 -7 -48 -85 93 116 -60 -84 -112 189 -17 63 215 235 -151 192 -229 -214 5 -242 -126 -178 21 -217 -36 -157 179 139 181 145 -169 -171 -119 -162 -106 -59 230 193 19 124 4 -181 -158 -225 37 200 208 144 -180 -128 -97 -15 187 221 45 182 73 -215 100 95 -47 -243 30 88 20 -226 241 242 69 -9 202 147 -32 -71 184 131 240 -223 -136 104 118 -213 220 85 -74 33 -167 -194 -96 -4 -104 -45 -100 44 -5 236 -114 -29 -21 188 -39 121 -125 59 -177 -204 74 10 23 -220 -64 212 -108 62 -170 -58 -62 110 26 146 125 151 -43 -147 -18 -103 86 156 -107 197 115 -218 -160 -124 8 66 137 164 14 105 -12 117 -137 -249 -241 142 27 -195 -246 53 -24 186 -49 31 68 133 38 195 -6 -109 119 -216 128 216 194 136 233 51 -234 -179 180 218 -192 158 163 -65 -186 226 176 -150 -164 -44 159 -11 138 -221 1 50 17 -69 6 -206 204 172 -3 -201 167 71 157 87 99 -53 35 246 141 120 22 113 155 135 107 244 -190 -25 -189 -176 -209 168 13 -159 -23 211 -165 58 80 162 234 114 -250 -27 -123 247 111 -205 -235 83 201 -28 72 97 123 -115 79 -72 -20 -222 55 -116 -46 -35 82 -50 76 -89 -239 -145 -133 -135 122 -208 -78 112 32 -83 40 -210 -156 
TEST 138 ARG:-93 -35 8 -166 -171 -85 198 -75 -176 110 179 -191 109 -245 -135 -238 -158 180 156 -222 188 -80 -146 -212 136 -185 -19 88 -57 79 42 -67 -244 213 184 177 -216 -215 69 -179 -13 -137 -112 11 34 -64 77 55 -132 -241 241 116 237 -205 13 -180 -148 -152 -201 209 -56 -159 102 -189 134 5 61 -129 220 86 51 -242 -117 40 -95 126 -43 -51 118 -116 214 -92 146 245 212 204 -96 -111 -187 187 -6 -232 -101 157 -71 -90 48 -99 -65 176 203 181 74 -136 105 72 167 113 -225 14 173 -226 115 -204 248 54 22 -184 -160 -247 227 107 -175 -63 71 -149 122 -74 170 218 -218 96 189 238 236 -214 130 57 246 -15 -8 -87 100 94 17 -39 -195 119 -127 225 145 186 7 -10 -141 52 -153 228 29 -211 192 85 217 -59 -203 20 247 215 60 -120 -108 28 153 235 -76 151 67 -36 -48 -174 -250 -142 -197 -118 -79 -83 139 -18 -33 244 221 -233 185 1 -26 2 142 -69 229 -219 76 -37 -167 196 103 171 -199 211 -154 64 222 147 155 -230 -186 -61 73 -9 182 -134 168 120 143 -100 135 117 -52 -113 25 -177 -25 -34 89 53 23 -234 4 216 -23 -161 169 150 -200 47 19 -243 -221 -236 -41 26 174 -196 -144 66 -209 -47 -126 45 -229 -192 99 -169 124 121 -193 -27 224 59 62 -31 132 -17 16 -170 -103 -248 -22 98 -89 -143 210 144 -239 -91 -11 49 87 -207 -231 -217 38 101 -147 200 128 -110 242 -140 -181 24 -157 141 -150 -194 80 243 206 190 -249 -32 -105 -114 37 50 195 -240 -42 -125 -145 129 -3 -168 82 207 194 127 -20 -12 -30 -53 163 -190 193 -235 137 -62 81 36 93 -2 43 46 233 162 -82 131 -119 226 -188 -77 12 -124 154 -38 -21 -223 -198 -7 78 -246 158 239 -78 -172 75 201 -183 -115 138 44 -122 -130 219 160 148 -81 197 58 230 -49 -14 -40 164 -97 -68 140 -163 -237 -66 -123 191 -73 -128 232 95 33 208 92 32 -220 249 3 172 231 -98 -164 123 159 -206 -213 97 -133 -224 205 27 65 68 -46 15 178 56 -210 106 84 91 -227 -60 41 -106 39 152 -28 -16 -156 -107 70 -139 -202 199 -4 -104 -165 9 -138 -84 18 63 35 -86 240 31 -151 -55 -121 166 10 234 -24 114 21 -102 83 6 183 149 223 -5 0 -72 -44 202 108 112 133 90 104 -50 -70 -162 30 -228 -58 -109 -155 -173 125 -208 -94 -131 -45 111 165 161 175 -1 -178 -29 -54 -182 -88 
TEST 139 ARG:-24 -8 -14 -92 -180 35 -195 86 121 75 -210 165 187 88 -217 239 -133 147 54 -209 48 -190 186 -10 241 174 -245 -117 95 49 -80 -175 -213 133 -193 71 12 194 181 6 94 242 1 65 13 119 25 -188 72 -116 -35 -70 15 -20 82 218 78 249 173 122 -127 153 211 111 127 209 -106 220 229 62 23 -230 -182 -143 -227 205 -18 247 131 0 109 -171 60 16 -102 -236 -178 -138 -109 142 91 45 -203 19 -2 -233 162 -249 180 184 -40 -199 61 -120 -21 176 -32 169 51 237 -157 64 -247 -128 -98 -151 -66 -88 199 -155 47 234 -5 146 -39 -164 166 -222 -125 -134 238 231 41 -53 -241 -84 105 112 55 -161 -122 -72 219 34 226 175 102 233 28 -126 164 236 104 -212 171 -62 -28 215 115 -221 -243 -45 -105 -224 225 46 172 161 14 178 101 190 -103 -86 -235 -200 -4 -29 -101 -74 7 -240 50 -231 130 40 87 -55 -238 -95 79 -104 117 222 83 5 151 -129 37 9 -202 -81 67 -13 132 29 99 -69 89 20 212 -30 -145 200 -219 -179 70 183 24 232 -48 118 168 -16 66 -174 -196 223 -184 -220 80 3 156 -49 -136 -140 -79 -52 -17 197 -87 204 -59 -22 -36 -38 217 207 -223 -94 -163 170 58 149 152 123 134 -148 2 -173 -71 -97 224 143 -225 -1 97 -218 188 85 -172 -85 -15 -115 -110 -162 8 -31 31 137 -33 10 33 92 216 98 -149 -177 191 227 140 208 -3 -90 -226 235 -160 44 128 -189 -242 -121 182 -153 57 77 107 -167 160 -250 -27 -207 120 103 244 -234 -73 110 69 -26 63 -204 155 -123 210 -169 36 -83 -168 -50 -246 -181 -141 -154 -211 -170 167 202 52 -96 -205 113 -7 -137 139 198 138 26 -42 -112 -119 228 22 159 53 -150 -76 -159 135 246 -75 74 39 -77 213 -248 -215 230 -131 -214 108 59 4 -99 -43 100 -54 221 -198 206 -208 -100 -23 -216 73 195 193 144 192 106 -166 240 -185 38 -63 -197 185 -228 -57 -165 -146 -19 157 -44 -58 -47 126 -135 -25 18 -183 -68 96 -67 -158 42 -82 125 -65 -41 -147 243 163 -187 32 -56 -108 -46 -124 -113 201 -37 -239 84 129 -12 -61 -194 -232 93 -107 90 -78 -6 -91 -111 -132 -186 141 -93 116 -152 196 145 148 -89 -191 -229 177 68 27 214 76 17 136 203 -206 124 189 -144 -237 -60 -34 -64 21 114 11 81 -51 -9 -244 -192 245 56 -139 -114 -156 -201 -118 -11 30 -130 150 158 43 -176 179 154 -142 248 
TEST 140 ARG:71 -140 -184 -223 -220 237 173 -102 231 -74 149 25 -126 -120 90 -204 245 141 161 -107 32 170 80 150 7 26 -20 70 -230 109 -171 -249 -205 -174 -110 -40 123 242 -157 153 0 203 -166 195 28 65 22 -163 201 106 -37 146 -155 249 -237 -15 167 122 116 -193 52 -30 -178 192 207 43 235 23 229 147 -38 120 144 -244 -97 -137 -162 -103 -94 -82 84 -241 -239 209 -26 64 58 -189 164 -248 126 63 -218 -67 -147 -112 -1 76 -145 -122 178 213 169 -52 -170 -19 233 82 56 -48 30 -225 14 -198 19 62 -53 115 185 -240 -173 81 -196 -22 179 -177 -50 -175 160 -64 55 228 2 -109 218 -76 138 -161 99 -59 37 -39 119 -158 156 87 -159 -219 -228 -84 51 42 -247 200 40 -180 -73 128 -24 158 -200 35 79 186 -101 -123 131 4 140 -153 -144 27 197 57 221 -187 -190 94 -29 74 -89 208 -9 -27 97 -47 -243 202 -98 50 -2 -183 -56 232 104 148 154 244 -104 60 214 -160 -245 -226 -65 -78 -222 11 -86 -83 152 137 101 234 -114 -201 -44 174 17 184 165 34 92 6 -12 98 -182 -250 -81 -7 194 20 142 -54 5 -10 69 -132 -36 -70 33 -77 49 -68 73 -121 -134 66 241 1 86 129 -231 -181 -13 -188 181 -57 -202 -99 -79 -33 -221 -172 78 196 -242 -88 -131 139 215 -42 135 239 -199 163 145 -206 -58 114 -213 -128 110 243 -191 54 18 105 29 -215 -138 217 248 -164 222 -113 -149 -28 143 -95 31 -179 212 -141 -209 171 -69 -80 -212 -3 223 -148 -216 -135 -152 -5 -25 166 16 -31 44 59 226 157 130 225 -238 85 39 -124 -106 -165 -203 204 3 172 15 183 -136 -236 238 117 198 127 -229 -227 -72 -85 -117 45 247 -151 46 -207 -150 155 -232 227 -195 -96 -34 -32 -146 -143 -115 216 240 182 -176 -139 -108 -91 13 -156 -105 -66 124 246 -23 -168 -61 -210 -169 -127 47 -16 -45 93 118 -55 -60 9 -197 -111 159 -154 -8 113 103 -49 77 -234 175 -116 112 133 -18 111 67 -130 206 -93 -185 187 100 89 41 -119 -71 199 91 -4 72 95 176 102 -235 132 10 -224 -142 -194 230 168 68 -217 -51 -208 36 -211 191 193 38 -129 61 -133 108 190 21 -75 88 177 -35 151 -92 -100 125 48 -17 -125 219 210 -11 180 211 236 224 162 -6 188 220 -90 189 -192 -186 134 -21 53 -214 24 121 205 -167 -41 -63 -14 75 -43 83 -118 -62 -87 -233 -246 107 96 12 -46 136 8 
TEST 141 ARG:-189 110 -10 141 243 -165 204 179 111 107 -154 184 59 -100 54 135 75 124 212 -168 36 34 158 -244 -38 -180 -134 -143 -77 -36 12 144 -232 -141 -3 -233 233 175 -65 -83 -113 130 55 -69 -61 3 -221 136 -73 -53 -170 -21 -201 -7 -116 -16 -215 202 168 -214 186 -177 -235 119 47 -95 104 -146 -49 -97 38 -30 -88 52 -158 27 -76 92 -220 205 109 -223 230 61 83 246 73 169 6 -90 11 -247 -138 -231 86 33 30 20 -32 -132 118 219 -184 -174 -25 207 -14 -210 -11 -186 -106 7 -181 156 150 228 -54 -230 -111 165 -37 -135 -149 -218 -105 -217 -183 -133 68 -5 -28 -193 46 131 -66 172 236 148 -107 -129 -152 -2 -50 153 -64 -85 155 245 142 190 120 -202 48 -150 134 180 88 -35 -70 80 -241 91 152 225 -42 -163 -148 -216 37 78 -102 -18 -187 143 -24 -9 171 -58 -41 2 187 195 164 71 -137 159 178 -229 215 51 -44 50 -60 -192 199 16 247 192 -208 224 -117 146 -99 203 185 -195 5 -236 -59 -43 0 176 -131 -120 222 249 65 87 115 -8 210 9 200 -1 217 127 145 -156 177 -248 96 45 -245 182 -157 244 -80 227 183 191 -74 -12 238 232 -81 105 220 -52 -98 101 8 242 -207 154 -160 -139 43 -161 -75 25 239 -172 229 113 189 -225 -27 40 -151 198 -249 -67 -212 -101 -51 4 -197 -179 -209 -153 -29 -86 -204 128 44 95 29 85 137 58 -125 66 -23 -26 121 24 -127 -203 226 -4 201 237 151 -175 82 -159 126 167 -79 -47 -144 -55 -96 -239 -39 -112 206 89 -237 -136 -219 -213 170 90 188 28 77 -164 35 84 62 -128 218 74 -176 197 -84 63 42 31 -17 15 -222 79 -145 106 94 117 -20 97 125 163 13 -234 147 208 -63 -46 -206 157 -243 22 -250 214 60 213 -242 193 216 -92 -140 234 116 -240 211 133 173 41 49 194 -57 160 -119 -162 -130 -19 -118 67 108 -178 -82 -124 76 -94 -34 -167 122 -15 -227 17 -114 174 221 162 -123 18 -173 -93 81 -188 114 -87 -62 138 26 72 -211 -89 -228 140 -142 -238 166 -166 -48 -194 181 1 -126 129 14 99 -110 -182 235 32 196 39 123 -71 -40 241 240 -115 69 19 23 -56 132 56 -190 -68 70 98 -109 -91 -122 -199 -31 161 -108 223 112 -226 21 -72 64 -103 102 -147 57 -198 -104 209 -6 -246 -45 -171 -205 231 100 -196 -185 -191 53 -155 -22 -33 -200 -169 -78 10 -224 149 103 93 139 -121 -13 248 
TEST 142 ARG:44 64 -144 -12 98 -239 -16 140 -136 122 60 180 -90 83 -71 117 -173 -157 77 -1 -154 -218 -28 -201 -6 56 -95 -116 -149 -79 -50 163 171 -151 -152 169 12 84 191 -228 -96 25 20 226 -211 38 91 148 181 -206 61 -73 151 66 -155 -175 -27 -222 235 -83 -188 -63 54 -117 -161 26 121 233 240 219 -37 133 18 -41 -130 -91 136 -40 -70 248 107 -3 39 -220 46 5 -55 146 -215 164 -21 143 247 229 -242 96 201 -72 -39 80 111 -135 78 -181 -187 126 16 156 182 213 141 -100 195 -193 -88 -81 19 249 -166 -44 -32 130 -246 -133 -36 -84 -5 52 -115 -250 231 242 51 99 185 225 228 -127 -147 -25 -67 -134 11 162 179 150 223 82 -19 -38 -35 -26 -98 -31 216 -62 -104 112 -105 -245 106 23 -121 -241 -13 173 -236 -183 -69 -213 -140 241 -247 -249 62 104 -156 -111 -235 -163 -171 -146 161 3 -165 14 -180 -102 -128 32 178 -205 138 -11 -124 101 194 214 -243 129 -195 234 -85 -87 128 246 -225 125 42 -189 -108 63 -172 -153 15 -207 2 -110 217 -204 -131 73 -94 157 -56 123 -179 -191 -123 -168 -113 209 -203 8 -15 24 144 67 210 40 -238 -45 -122 -248 -197 -129 100 115 -97 -174 4 108 155 222 -86 72 187 -99 -92 -8 -141 -120 132 227 -240 232 -234 -217 -2 220 49 59 -126 -7 199 -202 204 175 37 -219 -158 90 -65 45 -145 193 -77 74 158 -93 -216 9 -23 119 -184 137 58 0 47 -233 57 -164 31 68 -231 -48 -22 134 -66 -43 -190 -182 87 -47 -196 109 -223 -58 153 -169 35 -199 76 -212 -112 192 -167 202 -103 238 197 -75 -138 -176 160 -64 207 184 -54 93 -237 -60 -159 -46 -101 55 -178 -148 -244 244 196 167 33 145 114 206 120 -221 1 10 190 -14 172 70 -52 -61 21 -194 165 -82 127 95 94 -118 -232 -24 237 174 -89 183 43 -137 -51 -214 -208 92 -57 -162 124 230 -78 -33 -177 85 -226 154 149 102 -119 30 103 79 17 -230 29 75 -53 22 -20 200 -109 36 13 221 34 152 81 -200 -170 139 48 -186 131 -150 188 113 88 -18 243 168 -29 -209 -17 212 -114 203 97 65 239 205 198 41 -80 -106 177 -132 -42 7 86 -4 -142 -74 245 -30 110 -10 -143 71 -198 215 159 147 -76 236 -139 69 -227 28 -107 176 -160 105 118 50 224 208 -210 -229 -9 -59 -192 89 -125 170 166 53 189 -185 211 27 -49 135 186 -68 -224 218 142 -34 6 116 
TEST 143 ARG:160 146 -231 -137 124 140 101 -184 -225 157 -83 113 226 -207 -152 -4 -100 169 -1 -241 41 -63 -79 -221 103 54 -182 185 218 99 -28 -64 127 58 -80 89 118 196 -192 -73 181 36 -16 71 -61 121 -199 -33 -57 174 85 -218 -238 -62 35 -226 222 24 -236 39 -43 197 166 201 -6 203 16 75 138 105 -159 -235 235 -170 -34 -245 -49 -2 -24 -87 -175 -130 182 -67 -91 26 -109 42 -18 -93 -146 -215 177 -114 12 231 240 129 -94 -228 22 -104 141 199 -19 -55 -89 -14 -29 109 -42 230 -25 -187 95 147 116 207 -81 119 -169 -136 110 -40 64 -13 15 -248 -143 210 236 86 -120 50 -47 136 229 115 -160 224 -154 -23 -219 217 -3 46 -222 -243 223 241 156 48 18 151 249 -77 -129 194 67 186 228 -188 131 165 74 -153 -179 20 -141 246 164 176 216 90 193 57 -178 28 107 -118 242 -204 100 -71 -75 149 -27 -230 -211 -95 4 -85 -38 -164 77 -166 -51 -191 102 30 -147 172 -185 80 -48 248 66 -209 189 -148 -113 43 215 -158 -66 -206 -21 168 -177 -156 -107 -70 25 -197 -32 167 -240 2 150 -201 23 233 -69 -134 202 -90 -52 73 -234 -250 159 -249 -124 10 -31 -183 117 -72 111 214 -149 -198 65 -54 53 -30 -119 221 14 -239 171 -41 -196 33 -112 -59 -242 92 162 -140 38 -60 -227 81 17 -203 104 -102 70 -12 -78 -84 175 47 191 112 126 88 -168 -17 -144 -246 -26 3 -176 -151 125 -135 -223 -167 8 198 170 195 -165 -53 -68 132 -142 -20 -205 -233 72 40 -105 -15 -97 -193 211 -22 200 7 -39 123 -181 -210 76 -76 -11 -216 208 -56 180 178 -125 27 -131 -161 -224 -111 34 -5 148 61 -8 -92 87 133 -86 60 68 -46 29 -45 -103 -214 31 49 183 154 -127 -172 13 152 -162 56 83 212 9 -50 232 0 94 -122 93 187 -174 243 204 143 -121 220 -138 -195 247 1 -9 -133 11 188 -35 -101 -217 -7 -115 62 -180 209 179 219 114 -157 -237 -128 45 139 137 98 -110 245 145 190 134 -116 225 213 -171 -96 153 -123 82 -232 63 192 173 -44 -189 -212 -155 -163 -82 78 234 37 97 239 -37 -229 51 206 44 163 19 -186 244 -65 -108 -202 -220 238 155 -58 142 128 -106 -88 120 122 5 -10 237 -36 -200 135 -194 106 6 -139 -98 130 -173 52 69 55 -244 144 158 91 -74 205 -247 -190 59 -145 21 108 -126 -213 84 96 -208 227 161 79 -99 -132 -117 32 -150 184 
TEST 144 ARG:148 71 59 -184 106 -45 -75 -124 -134 70 -21 -128 211 -143 -34 25 126 42 -2 226 104 -141 8 -96 -201 20 130 -158 -170 77 -138 135 176 -229 147 -125 101 -28 186 -167 -186 -144 95 -39 -159 -152 140 -198 -27 -115 240 128 -197 -236 233 -243 99 -15 190 -37 160 -225 -98 2 49 -100 -122 -109 213 61 -11 -22 -196 152 -140 -48 146 -155 -64 162 216 -234 62 136 221 27 -97 241 -7 -53 236 223 -241 -36 124 -204 -172 33 -182 -163 227 64 -117 -130 -145 -80 -35 86 115 97 46 -94 -216 -41 39 -56 -52 34 -233 -156 4 182 196 -206 -13 -44 87 73 -19 -93 107 -58 -218 -247 -85 -30 -66 -232 11 -42 117 -235 122 85 156 23 -16 -173 -162 69 98 194 96 -191 -76 -214 172 189 91 220 -224 195 17 -40 -188 53 -4 19 214 0 54 -219 -154 -120 51 -194 -47 109 -242 -226 -88 145 179 -95 -38 -146 215 103 -160 114 -183 246 9 143 161 81 -151 218 150 170 -74 -62 -50 -81 -102 167 -17 -174 141 -55 37 1 232 32 198 202 -221 -101 -157 131 45 163 35 133 -84 -132 -153 -190 -244 200 -238 74 235 -179 168 -104 -177 -139 -43 -114 72 -131 245 238 -249 36 -3 -106 224 55 -161 -136 112 40 230 -119 10 116 210 -248 129 -65 -169 -82 151 -220 173 -175 -78 242 -9 225 153 243 -212 -31 -208 52 29 118 -245 155 185 -181 -227 178 22 78 137 -250 92 -112 75 157 38 -91 -200 -166 -178 175 14 142 -203 -142 180 -83 -8 -199 13 127 -25 83 21 -205 31 41 144 5 -59 113 -68 222 197 -116 58 100 237 205 -133 177 -239 111 65 -135 -79 123 -51 94 -189 3 -222 24 165 -168 -164 -99 -193 47 89 43 -118 -89 -246 181 -1 -67 166 80 30 201 76 212 -127 192 -107 -72 66 -202 -150 -217 -18 -211 -237 110 199 -171 44 191 -69 -149 193 171 -77 -32 -148 228 248 121 134 -165 18 -228 -121 -113 -46 -14 88 -207 -223 119 48 6 -24 184 -70 84 -108 -29 -185 -210 67 -176 50 169 -10 209 234 -180 -20 247 139 -147 79 -110 60 -129 56 207 68 -187 -213 125 -103 217 239 -49 188 -86 93 -209 7 26 -90 132 120 187 -60 90 15 138 -123 -5 174 244 159 -137 203 -63 154 63 57 -54 16 -6 -240 -230 105 82 149 183 -12 164 -33 108 219 -57 -87 -92 229 -111 -126 -215 12 -71 231 -192 -73 204 -23 249 158 -26 206 28 208 102 -105 -61 -231 -195 
TEST 145 ARG:-140 240 40 143 216 -97 -44 -35 145 50 -71 209 -184 203 97 -162 -169 -158 132 191 177 -213 -228 93 -99 39 -91 140 -154 -89 -110 -65 -77 -155 -182 -197 -66 -32 -76 122 185 159 -242 -3 196 220 184 -185 27 41 -46 7 -34 32 190 -199 -194 88 -9 124 236 225 -86 23 111 200 -216 247 59 149 -23 -133 -61 -81 -36 86 17 201 137 -174 135 -163 -29 210 -57 -201 48 -38 -192 103 -130 -151 74 110 -240 -222 -49 -111 -17 108 62 96 249 -15 -204 -186 182 146 -37 49 -134 -123 -173 -236 218 20 -19 101 13 -53 -109 -147 -229 -218 169 76 -206 -43 -67 167 171 -118 244 -42 -149 230 19 166 75 -145 -5 138 144 -135 237 -106 10 -33 95 91 158 67 -164 -105 -24 227 24 -64 -13 178 -121 -235 156 28 2 -244 -6 -56 -208 94 133 -131 -247 181 71 -193 245 155 113 -177 -68 82 -159 33 -249 -25 -243 204 -40 47 -175 -101 128 -85 5 -117 -31 -143 198 -138 -119 -221 -54 18 26 117 -207 -227 43 11 -55 60 -176 118 217 -114 90 79 57 -73 186 -48 219 -94 129 58 -137 123 214 -87 -20 -136 31 125 53 1 -200 -211 -129 -96 64 -232 -82 -166 89 231 -248 15 207 36 -12 160 151 -234 -58 -95 83 116 -8 -150 -187 21 -190 -26 179 34 -30 -7 183 -212 72 114 -11 -241 -246 195 92 173 -128 -83 126 147 153 42 98 -93 -112 157 -178 172 239 100 54 223 -4 197 -92 -202 37 -18 -132 45 65 -165 -75 -1 -210 242 -215 -231 141 215 212 30 -205 -107 180 232 -59 176 -168 -195 139 81 -124 -62 -224 68 154 -238 -21 119 -14 189 -127 102 109 -50 -237 -10 63 -183 229 -120 194 -161 233 52 61 -72 112 -223 -126 -63 142 -16 243 -52 -142 -144 248 3 130 -90 -108 -102 188 241 127 168 -69 199 -84 106 234 -79 202 -220 -28 70 69 163 193 -2 -51 206 -41 228 -45 14 221 235 162 -116 170 120 -230 -189 -179 44 -141 87 -198 -196 211 -172 -103 136 -156 99 238 -74 78 -113 187 66 16 152 -139 -180 -226 208 148 12 35 175 164 -88 9 -209 224 -152 22 -80 165 -47 0 -217 4 205 -125 -157 -153 150 226 -239 -214 80 -70 85 -203 -104 222 84 25 105 -167 -27 -78 8 -160 55 246 29 -60 -225 -122 -146 38 -115 77 -22 174 134 46 -39 -233 -188 -98 -170 6 -245 -148 -100 121 115 -171 213 192 -181 -250 131 56 161 104 107 51 73 -219 -191 
TEST 146 ARG:32 155 -178 -2 -81 -98 -24 -34 219 212 164 187 204 145 14 -228 -3 51 237 -156 20 -69 -163 30 142 -89 -28 -114 -111 -56 -33 65 -229 -42 -30 -243 77 -250 -84 -58 -110 -210 -174 79 105 -238 -221 -130 -91 182 238 122 188 72 -237 220 -31 102 44 5 -21 -158 211 203 180 -196 -18 133 -139 165 156 -60 176 -171 -25 134 223 6 215 213 -230 -162 113 -215 244 214 151 -5 -55 45 183 -94 -11 -107 10 1 86 -222 112 227 -17 205 -223 -186 179 144 -136 -247 -124 81 -86 -13 -20 95 -9 -172 -226 -41 -142 40 -119 190 87 147 -52 -62 -231 129 -141 56 46 -143 53 -92 49 61 248 249 -157 125 -7 -232 116 170 88 -201 226 -132 -175 194 -99 12 -167 -193 71 98 -208 9 94 -71 -125 167 146 218 69 43 110 -63 225 132 -194 -198 -195 154 -4 -49 -240 -14 135 221 -108 243 127 74 78 -211 -121 -154 158 -22 57 54 96 -225 -217 38 18 172 149 239 109 -160 -213 166 80 -73 200 -77 -151 247 -227 -117 34 -16 -212 -109 -128 -203 90 24 -150 2 209 -15 222 168 -209 -189 117 -122 104 67 84 48 -126 55 -192 -146 -76 -64 178 -140 121 163 -202 -80 124 -155 76 -168 31 -90 -218 230 -50 141 173 -224 234 -134 161 -83 -173 -183 242 -145 -67 186 21 126 50 -161 -116 64 -29 131 68 120 -6 210 198 -36 123 193 -120 -166 -246 -37 62 36 42 -180 37 208 -185 -245 -1 92 -43 150 114 33 169 -236 -131 -39 93 -200 -54 -95 -206 29 -19 191 70 -45 -199 197 82 -23 137 157 -70 26 28 -112 19 217 153 -177 240 -26 -88 -170 -105 47 128 -153 152 -118 39 -79 196 103 -148 229 -74 58 -66 -144 192 -93 -104 -216 136 118 -65 236 232 -190 83 241 7 107 -249 -127 -235 -38 148 -97 3 -234 0 41 224 -68 -47 -135 -181 23 -57 -106 216 130 -187 -147 171 -12 -220 -133 -188 -103 -197 233 66 -149 59 -27 174 140 -113 -101 -32 -165 17 -239 162 228 35 -205 185 106 -244 -82 159 100 111 199 -233 -179 -75 -51 -242 52 -248 73 -152 -59 189 4 184 160 235 -159 89 -169 181 25 85 139 -46 -138 119 22 -214 -123 16 206 -204 246 -115 -219 -241 -102 -40 202 -48 -207 75 201 101 60 99 -176 -78 11 -129 13 -191 -61 -100 27 -184 -85 -72 -182 108 231 175 138 115 63 195 91 -87 8 -44 -164 -96 97 245 15 177 -10 -8 143 -137 -35 -53 207 
TEST 147 ARG:158 -59 -136 -158 189 -30 -198 -5 217 -32 143 -99 -217 -212 144 109 3 -243 182 -14 -218 -1 111 124 247 -49 -21 167 -151 -184 -64 -187 -26 -196 17 59 245 -34 227 242 221 -207 188 -45 -244 -71 93 51 -106 -65 69 -157 117 88 -219 -202 -78 -213 -114 -92 235 96 -174 239 -227 4 1 108 171 -132 -103 232 56 -105 -171 137 231 -194 166 132 73 -126 -144 -33 -37 -56 70 -12 -120 225 186 -79 -35 86 112 -168 -18 113 -80 -61 -249 -76 -125 116 -95 180 -111 31 -115 11 52 16 66 -119 204 172 120 98 210 -116 9 179 -13 -189 40 -235 -221 136 229 91 218 -166 -75 57 -66 -47 2 28 -93 -156 -63 106 203 156 -233 -39 -97 -169 181 53 195 -124 107 15 215 47 -88 147 152 -112 -209 -143 -10 -216 84 -22 -162 71 -110 -113 228 -4 209 26 -121 207 -117 75 -199 168 -17 -195 -62 -232 -20 154 85 -118 -161 153 157 74 -48 -68 -55 83 159 24 -104 -224 211 -205 -38 -31 142 233 -81 202 -186 -222 -159 -51 -208 -206 -146 -29 90 105 99 55 248 -123 240 148 -87 119 -7 184 -73 178 -215 -42 125 214 150 237 -57 -122 -177 -247 -133 -154 -25 241 38 18 164 146 -241 60 -127 176 -139 -164 -53 -179 222 37 -69 -70 101 -134 -220 -129 42 162 -41 192 -147 -86 212 45 46 -108 -155 87 -237 -52 134 226 -150 -153 104 -130 187 170 190 -163 -3 141 128 193 50 -173 43 -181 34 67 65 -149 94 25 61 220 -140 216 14 246 -160 -96 -15 -58 -84 -6 21 -245 -180 -167 -214 -24 -44 110 205 33 130 -211 36 100 10 127 169 122 139 -197 -240 -90 163 -101 185 -46 -152 -176 44 -203 -182 48 -137 62 -228 174 200 -223 54 -19 -200 -83 80 -100 -141 206 -138 -226 208 -135 -191 89 -98 -72 -250 -36 -188 76 -128 126 234 -204 -210 -170 115 -185 114 -27 197 23 5 -40 -102 149 -89 145 -94 103 -193 -74 -178 19 49 -201 118 -11 27 39 -165 78 196 -231 219 22 12 -109 238 161 213 -190 77 -54 133 -82 198 121 -148 -246 173 230 160 0 -131 -238 82 -2 92 243 201 -248 191 -236 -9 224 64 129 81 30 35 41 249 223 -145 131 135 -107 97 183 -28 102 79 63 -67 -234 7 151 -85 140 -43 68 -50 -183 165 138 194 -172 95 199 -77 20 29 58 175 72 32 -239 8 -23 123 6 -91 -242 155 244 -175 236 -60 -230 -192 -142 -8 -16 13 -225 177 -229 
TEST 148 ARG:-45 -56 54 56 -212 161 32 228 -15 -76 -102 195 69 -240 39 50 156 71 -130 -132 -222 -194 -9 153 208 -99 101 -25 -92 -175 -148 27 -249 -163 173 120 11 -227 233 246 -120 -10 -211 97 77 121 206 61 -46 152 -5 177 72 -14 107 82 243 116 201 91 193 83 216 223 -2 109 194 227 -191 -6 -117 -72 183 22 203 38 174 -49 -156 165 -152 3 -174 5 -241 -239 -151 -219 -157 218 221 136 -111 142 -195 175 -221 157 -167 145 -97 137 -198 164 -85 234 53 -118 16 -150 -181 81 -207 -166 -122 -24 -142 -105 -17 -64 -162 146 48 -67 -88 -124 0 -104 66 -60 52 -153 -146 -225 79 -95 -247 -190 -231 -183 -204 220 139 -149 110 59 -37 9 -218 44 -29 248 -101 179 -31 -16 -161 -7 -116 -44 213 204 200 8 209 215 -48 -206 -50 10 18 21 -33 -53 166 -32 182 -185 -242 -36 186 135 202 -108 -81 -93 -155 49 -238 149 -145 -75 158 35 -115 119 197 31 -3 -208 199 -68 -196 58 168 238 93 115 103 -202 122 114 -18 172 129 -192 43 212 -89 -52 -187 -103 4 155 -86 -51 126 29 -129 -134 -168 -179 -61 17 37 -154 -57 63 -215 132 -214 -234 124 -188 191 51 229 96 -23 162 -27 241 -125 222 -182 138 95 -39 -107 230 214 42 -82 76 100 -236 92 -26 -35 14 -34 225 28 -136 -90 245 -229 89 -59 205 -69 46 25 -184 -193 240 192 237 -98 -83 60 217 -203 -228 -126 -54 -43 -38 -139 90 187 -20 73 12 -65 236 -160 75 163 -144 -128 -71 -186 111 84 102 133 -164 -94 -63 -112 -226 -245 -121 -141 68 98 151 -21 -200 140 169 23 125 -243 -165 117 13 211 -22 -205 -127 123 247 150 -180 -158 189 65 -109 -237 -110 -114 -58 131 -147 -143 -80 1 134 249 -131 57 -123 -96 -87 242 -209 -169 -119 235 -233 74 -28 207 41 -41 -201 -40 -12 40 190 104 -4 -176 -216 -137 244 -133 147 -78 -11 -250 171 181 176 19 94 -42 159 -230 224 -244 20 148 -100 144 88 -30 -77 -1 -135 47 67 -13 -235 231 -73 160 -220 178 -8 -224 99 -159 36 -178 -74 -140 -138 87 -66 -213 85 185 -47 180 30 118 6 55 86 7 130 167 -19 -171 154 -189 196 127 239 184 113 26 15 219 112 45 -62 -232 64 33 -106 141 78 -55 -79 24 -172 143 80 -91 -223 -177 232 62 -217 -84 108 -197 170 -210 226 70 -199 -113 -170 -70 128 105 106 188 210 -173 198 -246 2 -248 34 
TEST 149 ARG:-109 -52 144 234 54 -112 134 -45 -70 105 -162 230 -231 -35 112 -132 -54 -57 -242 158 113 -207 -28 -26 38 -184 -180 153 -96 227 -2 74 185 104 -241 -124 188 -90 -1 129 -82 40 -66 -200 -38 -95 83 -222 103 -149 -50 -78 -21 -73 -142 33 225 237 111 239 29 163 -145 161 60 -91 -25 240 192 -143 172 55 -167 -177 -250 17 78 164 43 -16 223 24 16 61 167 -144 155 -79 69 -76 91 -64 -206 -111 -248 -24 165 -197 -33 -185 -12 -129 -89 -138 13 175 34 -175 242 191 -130 73 99 -60 51 -75 -29 126 248 -61 197 -192 82 135 -105 101 0 44 -225 219 -199 -146 246 233 159 14 209 45 76 123 196 -121 -221 -188 -171 122 -243 96 -198 108 169 228 147 -159 -32 -113 -107 -30 136 220 229 35 106 203 241 244 247 -77 1 171 119 -166 -245 -88 -100 204 -247 -8 -4 -127 224 -205 62 -63 90 57 176 -176 118 109 218 -202 26 208 -187 -93 4 -67 216 133 -208 47 -86 -99 231 124 181 2 226 -22 194 -217 79 -81 193 154 -233 -181 49 157 -56 81 -155 58 -114 30 42 190 128 -195 160 184 186 -154 -42 6 201 -239 -80 37 68 -148 142 215 -136 -249 -128 200 238 100 -135 -103 -174 -11 232 -69 -246 -183 89 -161 245 -218 -46 -194 114 -182 -62 52 -13 -244 140 102 -6 -137 110 162 212 146 31 -41 236 -214 131 222 182 -234 205 22 23 183 -236 -98 -164 12 -153 86 -147 15 141 -68 -210 -10 -122 18 -232 -160 80 -92 -204 -139 -141 -119 198 -49 -131 93 32 -126 -158 202 127 174 -97 166 243 -47 -193 -190 130 -203 -19 -211 -215 -5 120 -104 -85 -157 41 -108 178 85 -74 217 10 -44 -125 -150 94 152 -48 -36 19 235 151 -227 -94 -240 -43 195 -31 -226 -163 189 50 -212 -229 145 179 156 -170 125 -189 88 -83 -140 -196 75 -238 -15 -213 -17 137 -230 187 -115 -172 -209 64 -116 46 249 87 168 -37 132 -72 -191 -223 -9 213 -34 3 -173 7 211 98 -3 115 27 -27 -55 59 -134 -118 -39 199 170 -235 -102 -168 77 -59 -224 180 72 173 -201 67 66 28 92 84 -87 -120 -84 65 -53 214 177 -101 -237 -123 210 48 -40 -117 20 11 8 -219 -58 107 5 148 -169 -18 9 63 -151 25 -23 -179 138 -156 -165 117 221 -65 -220 95 71 53 -51 -110 -152 -228 139 143 -186 -14 -216 39 -178 207 -20 206 149 -7 56 121 -106 -71 21 116 97 150 36 70 -133 
TEST 150 ARG:35 167 42 -56 202 -7 -45 99 -229 58 -51 -173 -47 129 -53 5 235 -39 -249 -50 222 221 225 131 -42 -188 145 43 -43 152 137 13 -204 7 -127 -192 197 173 -227 -150 -112 -20 132 220 -58 206 62 -237 140 -126 -33 38 6 -245 109 170 53 -92 -108 92 -201 -13 -214 -218 -232 -239 -148 -70 89 -113 -121 -230 194 67 -180 -15 37 -1 165 -83 210 -210 174 -61 -74 -29 178 -107 -84 87 -187 14 -124 189 -225 122 -183 -164 208 -199 181 243 -23 -246 146 -184 -212 162 154 -131 88 246 114 147 0 -55 177 -244 160 234 -241 -142 156 -98 -14 153 -73 2 172 59 -4 184 72 161 -3 -81 -151 -175 26 80 248 -48 63 -120 55 -25 91 90 -134 101 56 -34 -31 190 -231 -154 54 66 -32 -137 -135 -54 -140 18 223 -219 209 118 102 -162 -157 -28 19 166 -176 -234 75 -167 -141 125 98 31 -21 106 -49 77 213 -82 -79 -196 -185 -69 143 -136 115 -110 207 179 15 -95 -146 -132 -68 83 -191 113 175 -224 195 69 188 -166 -161 192 142 196 157 -57 -36 28 86 -182 186 -78 -152 -243 61 3 81 -149 48 164 34 205 -90 -171 236 -189 -91 -194 74 -93 241 126 232 70 -12 108 -200 245 -233 -169 -11 78 107 -248 60 68 242 -66 40 25 123 27 231 117 151 22 -228 100 -236 -129 127 -203 4 144 110 -72 116 44 8 240 17 -97 -221 133 -89 -59 -103 244 -17 -86 -35 182 128 51 -153 -130 41 -64 -77 112 -62 -208 -27 21 168 -80 76 -106 -195 -2 50 65 -186 -211 159 -190 180 -177 -88 -158 64 -5 -133 16 -71 119 -125 -165 -117 -104 155 130 -87 -67 95 10 -160 -75 217 204 -128 -52 -172 239 -170 -145 -18 171 -19 71 20 211 -207 -118 12 -178 138 183 29 219 139 176 141 -213 158 -155 -26 120 216 -143 169 134 -37 135 -101 -99 150 96 237 -122 214 201 -60 111 -156 -193 45 203 46 73 -114 212 94 93 -138 -205 103 247 -22 193 -215 85 218 23 -116 -123 39 84 199 -63 -44 187 229 -181 32 -38 121 200 -115 -46 1 -111 30 -222 -109 49 -10 97 24 -202 163 -100 79 -235 -209 238 -223 -41 82 185 -85 -240 -198 104 -159 -179 -220 -242 -24 224 36 -147 -102 191 136 57 198 -174 -144 226 -16 -206 -238 52 -163 -6 -65 124 -8 -40 149 230 -250 215 -226 105 -105 -168 -139 228 -30 148 9 -96 -247 -119 249 -76 -216 11 47 -94 227 -9 -197 33 233 -217 
TEST 151 ARG:-130 -174 -46 240 118 -62 -52 27 221 -97 -229 244 -83 -225 16 216 -175 162 215 15 -25 169 -59 -112 242 214 -38 -153 -115 -91 -51 182 -32 -28 2 47 186 -2 41 -176 148 -147 -127 107 3 -19 7 -137 -230 226 154 -57 -8 100 66 105 52 208 -179 -140 -4 -53 -90 79 -44 -142 -124 157 -5 168 -197 0 85 46 -216 83 -68 70 149 -238 51 -223 78 -208 -49 -217 111 -118 122 -45 -186 177 150 -190 -69 98 55 196 -34 -201 -209 22 191 -249 12 -96 -70 -245 -14 -222 -200 24 -150 -199 171 -189 -219 210 -192 -117 -149 14 -215 -172 -132 101 -94 -213 -193 -205 -211 -74 188 203 -105 -151 40 -121 -61 -242 -180 -98 124 34 106 -188 43 -123 -77 -214 -162 166 165 54 230 61 207 103 -228 109 170 -171 -184 211 28 139 -226 -86 185 -78 77 -93 -87 161 64 68 -27 -72 130 237 39 147 96 -198 179 -126 -104 60 -67 189 134 -21 20 -141 -163 -210 -148 -71 -7 -166 -60 65 -187 116 -3 -65 -156 -248 44 45 -224 -138 35 233 245 131 81 -134 -102 -33 17 74 -99 108 86 -170 -244 -155 -145 128 -159 193 -167 18 -66 212 -235 -191 120 36 -82 -101 137 142 67 200 -17 125 49 -139 -113 37 -26 -204 32 -29 80 176 -30 180 84 248 246 59 205 -22 183 -146 140 99 204 192 -119 223 -169 23 -36 -203 88 -58 94 102 229 -157 235 -243 -88 -241 104 -133 89 -11 95 33 63 -35 209 243 -56 -158 -42 92 114 126 -109 152 -231 175 10 144 1 -154 236 -143 -110 201 31 249 75 -178 42 -9 153 219 -122 163 -206 -24 127 -48 -234 194 -31 224 -43 29 -103 -40 123 151 87 -108 -183 82 -232 6 158 -202 -135 -144 -1 57 -227 48 -181 -196 -125 -80 247 -23 -131 -128 -129 -6 53 225 135 25 -237 119 19 141 -220 213 132 -152 -76 -92 115 73 -54 143 -64 -10 -212 155 97 -41 -16 -114 241 159 156 173 133 -39 -85 231 -79 76 218 138 -177 -240 -165 -136 -13 -55 -106 -168 217 -239 160 93 232 202 121 110 -246 4 222 -164 38 26 164 228 62 -250 30 50 172 -195 146 -173 113 -89 -12 184 -221 -81 -37 -107 206 174 -160 -247 69 21 -185 -95 -207 238 -116 -218 -182 56 71 136 227 220 72 -20 -194 -161 -120 195 -63 145 178 181 239 112 13 129 -100 234 91 -111 117 -47 -73 90 -75 -50 167 198 -15 -18 190 11 197 -233 -84 -236 199 187 9 58 8 5 
TEST 152 ARG:229 -79 12 -240 4 -228 6 218 186 -27 242 -43 -13 -56 113 -48 93 112 216 -180 -155 -215 0 -82 201 153 58 -72 -130 87 -186 28 74 -107 41 118 -45 77 243 -118 244 -177 -211 27 -62 63 103 -57 -206 -52 -35 -144 -153 104 -146 55 16 177 -138 -171 85 59 246 -225 -47 82 184 221 198 -96 -141 62 -220 -218 17 -71 -104 197 155 -229 -40 98 -31 64 -179 -202 -165 -94 -235 -126 165 92 139 -152 94 -64 102 214 106 -233 13 -34 -190 239 -103 46 240 29 -132 42 121 182 220 38 -67 -234 -74 154 5 -232 228 -2 -18 -170 151 179 -173 -88 -183 -58 84 54 19 -20 127 156 138 203 -22 -68 3 -54 -210 145 -33 -70 52 -14 245 -185 -5 -112 -32 -120 249 126 233 226 71 241 -114 -248 -101 206 236 -249 -110 36 -147 210 -59 -221 105 60 51 247 -137 -87 213 -198 -105 -41 56 137 161 135 20 149 107 -121 183 -158 192 224 108 -237 -6 -84 205 -214 -111 -193 -55 15 72 32 -85 -17 -162 -159 69 -243 -86 164 -99 89 -11 -184 -46 8 -181 174 -109 -238 -116 -42 -169 -44 -63 110 -10 162 215 11 -81 140 -128 148 95 -28 147 30 -213 -113 -176 14 202 -127 -189 193 227 130 188 -191 190 31 -167 234 -208 91 39 196 -76 136 33 -75 208 -166 -3 -61 97 173 143 -212 115 86 -200 -21 -143 -175 123 -125 -95 -60 207 -66 222 -80 -119 223 90 34 -247 -131 22 43 -65 35 128 -227 -26 -151 1 -172 88 172 -134 -123 -25 50 7 -241 83 -178 -136 238 101 212 122 80 57 133 -201 -90 -245 -161 -204 -77 25 225 211 -250 47 109 -23 217 70 9 -39 170 235 125 -194 24 116 -168 48 157 -192 171 -78 -38 134 -182 -197 -115 230 -97 144 175 204 219 119 199 -195 -150 -230 -15 169 -19 -93 66 21 -156 -145 23 111 78 -133 -207 68 -135 -224 142 -69 -1 -129 -242 158 168 129 -50 -100 -149 -154 131 26 150 -187 152 141 120 45 167 -108 -117 209 -98 -37 -231 -236 176 -49 185 -157 53 -124 -29 194 132 -53 160 -89 -7 117 -73 61 -139 159 10 -8 -188 -223 237 -160 232 -196 65 -24 81 -199 124 96 -222 178 -239 180 -203 -219 -83 -12 163 79 146 -102 -51 114 -216 166 44 -209 -217 37 -148 231 -30 100 75 -142 -205 -140 -9 -244 -163 2 195 -122 200 -4 -92 49 40 181 191 -91 -174 67 248 -164 73 -36 -246 189 -16 187 18 99 -106 -226 76 
TEST 153 ARG:0 177 -124 38 -204 165 -184 -206 -142 54 -10 96 -245 -188 -163 -164 234 4 -237 -208 -23 21 -138 97 141 66 104 -169 -102 -65 -70 -57 214 -223 212 -87 197 158 111 -201 171 -131 216 -119 -88 -89 -63 -181 34 143 50 71 94 -71 116 43 -90 -225 -85 226 224 -35 6 75 137 -183 203 -248 -64 -222 -69 -219 -104 173 -82 132 126 181 117 42 205 -50 -235 49 8 -62 -73 10 -132 -197 176 27 -210 -22 169 -37 -128 -239 -220 -47 41 -33 -145 227 92 -205 211 236 69 -117 65 86 178 -18 -58 17 167 56 128 107 -140 -77 108 235 147 40 182 -45 -74 -242 142 -8 -166 -244 -230 -53 -179 241 -151 -28 61 192 -48 103 -229 -68 30 89 -81 120 -56 127 14 -78 -44 118 70 -93 -11 84 138 139 5 -99 172 161 112 -160 242 68 80 -250 109 148 249 -232 36 -115 -195 -224 -238 196 207 44 -127 122 -84 222 -110 -246 -191 59 74 -40 51 -61 32 -148 63 170 -49 185 -213 -141 73 90 183 46 83 -199 225 -212 -215 -7 -156 39 -174 190 -243 232 223 20 62 -192 100 -54 -16 -15 240 131 -233 -101 -241 193 -194 115 -159 -9 16 -17 155 -187 -137 152 168 -189 28 130 -112 -236 -136 33 -20 76 -2 -113 243 101 160 -133 229 -30 -177 -109 -180 -157 18 -200 206 -39 -19 22 -67 -106 31 -247 150 -134 238 2 -4 45 29 200 -108 195 119 -42 -227 -221 194 186 -146 -147 221 133 -24 -125 175 -118 144 125 -226 -176 85 72 199 -72 -249 -5 202 188 11 -130 -46 -25 82 -98 58 -122 26 -231 -32 87 -26 -172 -12 102 -150 154 -14 -173 208 -203 114 48 79 -196 -234 -182 13 -190 -92 -154 145 233 -107 110 228 -103 184 -114 179 -6 -79 124 1 -100 95 -216 -214 -38 198 -228 191 245 7 98 -91 -170 134 113 -94 -43 -27 -13 88 244 -66 -202 -76 91 136 149 247 -186 78 201 -158 19 -97 -29 213 -111 15 -95 -149 210 239 -211 146 -135 64 -209 -80 246 52 151 12 237 209 -175 -121 -207 35 204 47 -217 -218 -171 23 -34 -168 248 -240 -155 153 37 174 81 9 -116 187 -153 230 -3 -36 24 129 -161 -167 55 93 -52 3 121 -83 -152 105 57 60 140 189 -51 -86 77 218 99 162 -105 163 180 -165 220 106 -1 -162 -96 -41 -129 123 -120 -75 -123 -193 -60 -31 -178 67 231 157 159 -143 25 217 -55 -126 -139 164 -198 166 219 53 215 -21 -144 -185 156 -59 135 
TEST 154 ARG:-86 -165 69 -13 179 -114 -155 226 23 239 -171 244 -77 58 -103 182 17 231 108 110 41 -107 -184 -188 204 -117 -203 -187 147 -205 -177 -61 -116 -57 -54 225 -226 187 -223 -195 170 153 -133 11 -202 228 -22 215 171 -247 -139 -18 84 155 -52 202 248 32 -220 39 132 162 -60 172 21 -111 -110 -228 -105 241 -56 145 -207 168 -49 140 198 -189 -118 -19 -150 60 -26 192 -64 196 98 6 -98 -27 74 234 -3 -238 220 -84 -92 -196 -109 26 -80 -59 -48 242 63 -82 -214 -34 205 -221 48 -126 -37 133 208 121 -62 -10 -172 146 232 -112 -70 -44 135 166 -90 36 -53 97 -157 -121 78 -240 -250 177 -79 -31 190 -115 -23 -120 181 118 165 -245 -201 218 -174 -191 -217 -76 123 -43 -33 68 214 130 114 -193 -15 -173 128 70 55 176 -123 38 237 -169 152 81 -16 -233 -88 161 144 -1 -83 -124 -170 207 216 -38 90 -135 -11 143 -106 -225 206 -159 236 -194 -229 107 -67 -241 -6 -78 209 -2 249 230 93 213 42 -232 8 -149 185 186 51 -224 100 137 92 85 129 122 -20 62 46 127 -179 -218 16 9 -231 45 -237 -148 -30 -162 -55 156 -160 -72 -181 -145 -239 89 64 -24 212 25 61 -156 -28 14 -73 -215 -153 -197 -200 3 -158 -234 -7 -96 -68 1 -161 -236 53 167 35 -35 -144 -130 34 227 -152 82 151 -58 -222 27 -199 -122 86 -209 7 -125 119 -138 59 -113 52 -29 -93 -142 -141 -230 203 229 113 -81 -219 -12 -132 -248 173 112 37 -140 101 154 -46 -71 -94 88 136 -100 -246 -74 -95 -146 12 -97 139 219 -69 -186 235 73 2 124 -192 158 -14 -47 95 43 -127 -176 148 102 224 24 -134 149 243 -108 141 96 57 20 -167 164 -87 67 -128 105 80 -216 210 -36 -4 194 -147 33 188 -185 223 -66 -91 22 -39 125 217 117 -178 -9 -168 134 246 -235 201 -119 -99 -198 4 -42 -213 75 -17 180 30 -40 -190 -249 79 184 -206 238 -163 175 178 -210 94 103 189 -101 5 -244 240 131 211 142 150 10 247 76 116 19 221 -143 -131 -21 -180 -85 72 -211 -129 109 91 44 -51 49 -204 233 13 65 77 15 -63 -183 83 -137 120 47 222 -89 174 -212 54 169 -175 71 126 -25 29 -242 -136 -32 111 87 40 56 159 31 -154 200 -5 -41 245 -65 199 -164 157 -151 18 -45 -104 -75 163 28 191 138 99 -8 193 -50 66 160 -102 197 50 -243 183 -166 -182 -208 104 195 106 115 -227 0 
TEST 155 ARG:183 -147 13 -2 127 226 -114 5 -179 -118 107 204 -163 -124 210 -58 -234 -93 154 -242 -3 68 23 84 -159 188 -57 131 -231 48 184 -74 -36 -103 -78 14 239 -6 43 -164 166 -104 -25 -52 -32 230 92 75 10 88 -129 -134 -141 201 -243 -17 -185 187 112 -171 186 69 -110 193 -205 27 116 56 151 -98 -176 66 -150 -135 202 169 86 143 -245 167 190 179 -35 -227 -48 158 -181 97 100 44 30 35 -138 62 244 -240 206 -168 -27 -142 -126 123 -22 -182 85 -18 -235 90 -61 -65 248 198 -9 -77 117 -7 -42 178 137 152 170 218 -85 -211 249 26 24 2 9 42 -158 -193 -67 157 130 16 180 83 215 -246 -229 197 94 95 231 177 39 67 -212 7 -192 -4 18 45 174 212 208 49 119 -84 -137 -30 -125 -8 -111 247 -132 -183 -146 -237 115 77 -199 59 -45 -105 -207 52 171 134 -180 -250 150 128 156 -174 185 233 161 -210 139 -120 196 126 222 -152 -54 65 -49 -206 176 -198 -224 22 -144 109 -191 214 -53 -139 163 89 -81 220 -122 -189 -116 110 -230 168 103 -37 -80 132 -166 -56 -31 -218 -87 29 -226 -201 140 81 245 20 -62 3 216 -130 -187 138 -75 -228 207 -47 181 93 213 246 133 82 -70 -165 -82 141 -220 -223 194 241 118 99 -196 60 73 -131 234 72 -1 55 -69 -19 -195 -238 182 -99 -68 -33 70 -186 229 106 237 -209 -86 6 -40 162 223 175 135 4 -239 -148 -170 -202 -66 -213 -123 -13 -96 -145 -20 -208 -161 232 217 31 -28 -76 -102 -63 -155 -90 235 219 -127 32 -156 -225 -92 147 54 114 240 -188 209 -153 -108 36 -14 -244 -151 37 102 111 -194 -175 -51 -79 -204 192 173 -154 -157 124 -247 40 -167 203 -117 -221 228 -197 146 144 -24 25 34 87 -162 136 129 -91 -219 47 78 101 -119 28 227 125 -97 -249 225 243 -72 -149 51 -236 -38 -11 236 -5 -232 -214 -21 -95 -46 -184 -203 -216 50 -64 91 -41 211 61 58 -217 -112 -59 -109 64 46 -241 -73 -101 -10 108 200 242 -43 96 -113 153 -136 80 142 -106 33 -133 165 -23 -16 57 238 199 -143 21 98 -44 1 145 -121 -107 -177 160 -15 189 -83 41 -233 15 -39 121 -26 38 -29 -128 149 -89 -190 221 71 -50 195 8 -173 -248 12 0 164 63 148 -140 -169 113 -60 -115 -34 -172 105 172 53 17 155 -215 74 -160 -178 -222 -12 120 -100 -55 104 205 76 19 122 -94 159 79 -200 -71 191 224 -88 11 
TEST 156 ARG:16 -236 110 -111 -148 -126 -214 -135 -56 9 -34 154 -7 -61 -212 -170 -167 151 77 104 -210 -195 73 -189 -35 48 78 -88 150 -6 35 -144 160 139 159 -37 129 15 87 -240 20 -124 111 -14 108 -21 -153 226 144 132 25 -146 175 115 248 -97 -84 229 -17 -96 184 -140 58 -82 -197 84 209 -4 233 -53 120 -74 -203 -213 -134 177 -228 221 -207 -220 37 -33 193 224 -108 -164 2 199 -184 121 -48 214 32 -129 52 216 74 68 147 130 92 118 -161 -180 -106 142 -178 -18 -75 -19 -51 27 -241 8 -29 240 -41 -1 162 174 -200 54 70 -36 223 -187 50 51 -123 236 -120 171 102 42 249 -221 -40 -45 -73 241 146 -93 -177 -62 215 47 -92 -247 168 83 -57 212 -204 -138 -59 243 -188 197 -23 -54 -104 -196 76 127 -107 112 -101 213 -150 -47 235 -94 -201 -218 135 -15 -112 14 219 153 137 -30 -99 -163 -235 101 -102 -24 -90 -27 181 79 10 234 97 165 247 -98 -199 -222 91 -242 -2 220 -60 -159 196 -231 -142 205 66 17 242 195 -169 -151 -132 187 36 23 -79 57 -137 -198 -157 -116 -127 183 -190 -171 201 45 -8 67 -166 -80 -130 -87 -223 125 -131 -227 -162 12 63 114 141 55 -239 107 -52 227 4 98 131 -141 44 -49 246 62 21 13 -224 61 158 210 -147 -156 -181 34 -174 203 126 -202 5 -165 -233 173 -64 161 231 105 -105 -215 -67 -219 -103 -246 222 -9 124 -109 106 136 -208 166 -133 -117 182 -182 72 -86 -28 -244 -95 -172 133 152 -66 75 190 -152 -249 116 155 -179 230 86 -234 -175 191 -193 109 208 170 -110 -250 -205 -69 -176 -12 -100 -119 -55 194 -71 -72 -85 49 71 0 65 179 31 206 143 33 41 89 22 -216 -20 -145 3 81 232 -16 -122 -136 -229 82 -115 123 244 -139 -76 7 192 157 178 117 96 -211 -209 -3 -26 180 -43 237 211 -160 30 -65 60 -44 40 -118 46 228 99 -121 148 -78 119 -191 138 53 -217 90 88 245 202 128 -194 -77 188 -226 -192 -225 -39 -113 -46 93 204 -5 -154 -81 -125 -245 172 -22 39 80 145 -50 -158 122 -32 -11 11 -186 43 207 225 64 -13 -63 149 176 6 163 85 -68 59 -38 -143 -89 198 28 95 -206 -83 -149 200 169 -168 -248 -238 38 -230 69 156 238 26 -114 -232 -155 140 -185 239 217 94 18 1 -58 186 -42 19 134 -31 -25 -128 -10 -91 167 164 -243 -237 -183 24 189 -70 29 100 185 113 56 -173 103 218 
TEST 157 ARG:-21 -198 218 105 110 190 127 63 -223 227 -2 -7 -76 178 -192 -42 169 38 -190 202 -16 -179 19 -129 73 212 -77 -70 -1 -147 -33 166 109 -231 -145 -5 -25 -224 133 -104 -80 160 200 35 116 39 205 -236 25 248 34 246 155 181 -158 -24 67 -94 -64 56 139 197 219 -237 206 -87 -164 46 79 -238 -58 121 148 -160 3 195 87 225 -14 -72 83 -230 -228 171 18 191 156 228 -75 -245 123 2 164 226 53 -81 215 -211 214 199 -45 -120 49 -68 -186 -17 -183 140 154 13 -57 -37 8 -187 -32 186 153 55 -167 -82 1 -142 -188 -119 -30 151 -202 142 -240 21 -148 64 -126 -250 -144 -36 -248 -84 -113 -213 -102 239 106 68 70 -44 172 57 -243 221 72 98 -212 -95 -140 -194 43 -168 146 138 -69 -96 -234 -106 -193 -12 -71 -138 -27 220 147 131 -15 189 40 -22 -132 80 91 27 -107 232 222 90 89 210 -241 -214 -116 -177 124 230 113 -56 192 161 62 -172 16 -131 92 -121 224 176 50 -103 -62 184 118 104 99 29 -66 179 -205 -78 201 76 -133 -110 -246 -170 11 -92 117 -196 -233 -235 -91 -222 -156 -226 -180 170 168 194 173 71 -108 111 136 85 86 37 95 237 -55 -136 -174 -105 128 -60 -163 -218 -141 -155 78 42 130 48 52 -40 -9 74 -221 -79 14 15 -29 211 -135 -99 125 -247 -59 244 61 223 44 -182 175 243 -115 -152 -227 -137 185 -162 -93 -61 216 82 204 -229 -63 -225 -34 9 93 247 -74 97 229 -181 240 0 -161 30 -41 187 -10 -13 -219 96 -86 -52 -48 81 242 -65 -175 145 177 -200 -139 -207 -4 47 -189 -150 163 22 -49 101 -112 165 84 -249 -199 24 23 88 -114 -206 112 -157 -197 6 157 65 54 -216 -143 -215 167 203 -125 241 -123 198 188 -73 94 -124 235 -53 -130 -117 107 217 -100 -90 132 33 26 4 234 -217 -173 135 -51 150 -47 -171 -67 -46 137 -195 -165 -242 -169 183 -89 -244 209 59 77 193 158 -54 -204 180 -159 -149 -185 69 -26 -118 -101 231 -38 45 129 58 17 20 103 -28 5 -146 115 -35 -122 114 182 31 75 -11 -209 249 32 -203 162 -208 -178 100 -3 -153 -23 144 -239 -50 -18 196 -31 -83 120 152 -6 119 7 126 -154 51 174 -111 66 -88 238 -176 -109 207 108 134 159 213 -220 -20 -232 -166 -8 60 143 28 -19 -191 -97 -85 149 -151 -43 122 41 245 236 -201 -39 233 208 -134 -98 10 12 36 -128 -127 -210 102 -184 141 
TEST 158 ARG:-63 -57 -184 -31 98 -1 -130 162 -206 189 -173 -177 43 164 -92 165 40 -180 32 -148 -24 230 54 206 -115 -19 214 38 -23 -33 146 199 -162 -233 244 -214 -176 -224 42 185 -84 -133 97 -137 -144 -101 -171 -145 -201 66 -167 105 -245 -11 208 30 220 -42 225 1 123 -250 -197 57 -73 -183 129 85 -138 -69 -231 222 -36 221 188 147 116 86 -80 -190 -221 207 -35 88 -94 -194 -217 212 35 73 -128 -43 -210 12 -40 186 -62 149 -188 135 -17 -149 237 65 -154 213 76 -158 81 104 27 197 -153 -126 16 109 159 -28 -234 128 -95 113 -32 11 112 -239 179 68 0 -44 48 148 -86 211 -241 17 218 247 -100 6 -249 -26 -75 -9 -110 -113 152 249 -66 64 192 -135 -2 -129 -240 -155 89 -215 -118 -150 172 47 -106 41 5 139 130 -99 177 -152 -90 -124 163 228 -8 -139 -218 202 -39 190 -170 142 -132 101 240 -205 69 187 -208 26 -59 51 55 241 -238 -102 -213 140 -22 -169 -88 -203 -187 -226 39 72 36 -243 49 -207 37 -157 -10 -143 -112 132 108 138 -127 -14 203 156 -191 122 -12 24 -166 193 -65 -41 141 -199 -164 -55 -175 -89 -165 102 -6 117 150 -174 -56 118 -34 -160 198 -131 -186 248 -136 245 -71 -236 -202 21 234 -114 -181 -116 -98 -105 -193 -83 -78 28 -79 236 -77 -93 -200 -67 -45 67 111 -196 7 -64 -216 -134 -232 -53 -61 239 18 215 92 160 155 174 204 -237 -13 31 224 -15 -230 -229 -54 77 20 144 195 2 -96 154 -108 217 -3 -16 100 -38 127 93 63 -109 -146 -5 -189 131 145 107 -172 238 219 15 44 -123 23 114 201 210 -20 182 -228 -179 -220 -48 71 242 94 53 143 184 -192 -198 -37 -18 -178 -47 171 125 -68 60 115 110 209 -248 227 176 246 166 233 -27 106 181 10 -70 231 -52 -30 45 232 4 -247 70 103 235 -122 22 -58 -204 13 -25 46 -97 29 126 -49 178 -219 74 -223 -195 158 119 -119 194 -147 134 196 -156 33 157 -246 -60 226 243 -117 56 -72 -121 -76 205 121 3 136 84 19 -107 95 -91 180 -161 -7 -235 -46 -87 -81 -159 -212 52 167 9 -209 161 -51 -125 83 229 14 -163 34 133 -21 82 -141 120 91 124 151 99 223 -242 -104 137 -244 -151 -4 -74 -111 50 75 58 191 -50 -225 -227 -222 -120 -82 175 200 8 62 25 59 61 173 -211 -85 -185 -103 80 87 170 169 -29 -168 79 -142 153 216 -182 -140 183 168 96 78 90 
TEST 159 ARG:166 -130 -44 163 -145 -91 -100 74 -40 227 223 -171 13 231 -177 199 -80 90 -170 194 -23 24 82 -221 -229 92 -197 -1 -16 5 34 234 25 153 -15 -64 46 236 165 78 68 240 7 -179 -212 36 103 -224 190 -234 -211 -160 131 154 -194 87 -67 -126 177 108 203 215 41 -249 -240 -230 151 60 -169 -175 -93 -122 222 -108 -90 55 -208 147 -52 170 142 -115 -77 -70 -53 -186 33 -94 130 99 143 -56 -109 -74 -137 112 83 96 141 136 201 -193 -119 -71 -244 107 20 -187 244 -26 98 -97 -134 -63 -11 -92 242 192 243 -48 100 -112 120 -157 248 -176 102 -127 4 -247 -203 173 -133 -72 -68 230 61 175 71 -216 -55 -183 -111 2 -155 145 50 -124 -200 -195 62 59 213 116 -242 -38 -22 -66 -17 -206 109 233 -172 3 -188 -226 -120 32 -162 219 66 218 0 75 -82 -174 140 77 -51 172 -107 186 80 117 -76 -205 -25 -213 -87 152 -250 -163 -210 -47 132 93 206 -218 182 -5 181 162 17 57 21 -132 -146 23 202 228 -33 11 37 -58 69 -98 26 -149 52 10 -161 -85 -96 -142 160 -232 -57 -180 139 -14 114 -150 -219 193 -245 -202 -7 -168 -9 113 -222 118 27 245 -125 84 -21 225 -24 161 -2 -4 -19 196 -10 187 49 -239 -131 -34 -50 184 -103 12 -190 -135 -101 129 -140 -143 -159 42 -191 155 -220 -46 135 -65 -154 235 134 110 51 -196 -60 216 -75 241 -201 -39 85 237 97 238 -61 169 -13 -236 224 30 -113 -116 -45 -41 188 28 144 -139 -79 -123 16 180 -173 -184 -227 54 -27 119 73 -192 138 211 56 -148 247 -62 19 79 -217 207 -199 70 -158 53 14 146 -182 164 197 44 -138 -228 -136 -114 45 121 133 204 40 -30 150 -102 124 -35 38 -88 111 -246 -8 15 -89 35 -185 88 -147 -83 -248 22 -165 -233 -6 -42 18 126 76 48 -241 6 -181 -81 43 -36 -110 -237 174 209 179 157 128 195 137 -84 -156 171 -31 -73 -78 149 -198 58 159 -117 168 67 217 -209 -141 95 64 9 -223 -69 91 148 178 89 -54 72 65 -20 -235 94 81 210 -99 198 -207 -43 -104 176 63 239 -151 -105 -18 -164 232 183 125 -129 -32 104 -178 189 31 -167 -225 115 -189 86 123 8 -238 246 221 1 105 101 -214 -49 -28 -95 29 249 226 39 -37 185 -153 156 -215 -118 -152 122 -59 127 200 191 47 -166 -144 -204 -121 -106 -3 214 106 158 212 -86 -29 -128 208 -243 -12 229 205 -231 167 220 
TEST 160 ARG:135 4 15 -186 -239 65 10 243 38 -44 -74 245 39 -61 180 106 -106 148 238 248 -55 159 166 177 -40 121 195 -245 -161 -15 -5 61 161 -201 -132 198 64 70 -224 138 118 36 -160 -155 244 129 -67 -59 34 -213 29 68 133 140 88 -162 -57 37 167 -149 142 -87 -205 209 108 246 -219 170 102 -80 -120 115 -35 184 -195 73 79 -233 -134 18 46 107 -169 208 124 226 -29 2 -165 57 240 -204 186 -168 -39 -244 22 -164 123 -240 -13 27 155 242 -75 -125 -189 91 189 -231 -114 -100 26 47 -115 -8 -45 -78 -227 -206 25 -117 192 -63 225 -133 -218 -18 -175 -30 -200 210 -36 193 -1 53 -193 -208 228 122 -136 157 232 -207 -234 -235 229 -58 -65 162 130 56 85 113 -196 23 -92 87 -192 -123 145 43 190 30 -23 -73 -53 219 32 -215 -248 234 171 12 78 -24 40 94 -60 227 -171 -237 -176 211 1 -194 49 221 -113 -21 -190 120 -25 139 104 154 99 -148 -32 -66 -172 249 17 13 -111 -77 220 -202 160 -86 -131 147 -222 -2 -9 -217 14 62 203 188 -225 19 80 200 110 -4 -170 -199 -7 9 152 -84 -180 -188 -137 143 -82 -154 -243 247 -126 77 16 7 -3 -85 -183 69 -47 20 35 -181 -51 -191 183 -49 -210 66 125 -76 -153 -116 -93 -27 201 -101 174 8 -99 235 -163 -70 -226 -68 90 84 28 -31 217 -41 224 52 -26 -124 100 222 -6 -144 116 58 -174 -56 -105 -43 -177 -72 82 153 -107 134 -146 92 95 137 187 -64 31 206 -150 -247 -209 89 179 44 -83 -11 199 50 -139 -185 126 -236 172 5 -119 -143 103 -197 97 -62 215 119 -211 178 96 -71 185 -110 196 -95 128 -182 -20 194 -166 -127 239 -187 -69 141 158 -88 -140 163 149 214 63 21 236 237 -10 86 -102 75 45 182 -46 42 -94 233 241 -179 176 33 -157 -214 -96 -167 207 60 -220 11 -141 212 -98 -121 -19 -33 -42 156 -221 144 54 -52 -241 202 117 -178 168 173 -250 169 -246 3 146 114 -91 -17 -238 127 -122 98 -145 -232 -230 -184 -22 81 213 111 -223 150 -12 55 151 197 -158 -16 -90 205 132 109 6 -89 136 -159 -142 230 -79 131 41 -34 -28 -156 -249 -151 59 93 112 218 105 51 175 -104 24 231 0 -216 -198 -54 -38 67 71 -147 -97 223 -81 -48 191 -229 -130 204 -152 -129 48 164 83 -37 -212 -228 76 165 -173 -135 74 -14 72 -109 -112 101 -50 -203 -128 -103 -118 181 -242 216 -108 -138 
TEST 161 ARG:169 208 -107 71 -215 -187 184 138 177 -58 -14 2 70 -203 248 107 -51 -249 33 -233 -223 -82 174 -122 -79 48 -240 226 -126 106 108 -6 116 -228 -123 32 222 194 -52 17 89 237 185 -196 -141 -5 -17 73 -162 28 83 15 59 47 199 148 -138 87 19 16 76 -150 147 -121 72 235 -220 -89 31 -210 224 227 234 152 117 188 -168 -38 -133 178 -176 216 240 221 -140 -7 180 166 -1 135 58 82 244 -61 -43 122 -114 -40 -188 -236 239 22 167 -33 223 124 -88 97 38 -216 13 104 -106 -11 -149 139 220 228 -247 191 -74 -76 121 -160 -59 -179 84 127 161 -105 -192 196 -81 154 -229 -145 171 -189 -42 -73 249 -131 123 -135 95 217 182 163 1 -115 162 -186 -90 -78 -25 -170 74 114 212 -211 24 -46 14 -86 158 -67 -95 -120 -77 100 -41 -13 27 18 105 -18 134 -24 79 -156 -213 5 170 -113 -169 -232 56 -180 144 7 52 -69 45 193 86 -201 -111 -159 -174 -75 -222 -177 213 -194 -230 -29 43 159 187 -62 -224 131 125 118 -44 -153 207 -241 93 -164 -49 236 -144 -104 55 20 -101 -209 -3 -158 109 81 -47 -2 229 -183 54 -173 -103 190 12 4 140 41 141 -55 35 164 64 128 -65 -243 -185 46 -27 -91 172 242 -202 181 68 230 -225 -68 -15 -200 -71 151 -28 112 90 -112 -151 -97 -32 -87 -128 25 203 -238 246 29 -57 -93 -4 -94 -172 -134 126 -197 98 192 210 49 -108 9 -31 173 21 -35 -98 78 -250 165 -226 -167 160 136 -242 -234 232 113 3 -53 115 -63 -182 26 215 245 -12 6 37 132 189 -239 211 157 247 149 129 42 102 -136 50 156 63 34 -146 61 -199 -184 -191 -218 -85 -155 -22 145 146 168 155 -137 -39 186 -64 -195 241 143 51 -166 69 -116 -235 -23 -92 39 200 -221 -152 142 -48 88 214 -36 -70 -244 -110 60 -83 150 8 -132 -206 -127 91 85 133 -163 -100 53 179 -34 -37 176 206 198 11 -124 137 204 36 77 10 -8 -50 -21 30 65 -147 -9 -30 -198 -248 99 -130 130 92 80 -45 -161 0 -193 101 -139 75 -231 -119 -154 -56 -190 209 -219 103 -175 62 -96 -99 201 -207 205 -129 94 238 57 67 -142 183 23 -19 -245 153 243 -227 -181 195 -117 44 120 40 202 96 175 66 -102 -80 -171 -208 -148 231 -66 219 -204 233 -54 -118 -26 -72 -205 -217 218 -143 111 -212 119 -178 -20 -60 -84 -165 -157 -125 -214 -10 197 -16 -237 -109 225 -246 110 
TEST 162 ARG:117 15 -56 103 -172 -106 60 -123 226 -205 50 249 134 209 -5 203 -4 159 -22 -52 109 -11 104 -155 126 40 -53 -166 -43 84 195 29 133 20 -103 -87 -49 -201 58 -235 -20 201 -48 234 -125 235 94 -67 6 -74 107 -237 -168 -203 -242 -189 145 -119 -236 225 -25 -79 -163 197 -61 -213 214 188 -199 -240 47 -164 -35 -226 182 238 -204 248 101 0 -21 -190 -177 -229 146 137 174 168 110 242 53 196 -132 -75 130 -66 -191 97 222 -102 -59 -182 -76 247 149 14 -233 -60 4 231 46 78 -216 -188 -250 -122 -34 -225 17 -169 68 240 -152 223 -238 -120 -136 57 21 -186 -135 140 170 -161 219 19 -110 -64 -215 -9 -68 158 73 141 178 191 59 -214 -107 69 -40 16 -101 152 -131 -28 -78 207 67 246 185 -105 164 205 12 -127 -86 -232 18 24 236 200 129 -134 -218 198 -150 62 -65 -206 -248 111 -128 -244 -111 220 54 56 35 -16 -90 -85 -77 -84 31 -157 -29 154 125 -2 93 -63 9 232 153 -14 128 171 86 123 -195 -219 74 233 -18 -227 -42 -32 -162 108 76 -142 -154 -156 3 89 144 1 115 -89 83 -239 166 -38 -46 -230 5 -187 184 -24 199 39 175 30 -23 8 -108 82 -212 23 -114 -158 -72 -220 13 241 -113 64 28 11 -69 38 -160 -10 -41 -221 180 -116 -100 -183 135 -184 42 -210 -149 100 -112 -129 85 -159 43 -70 -30 88 98 -33 161 114 112 227 162 -93 96 122 -245 -180 139 218 10 26 -80 -91 65 7 192 71 157 -207 151 204 -143 -95 -97 27 -141 80 173 -104 186 189 -175 -6 102 -88 169 61 136 -243 -121 -197 -27 -96 -171 229 138 -153 127 -55 -118 -151 212 -170 228 -178 55 91 167 37 194 72 -211 105 215 -234 210 208 160 183 -83 181 -133 224 -7 -146 -148 -241 118 -92 -81 230 211 -115 75 119 -8 -44 -58 63 217 -194 116 147 -174 70 -247 172 -147 -73 90 244 34 -124 142 -246 143 -138 221 -54 -45 -217 32 44 -71 -208 52 -1 121 -167 -209 -193 99 -12 -62 2 -17 -179 41 66 131 163 -37 48 132 -57 -117 -39 -185 -139 -50 237 176 -198 -19 -165 202 148 -223 -13 -51 -192 193 165 245 -202 -3 150 187 206 -176 87 -137 -47 -144 92 81 22 120 -181 -249 -31 -231 -200 124 -109 -15 243 79 -228 25 77 -98 239 36 -99 113 33 190 -26 -222 -94 156 216 51 -145 -224 45 -130 155 -36 179 -140 -173 -82 -126 -196 177 213 106 95 49 
TEST 163 ARG:241 -211 -128 243 -215 -144 248 -136 -69 128 -236 -67 -66 223 -110 140 -39 -160 -32 25 145 -52 -150 21 97 -88 94 28 -202 86 -174 -229 108 -170 -49 -129 13 -75 -108 -194 111 -214 -78 -133 -138 -145 -74 27 36 220 71 207 98 -221 24 76 -6 -184 -216 141 -185 147 72 -186 180 178 73 229 34 -218 198 -235 -205 -231 17 -46 -158 -101 202 59 -48 -16 64 -130 -146 69 -243 206 -79 7 -94 -233 61 79 -83 101 85 -169 -103 169 158 -68 -15 100 83 107 164 228 190 -21 -98 51 -207 57 -72 9 -209 189 50 -115 -25 -198 150 -212 -8 47 175 67 -116 212 -62 117 -173 110 82 129 -147 -181 195 -96 -33 239 118 81 -95 89 163 -203 231 0 -137 22 -12 33 18 170 -59 119 87 -244 -206 134 -82 -43 -63 43 -14 114 -220 -177 144 102 233 157 -232 238 203 -76 183 160 -250 65 168 213 -28 105 44 194 191 197 -60 26 225 240 -107 -248 173 -162 -239 49 -226 46 -127 -183 88 -242 -152 2 166 -171 177 -37 -26 -2 -210 -237 124 149 -151 235 -87 113 84 -188 193 -141 -20 80 11 66 -161 56 -166 -157 226 -192 152 130 -111 159 -7 200 -19 96 -70 210 172 -164 -196 -153 6 -140 -13 8 201 186 -106 -31 -120 42 99 -178 -80 -228 192 176 -35 -227 -102 74 106 -11 -122 155 -81 -17 -27 -73 116 -42 62 53 -53 161 -56 -58 104 188 -1 208 -55 -121 -97 -199 151 -172 -222 -112 -45 -223 -165 187 -200 -148 -143 -118 230 199 -61 174 136 196 15 -249 215 -234 -139 -22 185 70 75 -3 -135 -126 -23 -123 30 182 77 -245 224 214 37 -125 -40 -247 -193 48 133 14 5 125 -117 -114 23 -86 -92 205 184 -230 92 -34 40 120 -41 247 -10 -54 123 41 12 -180 232 132 216 236 -85 153 -238 -30 19 29 165 -44 63 91 -84 78 135 -159 148 -149 -91 -175 90 -50 -132 234 217 -77 -217 -99 58 -142 -168 -201 10 -241 35 -100 45 219 139 -219 54 -204 -93 31 179 -113 167 143 245 242 109 52 -240 60 222 -187 142 -155 -197 -105 237 211 -154 138 55 -182 3 -131 93 246 -191 -47 -213 126 -134 -65 68 -57 122 146 -163 95 -179 -4 -195 -109 32 121 -176 -224 16 39 249 -90 -24 103 137 -189 -89 -71 -38 162 127 209 112 131 -119 181 -246 244 156 -51 20 1 204 -124 -9 115 227 -64 -18 -208 221 -104 -5 -190 -36 218 154 171 -225 4 38 -167 -29 -156 
TEST 164 ARG:-166 -59 145 -143 99 46 18 152 28 110 -46 194 -136 -57 179 -158 185 -250 10 -92 191 -152 34 150 203 -101 111 136 166 -20 68 97 39 64 -102 247 123 230 63 142 161 92 199 47 162 234 218 -177 106 181 95 -108 197 -67 -185 -198 172 143 20 117 -159 -209 -133 -89 67 -71 -28 45 -196 -180 -48 48 -153 155 -249 55 13 227 -192 7 -100 -126 -81 -64 -224 193 62 226 202 74 -140 -51 -191 -206 -23 180 -91 -74 176 112 -161 109 -62 54 -34 -97 158 168 -1 243 -61 -85 -70 -131 36 -47 -165 -164 -174 44 -21 114 85 -135 -237 -169 2 -155 -207 196 -69 238 207 66 -90 -202 -31 -220 -116 98 -9 204 -114 -240 -181 134 -244 240 169 -128 -204 -173 132 -79 -215 -190 125 9 -138 -50 73 -170 -75 -13 153 -30 130 -247 -141 -8 -88 32 -43 -45 -40 -55 -129 225 211 -107 25 173 165 -26 164 -200 84 42 107 122 -134 -127 -160 177 239 -179 38 -7 248 147 93 221 200 78 127 -44 100 -5 128 -189 -54 11 246 101 189 214 0 -106 102 -19 -183 -10 120 -96 57 -24 -14 237 29 51 -246 71 -219 -142 -4 249 224 19 -201 -130 -233 -146 -83 -205 -29 -110 -73 -243 -218 17 -187 220 146 133 8 40 -193 -234 105 96 116 -27 -38 157 -16 -163 183 5 61 210 -203 76 209 -60 223 -248 212 -245 27 41 -82 -194 -32 171 -199 -175 -188 -35 149 206 -122 -39 -235 -125 -227 184 -212 228 31 245 -112 -36 -144 229 -41 -149 113 83 242 -118 231 -42 -66 -150 43 -228 65 -93 -22 -124 69 -229 -103 -98 -17 60 170 6 233 79 4 190 -184 16 -151 -37 -145 -132 -162 -210 141 154 201 208 -25 77 -213 103 -217 -58 86 -176 -80 -211 12 -208 -99 175 -147 -94 104 -120 -33 -52 -172 -182 -195 91 -231 195 -18 59 22 115 -123 187 178 -115 163 70 -171 167 244 151 33 139 -86 236 14 -15 49 -53 15 121 215 213 -232 -65 -49 -167 90 3 235 -12 138 156 72 -111 -223 -78 -56 -2 -63 159 219 -104 -113 23 50 -76 241 -68 94 -87 30 35 -186 -84 119 -221 -109 131 -156 -119 58 174 87 188 192 -222 -95 -137 216 -168 -117 126 -178 -154 -77 198 52 217 124 21 129 -242 -239 88 81 160 26 182 56 -230 -3 -197 80 108 118 -157 186 -241 -226 -148 -105 -238 222 -139 75 -214 144 53 -216 137 -225 -11 -72 37 205 232 148 -6 -236 24 1 135 82 140 -121 89 
TEST 165 ARG:46 52 -58 -214 28 -241 93 -38 125 170 -116 194 -197 -151 71 222 128 -188 224 -90 -13 41 153 32 106 227 -190 -117 216 -226 -30 -140 -27 129 -84 215 20 220 -108 -248 -97 -120 26 14 144 162 81 179 169 -33 -153 181 15 -207 -130 239 48 235 164 -2 -181 35 70 -73 120 126 201 57 49 185 95 133 77 -152 197 -37 -238 65 -47 -144 -157 -42 -194 -141 132 63 -156 -250 -28 24 -11 145 -173 -95 -51 -189 -126 -102 -89 -122 -200 54 -196 91 234 -222 -186 178 69 122 -202 -150 -59 137 74 97 240 -16 96 -166 -228 -217 -14 -138 10 6 17 212 -88 -118 -34 101 -74 -45 213 -44 -163 -132 -182 -87 -187 -109 27 55 193 44 18 -72 0 232 -174 -209 -134 -192 242 -18 166 -180 99 -129 59 -215 -61 -240 -133 -147 102 157 154 180 80 -235 148 -69 8 -79 -39 236 188 139 -135 221 58 16 158 -127 -239 -245 -4 92 -168 118 -232 -43 110 104 79 156 -224 168 198 -46 88 -100 -23 228 -65 -40 152 78 94 -96 -1 47 214 -35 109 149 30 -236 -49 155 115 -203 38 76 121 247 205 21 -92 189 111 246 211 -103 -52 163 -218 -179 -119 -177 203 -82 -205 243 -64 60 238 -123 -77 141 116 182 -148 61 29 -6 229 -85 114 53 -243 183 127 -172 165 123 130 -55 187 -8 119 -246 249 -185 107 -184 -212 -113 208 191 68 -93 147 160 -105 175 -68 89 -114 202 -227 19 1 -104 -158 12 -193 -115 -67 -183 4 -146 204 -94 -176 143 -143 -56 217 108 -201 117 22 -112 98 -211 31 -178 142 -149 -29 167 -191 135 -98 -57 45 -165 -60 -99 174 177 9 -101 209 -244 206 -91 83 231 -155 -5 -25 161 196 25 -223 73 186 -53 -167 72 -145 -81 225 11 151 -54 -3 62 3 82 85 150 -111 -154 -195 -124 159 -247 2 -17 -19 244 -216 -36 -63 56 -66 -137 136 -62 230 218 66 42 13 -206 241 -110 -142 -242 113 -160 100 -161 124 -208 39 233 -128 -15 -220 -26 -106 -171 33 237 84 23 -31 -210 -230 184 210 131 173 -24 140 -199 -75 -21 37 -234 87 -213 146 51 -231 -139 -32 200 112 -249 -9 -86 34 176 67 207 134 40 103 172 -83 -162 -159 245 -225 -219 -121 -22 199 -12 64 -50 50 -76 190 138 -164 -198 -107 -78 75 -204 226 -169 192 248 171 36 219 -233 -70 7 -131 195 43 105 -170 -229 -10 86 -48 -41 -125 90 -175 -237 -136 -221 -7 -71 -80 5 223 -20 
TEST 166 ARG:-54 67 72 55 -18 -110 0 36 109 -79 -10 240 39 163 97 160 -180 -124 195 -205 -55 221 -123 -170 57 -200 -137 48 188 178 -165 -53 -238 176 -227 -134 -108 194 -132 230 -160 -138 186 65 -84 82 60 149 166 28 197 239 -94 -12 -140 62 -37 139 66 -218 -208 169 53 184 -45 50 33 -126 202 -90 76 -16 126 -81 -51 41 244 -111 -188 106 -8 -131 47 -167 -23 -72 64 -168 59 32 83 81 159 130 -9 -29 -193 -89 238 -33 -20 248 -52 -232 -86 208 -101 -14 -215 44 92 13 -122 207 -30 216 101 229 -243 152 170 154 61 -88 185 -92 -6 198 146 84 -217 94 -149 -99 75 235 -13 -135 237 246 68 -166 -162 119 -183 -155 161 -2 -31 -57 -225 213 91 182 107 -46 78 -58 52 -151 -142 -85 -224 -17 -145 -133 -102 -113 3 168 -148 -158 -229 8 231 100 -214 86 -228 80 -240 15 -47 -159 155 -248 56 -203 -128 -153 158 -186 193 9 164 -144 63 211 -25 -130 -42 -48 121 -169 22 201 4 -41 177 122 -39 38 236 89 165 40 -4 123 79 -199 203 117 -216 -175 179 124 -219 -184 249 -62 -115 223 215 -44 173 -69 -98 196 -120 242 20 -246 -56 74 175 -7 189 21 45 -35 -190 -19 17 129 -230 -70 105 -212 102 29 -222 247 200 -211 12 25 -80 -187 26 228 -95 -174 -204 87 -91 14 153 -233 222 71 172 148 -43 16 -22 -181 -118 85 -177 -38 -60 -24 226 220 -1 -178 -242 93 -87 -36 218 191 233 10 6 46 103 -250 70 -206 -28 98 162 147 -172 -173 -96 110 -15 187 34 171 -237 -27 243 167 -97 -83 49 96 113 104 -244 133 -235 -179 142 23 -103 234 115 -143 90 -63 -65 -147 -209 -146 -68 -191 -93 181 19 35 127 141 183 157 51 -127 -114 111 190 -49 -109 108 135 -5 199 -32 -67 137 -156 -121 -105 37 7 1 205 217 30 225 2 -64 -71 138 -192 143 58 136 -11 -239 -61 -40 -231 -185 -223 -195 -125 -196 116 -74 -197 -3 227 -152 27 5 -75 -171 156 31 131 -76 -73 18 -104 145 -59 -139 125 -163 -249 77 -157 -78 -154 134 42 -66 -164 -50 120 -236 69 -213 -116 132 -34 114 -106 140 -194 -245 95 206 -202 -161 24 -117 -247 -112 -182 -107 11 -201 241 -198 209 -77 245 73 210 214 -26 224 -220 -82 -189 150 151 -221 -129 -21 43 -234 -176 -119 -207 -150 174 112 192 118 88 232 99 -136 180 54 -226 -210 128 -100 -141 144 -241 204 212 219 
TEST 167 ARG:-249 245 124 -66 -17 -176 -123 237 -143 -4 148 208 -75 41 -61 -178 48 -99 -195 -234 29 -28 90 132 209 63 -68 79 19 -34 97 107 -64 240 28 154 164 -81 69 1 144 -145 -1 -5 49 -152 147 -74 -225 244 -250 -184 -114 -18 181 201 -84 151 77 136 -151 -219 -85 -54 -80 -15 161 -109 -124 78 218 185 -71 100 220 -240 7 -55 -164 -222 -103 26 192 -65 -112 -69 217 -217 121 82 87 -9 -136 -179 81 31 -88 -122 110 -37 -118 30 156 112 -166 58 -33 -43 114 -243 -76 187 13 166 196 -201 -86 22 200 -213 -171 215 -101 -207 6 -29 -226 113 76 -241 -188 -117 -51 -50 125 150 -94 172 123 46 232 86 96 212 116 -44 -7 -160 -13 35 -52 193 194 53 223 239 59 173 -98 15 174 175 230 236 130 -224 56 64 -105 131 -39 -107 -21 -77 -212 -30 119 145 120 -144 204 143 -221 32 -91 249 163 207 -60 -183 199 14 167 -232 -6 21 36 -150 60 146 -191 -244 38 -161 -113 -165 182 -31 -42 -230 -2 153 -79 242 216 -70 105 -216 -63 91 -233 57 118 -125 140 44 180 231 -214 227 -193 0 16 34 20 205 -27 -25 74 -36 83 -198 -169 170 -180 93 -239 -78 -159 -121 226 -110 127 141 -148 -220 -90 43 23 17 -197 152 -104 -236 -16 -47 -59 42 134 -134 203 -196 138 -92 8 -119 233 -147 95 109 -168 -40 159 -120 142 5 -185 99 -3 190 -153 -187 -158 -126 247 27 -248 2 40 25 -227 37 -93 -238 -242 160 9 177 -149 135 -8 197 -205 -235 157 -115 -12 122 103 -210 -45 33 228 171 70 -137 221 -11 -199 -19 -206 39 -154 -46 24 98 238 213 102 -35 18 47 -72 -56 -155 -128 -108 -127 84 168 -211 -102 178 106 11 169 -139 214 -82 222 117 -14 128 115 -215 75 -89 248 -138 65 -100 179 -173 -96 219 -181 -146 241 50 89 202 -48 -192 -175 62 234 -111 210 246 129 -218 184 -23 -172 191 3 12 -245 195 -41 72 -177 162 -32 186 -202 139 -53 80 71 -228 92 188 -200 -140 158 -38 4 -22 -58 -83 -246 -156 -106 -87 -204 52 -182 137 -163 149 -223 -24 198 10 -208 -209 -95 61 224 -170 -189 243 108 -162 85 165 -135 -190 67 235 -97 55 -20 -142 225 66 133 -133 -231 -157 -62 51 -129 -26 -229 -130 111 206 -10 -67 88 -132 -203 -247 126 -194 -174 104 155 -116 176 -57 211 101 -141 45 183 -186 229 189 -237 73 -131 94 68 -73 54 -49 -167 
TEST 168 ARG:170 -183 24 -103 -133 -187 -42 -110 57 -213 200 -211 -214 26 27 80 82 104 123 128 186 190 -203 -182 86 -190 95 131 -161 16 -227 21 147 -107 -138 -162 189 -171 76 226 -209 -19 162 -250 6 -192 10 44 63 -147 25 199 116 160 96 205 -204 231 -164 192 -178 201 53 100 -237 -62 87 -246 148 -224 229 -158 -99 85 -11 64 93 -124 18 -76 74 77 -230 23 222 -38 188 241 -115 113 46 144 -69 -33 -4 163 171 -32 198 -112 -71 -30 -92 153 -97 -55 -142 -83 -131 69 118 103 -228 -165 109 228 -104 56 -40 -196 -10 -59 134 184 52 -243 204 -94 84 -74 207 79 61 183 97 -81 -188 -143 161 172 177 20 166 235 233 151 -247 141 -98 17 33 -41 105 236 136 -119 -15 210 -27 149 248 194 92 -240 145 -129 -75 -63 -31 89 247 39 -25 -82 -50 -72 115 81 -134 -53 130 -14 51 -244 -249 -6 -208 -236 154 55 230 15 -222 -156 75 -231 125 -186 -218 -20 143 -17 114 234 -220 -95 34 -18 54 -215 -45 -122 -101 -238 -150 88 202 -219 -120 -173 2 245 244 237 218 50 32 -200 49 106 -233 -117 -177 174 -91 173 179 -223 165 112 -140 135 150 -154 28 -90 132 19 45 219 156 -100 -174 -66 182 -80 -141 155 -170 -47 -189 -130 -2 -48 138 196 -127 35 137 -36 65 -23 158 -16 -123 11 -168 146 42 62 -24 -121 -136 -85 -159 126 120 164 68 193 13 -199 0 31 -5 36 -28 249 60 140 117 37 91 197 -77 78 8 178 187 14 -153 -137 22 139 67 -88 180 -234 -135 -35 66 -78 48 -79 -67 83 101 -44 -166 -96 216 -86 -169 -70 181 242 -239 -146 133 -3 240 98 169 238 -226 -46 -68 -21 -39 157 -167 -160 -128 -248 90 -205 -197 -151 -176 -225 -108 -54 -206 -43 41 -58 73 225 191 -60 246 167 127 -194 -241 40 -52 217 38 -64 -106 -152 -111 59 72 107 -102 71 43 12 -207 70 -202 -172 176 -221 -149 -84 -145 -125 124 175 -118 7 -235 -105 -49 -175 220 -217 232 -180 -26 -181 214 99 -113 215 206 -148 185 30 111 -216 213 -242 -61 -232 -210 239 227 152 -7 -229 -193 -9 -144 129 3 -245 -65 -157 122 223 159 -126 4 -51 47 203 195 119 -195 221 29 108 110 -132 -198 -89 -57 -139 -93 -34 -116 58 94 -163 -185 -1 -191 224 212 -179 -184 9 102 -212 -201 -13 -155 -73 1 -37 -8 -109 243 -29 208 -12 -87 -22 168 142 5 -114 209 121 211 -56 
TEST 169 ARG:-145 -130 226 125 -87 208 -55 27 56 38 202 -187 -197 -164 -190 -66 -75 45 -247 -200 155 186 -134 249 175 -128 107 -57 167 232 169 -217 60 11 42 -71 -12 -91 -178 -81 105 -117 -155 -65 12 145 -219 -84 204 176 -80 35 14 73 31 218 59 -52 181 149 -63 -246 -221 -1 54 -103 -116 -148 -92 62 19 79 187 207 -40 -123 140 -194 -162 -25 -97 126 118 63 -198 -133 -77 192 17 -159 247 86 -233 -114 -104 147 -28 48 134 114 -79 -109 180 -174 221 222 53 -13 -30 74 214 -122 -27 96 -96 -240 183 -86 -179 215 90 223 -61 -56 146 77 -156 -172 -16 -136 -90 213 -60 -126 66 -199 -53 238 -113 219 100 39 -218 -173 6 185 -141 82 55 246 -8 -142 18 25 87 -11 166 26 -195 111 242 88 196 -153 -168 47 212 245 -121 -250 -166 -68 -205 43 -181 80 110 211 75 123 228 46 -244 227 -62 152 171 -34 -115 23 -185 201 191 217 -139 -85 -202 161 235 -163 -24 177 151 -143 243 9 -214 142 -149 210 3 44 -249 -106 -108 -111 -105 34 194 116 -147 28 141 -229 -242 162 -59 127 -44 -189 -58 -129 58 136 84 -180 -175 203 67 109 115 108 -73 188 139 117 -18 103 -150 -118 -41 40 -78 -196 102 -176 195 120 -245 78 128 -248 182 -236 22 20 132 -98 -20 193 -165 137 -31 30 5 51 -112 163 -29 209 -215 37 -125 -54 -124 -216 -38 91 101 -99 -72 -188 -170 220 33 -127 -70 -192 236 -223 -225 41 -210 150 198 -243 -100 -231 200 184 -83 124 -140 -17 -171 230 -33 94 119 89 153 233 4 -146 24 69 -4 15 61 106 -209 -138 231 -88 -238 138 170 -10 -239 159 10 164 -102 -220 -132 -228 174 172 13 -204 154 189 92 -69 144 70 -94 216 97 -167 36 50 -110 241 49 -224 -177 133 -212 -26 113 131 158 -46 178 173 -48 -23 -22 -235 -35 -208 57 -227 -3 229 32 -89 135 -207 -186 -19 -42 239 -151 -67 -5 68 168 179 72 -154 -50 206 -15 8 -43 143 -191 240 85 81 -9 199 -203 -201 -64 -232 -101 64 -2 93 -160 248 83 157 244 -237 -169 -47 95 65 21 -158 -206 -32 197 -93 160 -213 -74 237 1 -222 -135 -120 -241 165 0 -49 -161 -7 -119 -193 -6 -234 190 -76 29 -182 -14 205 225 224 -21 -51 -184 7 -157 104 -45 -144 2 234 -183 -107 156 76 71 -211 -37 148 130 -95 112 -131 -82 122 -230 -36 -39 121 -152 52 16 -226 -137 129 99 98 
TEST 170 ARG:143 188 -221 -67 179 -14 53 -86 44 -202 -91 199 -51 -127 73 -90 163 -218 184 157 160 -193 65 -229 -26 125 63 -175 187 114 -119 -201 176 -3 124 -141 34 -113 249 167 -41 -70 -163 -124 52 -120 -74 -6 205 -189 -235 23 166 37 228 -210 72 154 220 -195 145 -65 -179 -96 130 136 -35 -33 243 233 123 -158 -204 -110 88 165 22 -212 -245 178 -187 -114 -178 -20 -82 62 -52 109 -75 121 -25 134 161 -49 -117 -5 -112 19 32 -2 -64 -122 -231 169 225 127 138 -108 -149 108 193 219 -209 128 224 -107 -143 -47 -9 59 192 93 180 196 -125 105 46 16 -135 104 119 223 -168 103 208 -4 -197 230 38 77 214 -63 27 14 170 135 -137 91 82 -159 -176 -148 -104 -174 -73 42 -66 48 239 75 240 64 -164 133 -250 -246 -57 29 -123 153 -177 84 -240 139 0 -24 21 129 -157 58 76 50 246 13 -196 89 -62 -214 1 185 -190 149 -249 74 204 175 191 -160 115 -199 -44 -55 201 -234 -93 69 -115 -116 213 70 81 15 55 248 8 7 236 -83 68 -243 71 -146 4 -21 227 20 -87 241 -222 33 -39 -19 -232 131 18 211 207 150 -105 118 -208 -186 -89 -7 216 -134 -38 12 148 -102 117 186 172 -81 229 51 244 25 -242 158 -109 -244 85 6 -1 152 -13 26 5 -128 237 80 189 -95 -188 198 28 -154 -144 -224 190 -217 -239 -42 36 200 -53 126 -43 11 232 -226 56 106 -223 -18 -37 111 -22 226 182 171 218 113 -183 -94 102 173 -173 -138 -237 -211 -121 -17 -59 112 -241 95 116 92 -230 -30 -10 151 -198 57 -182 -32 147 -31 222 94 -34 -205 -48 -247 -192 -71 -203 -111 30 -194 -139 -200 -68 -216 97 -58 2 -98 174 -45 31 45 -153 40 35 -11 -129 -228 -170 87 245 -167 43 -238 217 168 -132 144 -79 215 -180 -84 -220 -78 -12 234 -140 -185 -50 -136 9 -155 197 120 24 -150 -69 -101 -181 202 86 140 162 -100 -61 -248 -40 -99 54 17 110 100 107 90 -145 101 96 -92 -29 -215 -206 -236 195 137 39 221 -151 212 209 78 164 122 142 -85 61 -16 203 -106 -147 -213 -191 -133 -77 132 -23 -56 -219 -142 10 -46 49 -172 83 141 -171 156 -131 247 194 79 -166 -60 -165 -207 -225 -156 155 210 -72 98 -15 -118 235 41 66 -161 146 -103 -162 -54 60 -76 -88 231 -233 -184 -27 67 -152 -227 -169 3 -126 159 -130 -28 47 183 181 -8 238 -36 99 242 -97 177 206 -80 
TEST 171 ARG:83 2 143 -119 114 131 -208 180 179 -236 160 209 -144 16 -219 31 -21 108 -45 123 227 188 -172 91 200 228 -182 111 -199 -5 199 192 -243 14 -165 -85 -140 -124 185 248 124 117 121 -179 28 70 201 40 115 -196 61 -121 -12 57 169 -188 218 129 -184 -173 -193 -34 189 39 195 163 -216 168 -197 100 -81 45 -6 -9 -80 -166 127 -181 -245 -7 -99 71 -134 -160 -207 102 125 -2 184 205 -164 -84 -35 -225 68 -64 -31 -79 -214 -44 -162 -241 51 194 104 -159 21 -78 -171 -102 74 -132 224 -28 89 206 -19 -133 249 166 -169 -250 37 -75 234 -200 -66 -30 60 -163 -205 242 -73 -230 69 15 -118 65 -52 219 33 -83 -246 50 54 84 -187 172 -27 -139 -108 136 1 -180 73 -57 80 231 93 167 -98 -70 -152 -71 -249 9 85 243 -47 -192 -142 -198 140 198 -131 162 106 -58 -135 -127 44 132 -218 181 -123 204 -54 -206 222 135 186 103 -202 -122 -154 -211 173 109 -82 -107 208 -62 -194 -106 25 -183 152 -157 164 7 97 4 -150 -145 -137 -244 214 -221 -39 -233 -155 -117 -167 -36 -189 3 5 193 27 53 232 -115 -228 105 92 88 76 221 150 -126 128 -96 -223 148 146 240 119 107 149 -13 18 -120 -4 230 236 -161 -158 -103 237 213 -113 -240 48 -234 -68 220 -203 -90 -32 -48 -74 56 -201 -138 174 145 49 235 196 -95 0 11 -37 63 38 223 -69 -237 -217 210 -56 -116 17 -170 -11 -94 -242 46 52 211 -60 153 23 -146 133 244 -24 -178 -128 -235 -212 -16 -247 -213 158 -190 -226 216 10 120 -222 -97 -105 -46 -101 -231 81 -43 212 -232 -17 -38 12 -125 -114 -229 229 139 -41 -224 202 -20 -147 -51 -77 -238 29 22 190 225 -22 -93 165 118 -220 -239 94 130 155 -111 -100 55 -168 -151 -40 178 62 156 -65 30 -209 -53 175 -89 67 134 177 58 78 -49 147 8 197 226 171 215 59 -248 -76 41 -136 34 -23 90 144 72 -185 -29 154 113 75 -186 35 -129 -143 -112 -141 -10 -130 203 47 137 -42 -8 116 -87 36 19 -215 126 -88 -14 -153 96 -204 95 99 159 -156 -177 -191 64 -195 -149 6 -59 241 -55 161 -176 -210 -148 -174 -109 -15 138 142 191 141 87 -110 246 -67 82 -92 98 217 157 43 -175 42 -50 20 101 187 26 13 86 32 66 -33 -18 -1 233 -63 -104 182 239 112 77 -86 245 -26 -72 79 247 24 -61 151 122 -91 176 183 238 110 -227 207 -3 -25 170 
TEST 172 ARG:29 -40 154 121 75 93 -84 -108 126 -32 108 -239 -202 214 -219 76 11 166 217 -232 62 -221 -51 -206 -235 -139 -41 -233 -212 -241 197 -182 134 -230 -231 -161 109 188 202 -24 -249 130 70 180 80 69 145 53 153 37 159 -38 207 -68 -163 -114 -102 50 -240 -172 -64 -126 136 -94 176 233 -50 58 -188 -138 243 -92 -186 -13 -110 -223 -109 -82 -174 -57 -246 -160 146 -69 -238 -71 65 115 118 -9 -8 -204 49 143 68 175 240 48 162 -216 25 8 -140 168 19 35 -198 -218 63 245 27 152 -97 89 192 -54 -149 -35 -53 67 -228 6 -17 101 221 52 185 88 -225 -120 218 96 -215 -134 157 249 246 83 106 -247 223 194 72 14 -209 129 -37 -169 170 -244 -47 56 -191 133 7 -119 -46 -176 -27 -128 186 -175 -130 -42 -78 -103 195 30 -155 -112 199 161 114 -67 -16 -193 239 141 39 -10 -129 -55 208 -171 181 127 -133 179 -75 -178 -28 182 201 -157 191 -34 55 40 -226 12 -83 -116 151 120 18 196 -85 193 219 -125 203 148 15 -15 190 -66 -124 183 244 230 54 -123 -7 59 117 210 90 169 198 -159 241 -214 -229 238 -101 38 -187 227 20 34 84 213 1 -104 225 -180 204 -203 -111 174 17 142 28 -115 46 131 -98 215 147 140 -205 16 209 189 -150 95 -12 -217 -210 -208 -184 -43 155 -79 33 -154 119 -81 85 94 -22 -106 -2 0 -14 -63 41 149 -21 226 -25 -185 224 144 228 44 232 47 -44 132 187 -199 57 74 -31 112 229 -190 -200 -45 -148 200 111 23 73 237 -88 -189 66 156 -77 -80 -1 -33 -145 -95 10 -39 79 -11 -197 216 242 61 138 -201 -195 -196 -132 -89 4 211 -70 -87 97 82 86 -90 124 -59 87 36 158 -49 -165 128 -19 135 -227 104 2 -52 -142 184 116 -162 107 -141 -236 21 122 -131 -48 -177 222 -113 -156 -99 -62 -245 -207 81 -93 167 -4 42 -166 -29 32 9 235 125 -65 -192 -164 43 139 -152 -118 -26 -158 78 -5 98 -137 160 -86 -107 91 -151 123 137 -105 -243 -220 171 -147 13 -181 -170 -224 -117 -18 -73 -179 -60 -213 71 77 26 99 -173 -168 -234 172 22 -167 45 248 -36 113 212 -74 -194 64 -135 165 92 -222 220 -76 234 -183 -58 163 -91 231 24 -211 60 150 247 -6 5 -3 177 -30 -20 -72 -153 236 -136 -23 110 103 105 205 173 178 -100 -61 100 31 206 -146 51 164 -248 102 -250 -143 -242 3 -237 -56 -144 -121 -122 -96 -127 
TEST 173 ARG:16 -56 107 111 179 61 159 234 -39 -213 206 82 -175 -29 -198 -159 149 -245 -113 10 -75 -54 94 -100 -235 117 -158 -87 197 130 -42 99 156 125 -95 14 194 76 -78 -161 -72 78 -231 -171 151 207 -187 145 213 -141 86 -156 -81 -127 -168 -132 175 195 -219 219 -185 -16 165 150 66 218 -60 -227 228 -182 -118 143 -28 -229 217 -135 -102 238 -193 -239 -51 187 133 -130 -77 32 170 173 -33 -164 -71 48 44 -133 198 -50 93 123 154 103 24 55 -211 6 203 121 -98 11 -48 171 -4 21 -126 -201 -55 140 134 100 -76 51 -6 241 201 -49 -25 106 26 -97 -99 139 -124 -240 52 -200 -190 169 -8 137 -1 184 80 -191 -17 222 97 -196 57 -139 63 -79 36 89 -170 -68 -202 38 42 191 -80 -30 -91 174 41 -128 -108 -3 108 -57 227 189 -46 152 2 -230 -249 199 -70 -222 20 65 60 -204 242 104 -183 -92 233 166 245 225 158 240 230 4 182 39 3 -62 -24 59 105 211 -244 142 -140 -214 98 53 -160 -178 81 -123 -181 -237 -188 56 209 31 -131 -119 -234 224 -105 122 -236 248 -101 129 116 -90 236 124 223 -53 -43 -154 185 243 83 29 64 183 -148 127 -150 -174 101 17 -115 114 90 7 119 205 -144 192 -69 160 96 49 -210 -195 91 30 -221 -94 220 -143 146 -129 136 -9 -152 -111 138 -225 112 28 85 226 -67 34 92 -40 -186 -52 172 -226 -86 -184 67 -117 -96 -238 -19 -63 47 131 232 -106 -10 -136 155 71 68 -146 -61 -189 13 -173 95 -85 75 -145 239 -120 -228 -243 -14 153 -147 18 -224 -242 214 -44 -215 141 -216 128 -88 147 -232 50 79 221 -64 88 102 -192 -37 -194 72 -12 144 -7 -47 132 54 -11 193 200 23 -207 12 -138 70 -15 -233 212 1 115 77 -177 -166 -5 178 176 164 -18 -199 180 186 87 -84 109 15 33 -218 73 -23 -26 9 168 -137 -20 27 35 -167 -209 202 -27 -208 162 -114 -83 -172 -58 247 40 215 -89 120 -22 -45 249 -223 -103 -110 -74 126 0 74 190 -142 46 -176 -35 -59 45 -34 229 -206 177 19 -66 157 210 118 -82 -157 -38 113 -149 -36 -250 231 208 84 37 -212 244 -220 -205 43 -246 -21 -248 58 -153 -241 -197 237 110 246 -13 -165 204 -112 5 8 167 -151 196 69 -107 -41 -217 -203 -125 -121 163 181 188 -2 135 -122 -31 -109 161 216 -134 -73 25 -65 -155 -116 148 -180 -32 -93 -104 22 -169 235 -162 -163 -247 62 -179 
TEST 174 ARG:222 89 13 -2 100 -171 147 174 82 -195 -247 232 27 16 -28 67 -127 -207 104 -181 94 200 -222 -250 153 141 194 148 197 87 230 60 -93 183 195 179 -237 79 98 76 211 -15 34 109 149 209 -24 71 -192 -91 -23 -151 -119 81 -152 -50 -143 84 50 -100 130 -217 7 203 40 -231 125 -11 -218 146 115 163 -54 -136 10 105 -123 -162 139 -58 -201 102 42 137 -61 108 -49 -66 -5 151 -31 169 93 -186 140 -224 80 -125 239 47 25 -83 56 88 180 223 231 -203 -139 35 -178 -213 -243 72 116 128 154 152 240 -92 185 -214 -39 12 -238 1 22 -67 -71 186 95 -233 241 117 208 -62 -65 176 145 -110 -128 -198 -208 5 182 204 99 21 -45 41 121 66 -79 14 -6 -226 -242 167 -59 187 213 38 30 247 -248 -138 19 11 17 214 -144 54 86 -184 -32 -140 -239 -169 235 39 -149 -216 -204 101 -115 -98 -197 -172 191 0 144 -131 175 -190 -228 -189 112 160 -51 -185 -167 -206 -56 -126 -235 165 48 114 -35 -145 -14 133 -120 -25 172 96 246 73 -175 129 -220 -137 168 -121 -108 103 -77 134 83 -85 -82 -165 -84 29 61 -160 -114 44 -234 207 192 -159 -166 23 -142 37 -244 236 -89 63 77 -163 -94 -154 -146 -101 -34 217 229 216 -211 -133 90 75 234 -57 -3 156 243 110 -38 18 -1 -55 -236 46 -27 -246 -80 201 57 -60 64 -183 85 161 -103 -245 -36 6 210 -130 215 -187 53 -155 -182 143 36 62 -227 -26 -9 225 -48 -81 -188 -129 -97 -122 -18 -46 -132 -118 -41 -215 248 -52 242 -68 3 -141 -4 -88 9 -47 -105 -134 -42 -21 -117 -249 -113 -202 199 -104 196 -147 -72 -177 70 157 -106 -33 184 8 155 131 2 -212 69 -63 51 78 -135 -161 221 -20 158 171 -179 245 59 111 -78 106 91 -69 -194 -90 -193 -43 -210 -17 -76 238 -225 -191 220 49 -240 126 -200 228 -124 -7 -96 24 162 132 181 244 92 178 -86 -230 202 122 -19 124 -74 119 -148 55 136 198 26 -95 -37 142 -157 206 -229 -70 -173 -168 218 -87 43 135 -12 150 113 -176 170 -44 205 224 -199 233 -180 20 237 -29 58 120 249 45 -174 -158 166 4 -99 52 189 118 -8 193 31 188 -53 -22 -221 28 -209 97 15 -64 219 177 -13 -116 -196 32 107 -109 -150 127 -153 68 227 164 -75 -112 -111 -10 -170 -107 -16 212 -241 -164 -73 -30 33 74 -156 -232 -219 123 -102 -205 65 226 138 -40 173 190 159 -223 
TEST 175 ARG:-124 -200 -245 -235 -218 -225 87 -139 -91 68 246 -74 -7 -10 98 -178 -31 96 224 86 185 190 -78 -244 57 -175 -110 66 -68 219 -17 64 -28 -18 -155 -53 -32 2 -26 -97 -45 218 183 72 79 -205 9 -56 -236 -30 -86 142 -128 -219 -1 213 139 19 -131 134 -22 122 23 -82 78 -242 237 101 48 229 94 -21 208 221 -3 226 133 181 136 -199 248 -44 -100 -42 -133 90 -49 81 50 -129 -174 129 201 15 160 -33 26 -188 -193 -95 -138 -229 -202 -8 -222 -58 70 157 -180 -215 -201 145 38 27 71 -15 105 -212 -24 -228 -159 -77 -157 -224 -149 76 54 186 -217 216 -90 -166 93 -37 39 180 161 -135 202 -249 63 53 8 184 -240 -164 -243 -87 -196 234 -207 44 -40 -150 214 -29 236 196 33 -71 200 124 192 -122 -184 -234 91 244 -148 -186 -170 13 -113 -96 -65 109 31 -116 -67 59 -130 -36 150 220 3 179 -120 194 -64 -111 -51 -144 35 -143 43 164 128 60 55 11 -209 169 -147 -35 -216 126 -173 0 206 146 75 -101 45 235 -185 -57 -214 -25 212 -60 222 138 159 -177 -156 92 137 -154 195 -226 34 -141 -47 167 -191 -80 -182 -146 -27 -19 -93 182 249 -183 -142 -203 69 -208 204 -136 88 233 97 -72 191 -119 36 -46 -54 230 -88 123 148 -169 -248 -192 42 -70 -52 143 5 153 -198 21 176 100 89 -227 95 -190 17 58 -117 141 149 -206 -61 -107 171 82 85 40 -112 -108 168 -162 -106 -233 -140 114 -230 -34 -151 121 172 -168 -210 -66 120 -241 170 115 -114 177 174 223 -187 189 199 211 -250 -121 113 227 -132 -172 30 135 -211 187 -9 -73 162 67 28 -85 166 197 210 -220 52 104 -134 -152 238 -171 -4 80 112 -123 -105 239 127 165 130 -69 -246 241 117 -79 -104 173 25 215 -115 47 77 10 -62 -76 217 242 20 -14 209 -247 132 106 84 7 228 61 65 119 156 231 -83 -13 32 6 12 41 232 -189 147 -221 -237 151 -12 18 193 -127 205 225 152 207 -179 110 245 24 -102 -137 178 140 49 -94 -238 -43 1 -20 -213 -92 46 203 -239 22 62 131 -176 37 -38 103 99 111 175 51 -197 243 -158 -6 154 125 240 -55 -5 -81 -165 -118 -98 -125 16 -145 -89 188 118 107 -59 -160 144 -2 -16 198 -48 14 108 -126 29 -181 -232 74 155 83 116 4 -63 -223 -195 163 -11 -75 -161 -231 247 -103 102 -99 -163 -50 158 -41 56 -23 -39 -153 -109 -194 73 -167 -84 -204 
TEST 176 ARG:34 -150 70 115 201 60 -27 -51 132 -141 38 160 -72 -20 16 -82 -187 -219 154 194 151 224 247 -193 -204 -55 -130 -95 95 226 -189 211 -157 -6 -179 101 -183 127 -208 22 182 52 236 -59 96 -5 169 137 90 80 208 158 -195 177 199 157 -220 -58 -227 117 235 217 237 -38 -248 12 -40 -17 -118 130 50 -137 -78 -159 243 -10 -8 40 -121 62 -199 113 -117 4 -209 228 19 -104 -41 -39 166 46 -234 108 231 129 -74 35 -90 153 20 -215 26 -176 246 -24 198 -89 -226 75 -4 -23 94 -133 241 -34 -19 -105 227 222 15 215 -1 -229 103 44 -21 73 138 -114 -181 76 -56 234 -249 -127 218 175 -106 -238 41 152 183 -54 173 37 -218 -242 -64 195 -231 23 -75 -232 -50 122 8 220 -143 245 -109 -28 -182 64 -122 -61 -237 136 111 -60 -32 43 -119 0 148 -152 -205 -12 -83 -36 116 -235 -196 48 86 -203 -148 78 -116 82 -108 178 179 -49 190 -11 -71 105 230 -99 84 233 2 -30 53 -188 -124 106 72 31 -134 14 93 142 17 -100 -9 89 42 -136 -221 162 206 -233 36 -129 187 -241 205 -138 6 61 85 -223 -97 135 149 110 100 -69 -160 -166 -35 -79 99 -158 28 77 -190 -164 -128 171 214 191 45 67 -53 213 -25 -43 -210 92 29 249 -33 -77 55 -92 -132 -167 32 -66 239 141 1 207 97 -224 -212 202 133 161 200 225 -85 69 -29 126 197 114 81 164 9 -65 163 27 54 121 -225 -155 -123 25 155 223 -198 7 30 143 124 128 -16 -48 -87 -178 -31 -192 5 -171 33 -3 170 -63 -18 196 -207 -86 74 189 -107 120 242 -202 10 -175 63 204 118 -103 -101 -146 -94 -151 -115 -52 -222 172 -250 109 -246 58 229 -142 -214 -247 79 -184 -110 -244 -174 -73 98 147 165 184 112 -168 21 186 -46 188 49 -68 -177 -70 -211 -139 -154 140 24 56 91 156 -239 180 -186 -37 57 -236 -131 144 -173 -162 -147 181 216 71 -120 -26 -228 240 -111 -200 -145 232 -91 210 13 -7 -243 59 -149 -93 -2 146 -213 -44 102 238 -113 -67 107 68 47 159 -172 -135 167 -102 -153 -47 203 193 -15 244 -140 119 -14 -144 221 -169 -126 -194 -13 18 -170 176 -163 -57 -88 -96 -84 -216 123 219 -180 209 66 -62 -245 104 168 -206 -22 -76 65 192 51 -42 -230 -112 174 11 -185 131 125 212 -156 -125 139 -161 134 -80 -201 185 83 150 -165 -197 248 88 145 -240 -45 39 -98 -217 87 -191 3 -81 
TEST 177 ARG:193 -177 38 -219 59 -223 204 -44 206 -49 36 -70 -50 149 -11 -193 139 -57 -198 58 120 22 -61 -32 147 234 -120 -105 -176 -237 -196 54 -231 -81 55 -162 -102 33 188 -4 -100 130 -182 113 29 -103 -181 51 -39 -28 97 24 233 124 74 47 -154 -119 -235 176 -200 102 -228 -24 180 16 82 246 199 -156 35 225 -160 -168 236 -134 -116 192 -16 -178 85 5 84 119 190 197 -213 -52 240 39 -79 -41 196 195 -34 21 -135 198 23 65 -26 -132 -190 -9 239 146 -225 167 -45 133 -59 -180 227 230 -13 -151 32 -248 -167 2 110 232 78 245 27 -236 -115 -243 -216 -215 187 152 64 73 179 -147 219 170 203 45 44 -186 168 -55 115 145 160 -174 -60 -6 -66 -48 -96 241 -7 81 -166 116 -8 -205 137 -136 166 52 4 -74 223 125 114 237 96 69 46 0 183 77 205 208 248 135 -58 -192 -38 224 123 -123 -240 -131 -104 138 178 -88 -230 -10 158 163 40 -73 53 -149 220 106 89 99 -133 98 -19 -37 42 -90 -82 -14 -170 -62 -203 142 231 -191 243 121 -232 8 -87 155 -111 194 -80 148 211 -23 -209 -130 107 28 141 88 9 134 -65 -142 -3 -207 83 95 -169 -17 -69 -212 104 108 -226 -141 191 -94 -99 20 -46 249 3 -214 222 -208 -124 213 164 -42 -122 -91 181 201 150 182 214 -179 103 -68 171 -95 -221 -67 212 217 -35 -78 202 129 17 -127 72 -97 -21 -185 12 -2 -222 7 68 62 -76 -47 -242 -77 -86 -199 117 19 -171 111 48 -56 165 247 -227 153 -246 157 -30 -71 -89 200 49 118 6 144 90 -187 -188 -109 -175 80 -204 -108 -202 210 175 87 -245 -31 -189 -152 -150 -117 140 31 -18 -29 -33 -143 216 -15 -163 14 156 -5 185 61 -36 -146 -1 151 -195 67 -129 -101 91 -239 -218 41 -210 189 -241 60 -43 174 -27 -161 143 86 -250 105 -194 79 161 162 -138 244 -247 -128 -93 186 -63 -173 131 159 -184 -183 37 76 11 -158 -107 -12 92 177 -172 -145 242 56 207 50 127 172 218 26 -20 -98 -148 238 -125 -121 -126 -201 126 25 101 75 109 -244 -137 93 -54 1 -224 -159 -229 -83 -72 -164 173 209 -25 -155 154 -211 -153 -106 -85 -220 -139 -114 122 63 57 128 13 -112 184 66 100 94 -75 -92 -238 169 -53 -144 215 -40 10 -22 -233 235 -140 34 -110 132 228 70 -165 -234 -197 229 136 71 18 -51 15 43 112 226 30 -206 -64 -249 221 -84 -118 -217 -157 -113 
TEST 178 ARG:239 -20 118 -195 -118 64 72 94 136 -179 200 70 44 -170 -69 29 -189 0 126 97 -21 58 -173 248 154 -145 42 26 -139 59 157 99 -133 196 -159 41 -192 217 203 -22 -191 14 249 8 76 188 -216 -160 -72 67 -109 209 -230 63 17 -182 240 -148 -239 -196 -245 214 171 81 212 127 -5 46 -181 -218 -205 -207 45 -66 -56 219 -85 -172 103 198 120 -244 18 -91 102 245 -136 -208 -88 147 117 79 -162 -119 247 -193 -100 68 -98 -213 119 -183 -3 185 167 138 218 -24 131 137 201 98 -152 208 139 233 189 -242 134 223 210 -17 66 244 -143 -229 193 187 -165 -197 194 -236 155 236 228 51 -40 -163 -80 -121 -246 175 -168 5 202 159 -48 133 220 -199 35 48 -215 122 -111 49 -70 -13 13 135 4 -228 -68 -250 -200 34 23 121 -87 -71 180 -203 -154 11 -44 205 -201 -11 -32 115 -27 160 -43 96 -8 52 12 -174 164 -73 -220 -187 -188 229 -235 -89 149 141 -53 -175 -93 -12 -60 -67 -33 246 -18 -223 1 -167 -94 43 -78 215 65 -76 170 211 -147 80 -151 191 -243 -227 177 162 83 186 -204 -14 124 30 235 -198 -41 50 36 199 -155 166 -132 10 108 -10 28 9 146 -54 40 15 -82 -61 112 123 56 53 -96 27 225 91 61 197 113 -4 -42 -79 -240 231 -86 -102 176 -30 -19 -225 109 24 57 -105 -83 -190 -114 -140 -161 116 234 163 74 144 -210 232 33 -38 -81 -249 173 207 130 -23 -169 -47 -224 100 -92 204 -232 221 -171 -51 73 107 -137 -233 -237 -74 -9 -39 -158 104 -131 168 -241 93 -156 38 140 224 89 54 -186 -126 39 150 -95 222 -107 190 132 237 -57 128 87 -248 60 101 92 142 -177 7 216 161 55 181 -46 174 47 243 -117 179 -26 -16 -134 -124 -153 -184 -64 -144 -128 172 -1 -127 95 -36 -106 -31 -209 182 -125 -238 242 -113 -150 -130 77 -77 -176 6 -103 69 -180 -122 -108 -37 -202 22 88 -178 158 -185 -52 -138 165 -164 -50 -101 -194 -166 -142 -29 -58 -157 -135 78 -214 152 -7 148 -65 -211 -104 156 106 -234 -2 153 226 21 129 -99 90 19 -112 85 82 -110 178 -97 184 -75 -115 206 84 -247 -59 -63 62 111 -129 169 151 -149 238 -222 -226 -6 -221 213 -55 183 71 110 -35 -34 195 37 114 2 -120 -84 227 -141 -49 25 -146 -45 -212 -123 -116 16 143 -15 31 241 -28 -62 75 -219 -231 -90 32 3 125 -25 192 20 105 145 -217 86 230 -206 
TEST 179 ARG:-205 -45 4 26 67 135 92 96 83 136 167 164 157 -217 159 -137 -187 -239 -173 64 214 -214 207 112 142 10 102 13 -242 138 -179 104 126 95 -84 -226 57 -202 -9 173 -101 -238 186 -100 212 232 121 111 21 35 -74 168 -71 28 -65 37 39 -122 31 -230 5 -200 -220 165 65 75 175 32 -33 -171 -95 43 189 185 -177 -118 88 -149 197 -157 3 -223 -94 101 -204 -91 -80 114 41 124 30 215 184 77 160 33 221 7 -158 147 -36 52 53 -121 115 224 -32 -49 -184 108 -2 -153 -11 8 -18 -56 -198 127 -102 149 -176 233 -68 -54 -212 106 1 238 188 -47 -69 -189 110 -194 118 119 -110 199 -180 -231 208 -20 -120 69 -166 -174 -160 -134 130 99 243 55 62 -156 -207 -25 -117 -236 -81 132 -29 -111 29 -70 204 -38 -72 25 -196 0 211 -106 -201 -90 123 128 239 -55 113 -193 227 -247 162 -191 202 137 -86 -24 73 -44 116 -60 -92 192 59 82 134 -129 -61 -105 -227 -46 74 171 -58 246 -41 -96 60 -197 -15 154 200 158 -89 -175 205 172 18 -30 91 38 131 129 -199 248 190 178 -172 174 -53 -233 216 -35 -34 -206 -14 27 -186 -183 -64 -5 76 -62 -103 -107 191 -28 -4 210 -143 -155 -50 -133 -48 169 223 14 109 195 -22 -211 -232 47 -127 78 -131 -161 -244 44 34 133 -170 -128 120 98 161 182 -1 -168 56 -13 -124 242 -10 249 -240 156 51 -234 -83 146 241 48 -135 -219 176 -235 122 58 72 97 50 46 22 -67 236 213 -6 16 6 -145 -59 17 -237 226 107 -164 -77 -162 -250 19 198 -216 -144 180 217 42 -210 218 36 245 163 54 93 -104 -130 -17 84 -99 229 -147 -7 -16 -31 219 -243 -221 -192 -181 140 -249 -115 -119 203 2 235 193 -109 -146 -98 70 86 220 -43 -148 -112 240 -142 166 100 -228 12 179 -40 61 -203 63 49 -82 -12 151 148 68 -151 228 -39 -113 -42 -87 89 206 -225 230 -241 -37 -154 -190 71 -169 -248 153 125 94 -3 -76 -125 181 15 45 144 -163 -52 -19 -139 -97 -79 -178 -229 -123 -165 24 170 -208 -224 152 -88 -138 247 141 -215 -116 -140 -73 -245 209 80 -108 -246 11 -85 -159 -57 87 234 85 -78 -182 -141 155 -63 -222 187 -132 105 66 -114 244 -136 20 -27 145 -75 79 -51 -126 -150 9 231 225 -66 -185 81 237 -23 139 177 -195 143 23 183 196 -167 90 103 40 222 -188 -8 -218 -21 -209 -213 150 -93 201 -152 -26 194 117 
TEST 180 ARG:3 128 -75 -164 -212 229 120 185 114 -29 78 -14 47 17 -193 -87 -125 -146 -207 129 112 -7 -220 192 -170 -108 119 -128 201 18 -38 -124 -96 -223 106 -36 -226 49 -122 166 175 -91 214 -85 233 -11 40 131 -210 -64 83 30 -156 206 168 247 -6 61 151 -209 204 13 -30 -175 14 92 146 -45 156 241 -148 158 111 143 45 -51 -155 -57 199 157 71 -153 -79 101 -168 184 -140 -106 -149 211 22 244 126 -161 41 -4 73 228 50 -154 216 -222 -231 42 7 -81 -58 91 64 122 -158 189 60 109 -59 -163 -84 -235 68 -195 -65 -27 190 -245 -21 56 -232 -101 -17 147 87 -46 -141 -225 -71 124 130 -177 53 -103 44 170 110 186 57 81 194 25 125 -126 209 -157 -19 138 -247 -25 -104 238 225 117 154 167 -23 195 242 -237 -172 8 -224 172 88 136 -213 -173 -218 -165 29 -3 85 -9 -10 -181 -2 -119 -216 121 227 105 24 15 240 -78 90 180 249 -90 210 -107 -1 -66 -121 207 -244 -40 -89 -229 221 -73 -202 -115 5 97 -199 222 89 212 95 70 132 -120 -242 36 98 -174 -111 -97 -35 82 191 -197 -137 65 -113 -234 -178 -192 224 169 55 174 27 118 -33 141 -194 -100 -236 220 62 -55 10 -191 159 182 123 -62 -61 -152 38 -208 77 108 235 200 51 -183 86 187 -240 -47 -118 48 80 -143 -39 -144 -34 234 -150 46 183 139 11 -105 9 21 171 160 72 161 -132 -131 -83 -129 246 104 -219 217 -32 -5 -50 12 -243 -12 94 19 58 -54 -76 107 35 226 -135 148 -206 127 223 -198 34 -24 116 -20 163 -145 149 -241 -211 196 -190 -93 -18 179 137 -95 -189 -15 66 -22 79 -48 -185 133 -217 -179 205 -102 102 -98 63 -67 -176 -53 52 -205 -230 113 -249 -246 74 -70 -160 -167 59 -31 -130 103 144 84 245 152 -16 -110 -13 100 -138 -182 -123 -239 96 69 188 -139 -109 39 -203 -80 -133 -82 33 37 -228 115 248 155 140 -74 -188 -52 2 26 -42 164 -68 -60 -77 23 28 -248 -196 -117 202 -162 153 16 -114 213 32 193 -41 -169 -147 239 236 67 -94 -238 75 -151 232 -186 -159 134 99 -63 177 215 -166 -250 176 181 243 -221 20 6 142 43 198 -112 -56 -200 -187 218 -44 -214 237 203 0 -116 -142 231 -127 -69 178 93 -201 -136 -72 230 145 -88 -49 197 219 4 -184 -86 208 -43 31 -171 -92 162 -233 -28 -180 -227 54 -215 -37 -26 -8 173 1 150 -204 -99 76 135 -134 165 
TEST 181 ARG:153 -49 -207 228 -234 165 -44 175 180 152 242 -55 -110 -52 -75 -15 -151 -206 -240 73 -189 -169 229 53 205 114 186 132 -31 18 41 -90 162 177 -112 -107 -182 -180 34 87 -221 -217 -59 221 167 -150 241 197 105 -164 172 148 -132 -30 7 27 -4 38 -188 133 -109 -13 247 233 -39 149 171 161 155 193 65 -213 227 -17 -9 -51 168 -186 94 -21 226 102 42 25 63 -45 -196 90 29 86 -89 150 196 -229 23 -243 -27 210 -74 -79 187 -101 146 56 49 -65 37 125 -197 -214 217 75 -133 -1 -226 -72 218 -19 70 -40 -236 -163 48 -191 230 101 -7 170 68 -86 83 -224 116 78 103 100 -16 95 -87 -210 85 0 -238 -114 -102 147 -134 120 -33 -204 46 143 189 185 -48 184 66 -103 -244 -247 232 -78 -178 238 -201 -158 203 -245 21 20 -66 108 -83 -128 72 113 -241 166 -94 -198 -22 -54 -68 -56 88 -61 222 195 246 10 -157 -57 -161 47 -209 164 2 40 51 219 79 -115 104 236 -176 163 30 -165 -121 119 36 -32 188 -47 -84 -3 19 -122 204 35 58 -8 202 -18 -137 -105 111 118 123 -195 234 -130 24 45 131 -194 214 96 22 129 154 6 134 220 -106 -108 -127 -142 -12 -205 81 -235 -62 199 -220 -129 -190 -216 157 99 -73 -146 60 57 33 -140 -46 -183 -232 136 64 -116 124 97 39 17 -193 215 244 -26 -139 -167 -192 194 -81 -208 -92 14 225 -219 -246 9 -138 16 98 44 -181 -168 121 -203 32 -76 -242 -120 -35 115 198 -69 -230 207 140 -111 239 176 55 -147 71 -179 -96 -225 -43 109 145 -218 -71 128 93 -2 50 -199 212 -202 -135 201 -173 -144 -211 106 173 240 -159 160 -77 174 107 -117 62 13 135 -155 -23 43 31 -248 -184 52 -228 -227 15 61 69 -82 127 3 130 -93 243 211 248 122 179 -91 144 -95 -231 89 -136 224 -131 158 110 -113 -145 8 -53 11 182 191 -80 -67 -223 249 -126 190 26 54 -215 -28 216 -118 -88 -148 -175 -222 -50 169 112 -58 235 74 91 -34 -6 84 -10 -212 -98 -29 -125 178 -239 -100 126 117 -104 -237 -200 -5 5 200 -185 138 -154 -123 -172 -99 -124 -60 -37 -85 76 209 151 137 -166 141 -38 -36 183 156 28 -97 231 -174 -24 159 -187 -156 181 -171 -41 213 82 -149 -153 -170 1 67 -143 12 -63 192 -250 -42 -14 142 223 4 -70 80 -25 -119 208 -162 -64 206 77 -152 -249 -11 -141 -20 139 237 -160 92 -177 59 -233 245 
TEST 182 ARG:-145 -226 143 -176 -85 -47 211 -14 -146 -236 29 22 -209 -161 199 -77 169 -55 -74 8 220 137 191 240 -174 157 161 238 -111 -195 -196 175 -230 116 -193 -42 194 120 107 -122 -163 -185 209 90 -8 132 95 -165 62 -16 -186 64 207 224 -170 225 -30 -40 35 -231 247 -235 125 -106 -9 -49 23 57 123 74 -5 91 -34 5 1 -21 -100 -29 -28 -101 202 156 10 -1 210 -62 61 131 -203 2 20 -38 106 43 150 -155 -43 71 84 -200 -246 113 -249 -187 -141 -134 154 217 -123 9 -223 -205 -127 30 83 147 188 -247 227 0 182 -102 -98 -104 6 -82 -63 214 -248 187 54 -128 138 -76 36 -20 114 72 -103 -37 82 -99 241 201 92 19 226 -210 -56 -150 -241 -107 -129 -124 -245 127 32 -17 128 -218 -215 -220 -232 -159 249 -75 -70 134 -219 -23 -144 68 126 171 -12 51 -68 45 -137 140 203 87 243 -36 -221 144 -89 248 -126 -143 -147 122 79 -225 -199 164 176 -114 -197 -131 133 -59 -179 -173 -71 235 31 -86 192 -250 -151 239 -240 -26 39 -216 41 152 -166 -108 37 -10 -229 -164 196 -115 -191 -7 -66 -94 -182 230 76 -19 -136 11 -51 -97 -132 245 -167 -204 -60 88 86 14 97 15 -177 -45 -120 70 53 -181 183 63 244 148 67 -189 213 -6 12 -239 108 -13 -109 195 221 -192 -112 -244 -57 246 -156 60 -188 135 -158 -125 162 117 -50 -233 215 119 -65 -83 75 112 163 85 59 184 -217 118 -206 -237 151 -211 -198 104 178 -105 26 109 81 -238 185 89 -130 105 -160 -142 -202 -95 -180 -190 42 17 93 -53 232 -72 -93 124 177 -138 -213 -48 219 193 -201 -140 130 24 -153 96 50 -178 18 153 160 -87 -149 136 -73 44 -4 -133 242 -78 65 -207 58 -157 -227 66 -58 205 -175 -212 -31 56 -194 16 142 158 236 197 -11 139 99 218 -224 234 40 155 -117 -61 94 223 -119 -3 129 -69 -52 -79 141 -169 149 228 27 69 237 -25 -22 -234 46 -113 -24 146 121 -214 181 166 216 -84 -27 198 48 33 21 -90 -184 115 -15 145 -54 49 -92 80 98 186 190 -139 13 77 102 52 159 28 -18 180 -39 -121 206 204 -118 -33 7 -116 174 73 -35 -96 25 110 222 103 -91 179 47 -44 189 3 -172 -41 34 229 -168 -135 -222 231 4 -228 -32 -148 -183 208 -162 -110 -67 -154 200 -243 -46 173 -171 101 100 170 -2 172 -80 78 -242 -208 -152 -64 167 -81 165 38 233 55 -88 212 111 168 
TEST 183 ARG:49 7 -49 -19 -125 -17 -209 99 -217 -206 -221 -139 206 -227 -69 -131 -59 -94 -247 204 238 41 -28 -193 -10 200 -25 182 -205 215 -178 -104 -118 21 113 -212 24 -192 102 -89 172 -74 -201 -34 112 160 53 45 -82 -66 -98 145 143 70 135 44 1 136 -218 -250 29 -86 -169 3 -114 -108 12 74 -136 249 84 -84 122 -72 221 174 55 140 223 -248 -43 -215 -119 -111 228 26 181 198 -142 -122 36 -145 120 -158 151 201 -12 138 -90 152 -149 -56 -110 5 -228 192 72 -123 -241 78 -20 149 -87 -38 -41 22 -180 -27 -175 80 -141 -162 50 47 137 63 -238 14 -148 98 -155 177 -115 4 -9 -100 -81 159 -6 -52 -58 196 79 125 246 -164 -160 -8 27 115 114 57 85 -147 -99 -83 -71 118 -159 -235 -183 132 -5 -223 91 188 243 -207 189 -15 -249 184 203 52 103 -48 108 107 -202 227 -67 -70 -152 -189 100 31 -199 -68 69 90 236 -92 101 25 186 156 95 141 -4 -226 231 -40 -176 51 133 -97 224 54 -185 66 15 148 -194 -77 68 218 -30 -1 187 -171 -135 247 -36 -244 -109 83 39 -13 229 16 62 -45 -166 166 -79 61 -35 -73 -140 173 248 -7 -96 -39 235 208 -208 -179 -239 -173 230 -133 -150 0 19 37 205 17 -146 -144 -230 207 86 13 -23 35 106 225 -156 71 -231 241 -134 -76 -237 -18 -121 167 197 -117 -24 -186 -57 -214 219 244 -33 144 33 -55 -197 -243 38 -163 150 58 81 -190 146 64 127 93 -204 155 60 154 124 -126 -64 20 210 157 -222 -168 -234 -21 -75 -236 -167 -213 92 -102 -106 56 -203 234 97 -107 -46 -211 190 -65 -14 134 32 -53 -129 162 6 -120 42 -157 183 34 169 -154 96 -187 94 65 217 170 -138 -188 213 245 -174 232 139 -198 -60 -31 46 -170 121 222 -216 165 -195 -95 163 105 -80 -101 147 -181 -29 185 10 23 -42 2 8 180 -177 -225 -37 -219 -233 212 176 59 88 -196 123 48 116 129 119 211 89 -32 104 -161 175 171 -93 -124 130 -62 -153 -112 -182 -44 -232 9 214 195 18 153 11 131 242 -85 -242 220 30 -246 76 -132 -54 -11 -51 -47 73 -16 226 191 -165 -151 -143 87 178 128 -3 202 -184 -78 -2 -137 110 -116 117 164 77 -113 75 -88 -50 233 168 -191 158 -240 193 -130 82 -128 -127 161 126 142 -103 -26 239 -245 -172 209 -63 -105 109 43 40 28 199 194 -229 67 179 -61 216 -210 -224 -22 -220 -200 111 -91 240 237 
TEST 184 ARG:-15 111 249 -245 -226 -21 9 105 135 200 -160 -112 -61 171 239 152 -173 -133 57 160 -42 -159 232 66 80 67 -20 130 220 -197 -172 88 -66 -52 -232 -96 208 -29 48 173 -202 4 -88 212 104 -216 -56 195 -123 133 34 76 -211 79 -12 -137 -213 -49 10 24 100 -218 225 -140 197 46 50 -13 90 19 37 14 -144 -223 248 -154 -99 -171 22 213 201 127 -199 -23 126 -19 -103 -9 -145 -224 151 228 11 109 -242 18 -51 59 15 -81 -110 78 -201 -182 106 -28 -227 -124 172 43 -69 17 -244 -135 -58 -2 -148 -79 223 149 -73 -164 -48 -70 -105 -188 -168 147 -78 -229 99 -189 128 -185 246 -98 -77 -97 16 153 -198 -94 -217 -71 199 63 -72 -215 -243 189 -248 -24 -114 -177 -222 -55 -83 -65 214 -47 -192 217 1 238 -44 -92 -163 188 -31 -205 -181 196 -64 112 134 -125 61 179 85 207 103 116 132 -174 -63 -68 86 -86 20 221 -132 -231 -14 236 55 129 77 39 97 -180 242 -115 158 233 -139 198 143 206 -127 244 145 83 131 222 123 38 -45 -175 33 6 53 150 -117 -6 87 36 -167 -225 142 178 69 -221 205 191 -59 -10 -152 23 3 181 -186 -166 113 -17 174 62 215 101 -239 -3 -129 157 -109 -158 -151 -235 -18 202 185 166 182 139 -220 120 159 -143 167 58 -131 -191 102 136 210 216 42 -247 -107 164 -84 -27 169 117 -234 29 2 -120 137 -90 240 119 75 64 -102 94 -80 247 118 -40 -150 -53 49 -155 184 7 -100 224 68 155 218 162 -111 -212 -26 -122 -30 -32 -230 -169 -128 56 110 72 -241 148 52 170 229 -165 186 245 -187 -136 84 -37 12 89 -149 163 25 -219 -121 241 -193 70 180 -170 -22 125 -147 -4 165 176 187 226 190 -228 28 209 -153 -200 231 124 -146 -85 -206 -134 -207 -237 108 91 47 -93 -184 211 -46 -76 154 -116 140 -156 -179 -119 -89 -8 -35 -67 204 -75 -183 44 21 32 -101 95 144 -138 -196 235 -195 -34 92 -106 237 114 146 26 54 0 96 115 192 194 -126 234 -233 -204 -95 -104 -246 -16 138 161 -82 27 -142 -203 -54 183 -161 -60 230 -208 98 -5 73 30 227 -57 -250 5 -38 -62 -43 -25 93 -209 -194 -157 31 156 41 65 -118 168 -1 -50 -130 141 35 -11 -210 219 40 177 51 74 121 -176 -39 -236 243 -240 -249 13 193 107 8 -190 -87 -238 -36 175 -162 -178 71 -141 -113 -214 45 82 -41 122 -108 -7 -33 81 203 -91 -74 60 
TEST 185 ARG:146 -157 -9 -70 -149 -173 -10 214 -115 210 232 -198 66 82 -241 97 -84 244 -90 141 -172 -124 134 -160 36 -26 -138 -235 248 235 -142 -60 71 -74 241 219 74 -152 35 111 100 -219 246 20 96 237 179 98 116 108 52 -113 -6 -93 -12 183 -167 178 -86 43 -202 27 -196 -134 -121 -45 204 153 5 119 197 238 -34 65 53 236 -131 69 99 62 -58 -87 102 -40 -98 101 -201 -54 170 -247 -249 -24 208 138 222 15 -39 182 -163 216 121 -238 72 175 223 -69 -155 -204 -103 61 120 167 4 131 168 -231 -135 -150 185 -37 -21 -177 107 -18 -229 -236 -80 -234 17 186 -77 202 -117 -23 -125 -128 180 -237 137 -49 -43 166 -240 -250 -22 33 19 -129 -140 81 -170 -162 -106 -230 -195 -11 10 23 -233 -222 -228 -183 -100 -78 195 -94 162 -169 -171 110 -73 240 -133 64 -17 -175 1 207 92 245 -158 -245 -27 -104 -164 -143 -126 31 12 -109 169 126 -188 47 -65 151 124 -119 156 140 48 172 -215 132 37 242 88 30 228 51 -44 -14 85 -110 161 233 143 8 125 -165 -35 160 147 201 -101 239 193 32 89 -161 229 -156 215 46 50 127 -95 -53 11 249 73 152 206 -199 -179 58 188 -55 130 78 -72 115 136 68 57 -205 -144 77 14 155 29 -185 203 -67 106 -5 -120 144 213 128 -29 -64 -181 -130 34 -159 -145 -209 -220 59 -248 187 129 -168 184 247 18 -137 149 94 -207 230 113 -88 9 164 -176 -32 234 -92 2 93 -123 16 -41 24 218 105 -42 -166 -139 87 91 38 150 -153 -184 75 67 157 159 145 -122 -141 -57 -178 -136 -28 -3 -59 -7 -132 220 217 114 -79 55 142 -85 -108 13 -102 104 -180 224 -239 42 -112 44 209 26 -224 -2 163 -146 -246 212 -232 -19 174 6 139 -99 -63 122 -1 -214 -212 -33 -182 112 -62 -25 -13 -200 158 -154 -16 117 22 41 70 -8 -111 3 -51 -105 -56 -211 -225 103 -82 177 181 -116 200 54 -213 -38 -96 -50 231 190 -68 227 -190 -97 -4 28 -174 189 -242 -203 -89 211 148 -151 95 21 -210 192 49 -216 225 -218 -75 -189 -107 80 -191 -193 -30 -227 -31 -71 173 -91 56 90 -15 -197 191 -243 165 118 83 -192 109 226 25 0 76 199 -148 -61 -187 39 7 -147 -36 -118 196 194 -127 133 -186 40 198 -223 63 -47 -76 -221 86 176 -244 221 135 -46 -20 -66 -81 45 60 -194 -226 84 171 -206 79 -208 -217 -52 -114 154 123 243 -48 -83 205 
TEST 186 ARG:246 214 -2 94 145 248 -116 -87 -148 63 3 -213 -146 153 143 -157 202 -24 -179 -63 -110 -81 -152 148 31 -56 -159 -175 -234 -249 -156 -115 -25 187 -72 -193 98 -52 -142 125 239 21 84 62 -220 196 -57 -82 -77 168 -76 219 139 223 -208 -236 -218 144 7 -36 -130 10 90 -125 169 130 36 82 -204 228 -244 217 53 -129 50 -70 -59 -192 -15 -49 115 41 -21 -170 44 -188 86 177 -143 -93 109 -114 -162 -18 -27 -180 127 216 156 -233 -132 107 58 -182 -65 136 16 -206 147 26 188 -71 70 59 108 133 9 77 76 129 -119 -164 149 8 241 -221 233 154 -41 230 -80 -30 209 -232 234 -189 -111 -223 132 -186 -13 -131 -89 -242 240 40 34 48 -169 138 -121 68 -34 128 -123 161 97 -12 -94 -4 -97 -38 193 83 20 2 -138 -43 110 -181 -5 65 96 -14 11 19 249 226 -11 -60 -90 -28 -22 -216 207 -177 -40 -92 23 -46 -235 213 -42 -122 180 124 74 163 -101 -98 -32 243 224 -248 56 208 -199 88 57 190 -8 -219 212 123 244 -54 238 152 -117 120 -168 245 165 122 170 121 29 142 -166 -163 158 -128 -68 135 -53 -165 32 -196 -9 231 -198 119 25 112 -243 -83 75 55 134 205 -99 -95 -245 -47 -137 -96 183 -173 203 -141 72 -154 -44 15 46 35 102 69 -185 211 -108 -247 -155 -73 17 -91 6 126 150 -150 194 184 54 175 -112 -147 116 191 -214 99 -202 -194 -103 92 197 151 -51 171 232 -50 192 -85 -239 100 -226 -200 -58 -55 181 33 -230 -79 105 -203 218 -187 24 -171 159 220 166 49 198 67 -231 -86 -66 -215 39 28 -237 113 189 -176 -126 91 95 -241 -74 -62 117 215 30 -17 -160 85 104 -209 -190 -211 42 66 -183 -217 -33 -229 -144 -69 155 -184 221 -106 14 -158 111 182 60 199 -26 -222 71 186 22 -212 -67 27 -227 -6 64 235 43 -134 -35 5 -109 173 237 206 -207 -118 -167 -105 225 -75 -161 -172 -133 52 140 164 -139 61 93 236 -127 247 201 -224 80 -178 101 -1 -64 -20 200 -140 -107 0 -153 -135 -197 210 204 -78 -195 12 174 -151 -100 45 114 179 -102 185 -228 -61 229 -39 37 -19 242 73 -113 -37 222 -16 -120 106 -238 47 89 -29 178 -205 -45 167 51 176 -31 -104 118 -48 81 13 103 172 -136 -3 141 87 -210 -145 1 78 -7 -10 131 -149 162 157 227 195 -240 79 -174 18 -124 -201 -246 -84 146 137 -88 160 -191 38 -250 -23 -225 4 
TEST 187 ARG:107 -126 -183 177 -60 48 -132 -99 68 20 -215 -128 117 126 212 -148 -70 18 103 -24 -77 4 92 -121 86 76 87 27 -230 180 -72 -106 -18 -111 -161 108 239 106 40 195 203 -47 -43 -62 -32 34 214 49 -175 -152 124 -125 -89 56 112 -117 168 157 -31 28 146 -137 -13 -86 147 -139 -151 116 -225 -179 -182 -19 140 222 -216 159 -81 236 121 156 -172 139 -209 -20 -55 -76 220 176 -21 22 -138 213 172 -120 -52 -83 65 -147 132 230 -193 192 -224 -143 -104 14 183 -177 225 217 -214 102 72 160 138 -146 15 -134 71 -237 200 215 52 -69 -96 -124 234 79 -238 145 114 137 -75 178 -198 12 96 197 -244 151 84 -211 -36 -250 210 8 32 248 -207 -84 -39 235 198 -200 31 2 -186 99 1 -166 -113 243 218 5 -208 55 194 -78 89 98 233 -109 -33 6 -71 169 228 -173 81 -153 -189 130 -30 161 -54 -79 199 -98 13 -2 -64 -110 38 -163 -164 -178 36 181 186 -187 -203 219 -35 7 -199 -232 187 90 25 118 -15 -192 -180 246 82 -165 -100 -105 -228 229 189 -129 206 -202 109 -41 223 -93 155 -142 201 153 -150 -159 58 -58 174 73 -218 244 -103 -205 113 131 -136 188 237 123 43 16 144 207 216 -123 -28 33 141 179 23 -66 240 166 -127 -210 -158 -12 128 -42 -122 -170 37 249 -91 -114 133 -169 67 59 -240 152 150 105 -95 57 -222 242 -248 -80 -25 -94 208 227 -204 83 171 -17 -14 41 77 85 -247 191 70 -131 119 -157 39 115 -3 211 -246 88 -171 -88 -144 50 -118 91 245 -188 -85 -115 -26 170 134 -217 111 136 -46 164 104 127 -154 80 44 19 -231 -4 -97 74 226 -227 -212 47 54 -40 -206 78 100 231 75 142 -242 -241 -156 -11 29 60 -168 93 -176 -102 -38 247 35 17 -57 97 -87 101 0 64 184 -196 163 26 -92 -201 -23 -249 -34 -239 173 30 3 -37 45 175 9 -1 46 66 143 154 63 -133 -68 148 -190 -107 122 204 -108 24 232 -191 -6 -195 -45 -67 -53 182 -16 -194 110 -50 -73 193 -59 -181 -245 -63 -49 -220 -112 158 62 -162 241 -219 221 -44 -155 -65 129 202 -140 -74 -236 149 -184 -9 -145 -234 -22 53 42 -135 -149 -48 167 69 -233 95 205 125 11 -130 -226 -235 196 -116 -243 238 -56 -90 -229 -167 165 -223 -185 135 -213 -221 -7 190 -51 -27 -141 -82 -197 185 -10 -5 224 120 21 162 -101 -29 61 -8 -174 -61 -160 51 94 10 -119 209 
TEST 188 ARG:223 -228 119 68 0 -75 -224 -108 -223 123 -110 -240 -168 -146 -59 70 -154 -244 -249 -177 175 -7 -171 -230 -69 98 25 246 233 41 -126 -133 -198 27 231 51 48 225 -215 243 150 -97 57 -40 -30 66 -137 138 172 -190 -172 40 17 -211 110 198 -145 24 -247 189 1 -24 -196 155 184 -163 85 -238 171 34 32 -84 -13 -138 91 56 -158 -167 44 211 -61 183 -162 -118 166 -204 78 28 18 108 -120 242 -32 -197 -225 -3 -202 164 -47 -150 149 -117 199 -95 -169 221 -141 179 -26 167 154 224 -27 49 238 38 -124 207 -166 -88 -181 8 152 -58 23 -111 93 -39 -160 -83 -113 -236 182 -206 227 -81 100 9 -135 -170 -200 -67 -79 -165 -28 -157 77 117 45 245 201 -96 80 -70 181 42 -66 212 -159 -102 -222 -235 121 237 -121 -45 178 -248 -63 143 47 202 -208 -82 218 -56 248 -116 -74 -232 -60 35 118 122 226 -129 115 7 62 -114 -139 -44 -64 -217 20 -77 88 -14 -187 -42 -1 120 -99 -220 -148 26 -207 -151 -107 163 -239 197 156 -183 -191 -243 174 -179 -89 -76 10 105 216 13 -50 -86 241 -78 97 -98 22 -18 -174 67 -53 213 -33 208 -51 99 -62 104 19 106 140 -109 -203 73 -209 141 -125 -186 59 65 52 92 -68 -93 -104 -227 206 -71 -155 -46 136 3 109 -250 190 -37 -156 15 -94 -87 30 33 29 180 -2 -54 168 76 130 203 -144 71 -221 -130 -152 14 -57 -72 169 54 96 -100 102 151 -142 83 31 234 -55 53 220 75 116 -175 -52 187 61 162 -219 145 -229 -180 21 90 89 -153 210 -73 -182 217 165 214 230 -188 -185 173 -49 144 -246 -193 -132 4 60 -178 84 195 -194 185 -127 -4 81 125 -233 79 -140 86 146 -242 153 249 -195 161 -131 -21 -101 87 228 229 -216 247 204 -22 129 131 -210 -122 5 -8 -34 186 58 177 -192 95 124 11 -10 133 132 -115 -80 -245 111 -164 -234 239 36 200 -85 192 -134 -16 139 -19 127 74 -15 244 113 232 -143 50 37 209 2 170 -106 -119 134 -91 101 158 -149 -6 -123 69 94 -201 -12 160 39 -43 -184 148 -41 219 12 240 -237 236 -231 -176 -38 -161 205 126 -147 -112 82 -5 -17 -128 107 -9 194 -25 147 193 -48 46 -199 222 64 176 137 215 -20 157 -218 -23 -31 191 -105 6 -241 -36 -103 -92 -213 -136 63 -35 196 188 72 142 16 43 -90 159 -29 128 -173 -212 112 135 -214 -65 -11 235 55 -189 114 -226 103 -205 
TEST 189 ARG:231 -59 -47 213 21 -173 -195 -233 -108 36 173 48 144 13 139 69 191 -194 -172 -156 37 57 90 -38 -53 42 210 -60 -198 -115 30 -62 -29 -109 32 -68 103 -106 -164 -232 140 76 118 72 -20 2 110 205 162 152 33 62 -1 -201 182 119 -146 249 -176 -238 80 248 -208 -165 65 -3 245 74 93 150 -15 153 -48 83 -239 128 -222 -96 -151 214 -199 -11 181 -66 -235 -69 246 -74 -226 -174 -14 241 -37 -180 -93 -42 -137 -143 56 -95 237 46 -203 -27 -6 141 234 70 -39 5 177 88 45 -49 115 -70 60 63 -55 -117 -81 149 148 -193 -22 170 125 109 96 -157 186 -127 -43 -52 -219 211 143 233 121 -119 -51 126 193 -110 222 -166 -45 -17 -224 95 -36 -19 133 -178 -54 91 -213 78 184 -107 -244 -100 130 225 -145 218 -243 -216 -83 58 -4 -113 204 -154 132 -31 145 -217 -18 -34 138 161 -158 24 -44 174 7 -155 6 212 34 55 -197 -225 -205 44 17 18 -30 120 -56 159 -227 -128 -215 194 -126 -237 39 172 -25 108 192 -32 11 -8 -138 -152 -23 -132 160 -236 223 35 -114 -131 -82 -214 208 -153 -228 147 -141 -63 -9 1 -13 -170 134 -181 -241 -64 -168 156 -186 -78 -12 -163 -190 -144 20 185 -92 27 154 197 47 31 -150 227 -67 238 127 -90 224 12 -86 -209 43 178 59 105 99 -135 101 -245 216 -177 -246 -2 -187 180 66 -185 243 -99 189 53 81 79 -105 29 -140 117 -71 155 171 -116 106 217 112 -206 -250 124 100 -112 -218 135 -28 26 -133 166 247 200 -171 111 -129 187 28 203 77 -16 -179 -10 87 188 -61 176 -159 -210 190 175 114 102 -50 230 196 -79 41 -188 236 -88 52 68 157 136 183 -167 -230 -183 -85 -111 201 14 -247 -191 75 169 25 -65 137 -7 198 64 129 -211 228 51 -148 -200 16 239 -234 244 206 104 -58 -24 -21 -57 -33 165 -149 207 -184 199 -223 -120 -5 -91 163 -46 -125 131 97 54 219 22 -118 -98 67 -192 123 -102 73 -101 -231 -240 38 -229 -160 -104 151 -142 -84 221 -41 242 3 -75 -134 167 235 -169 -221 -35 -220 -136 240 113 98 89 142 15 61 -123 9 -40 -196 19 -147 215 40 -130 -242 71 195 -161 0 94 -97 -87 -162 -124 168 -139 -94 -175 -77 107 92 -26 -103 -249 -73 85 10 116 82 4 -248 -189 220 -76 -207 -182 -204 226 -212 164 158 -89 122 49 179 -121 -202 202 229 -72 84 232 -80 50 209 -122 86 23 146 8 
TEST 190 ARG:-230 -72 -34 -191 -74 -239 183 118 224 -197 -202 169 69 127 107 -119 65 -136 111 -155 3 30 -142 49 12 119 -25 -138 167 -11 79 48 -89 -149 126 228 96 -189 -101 214 -124 45 -97 172 139 -93 -209 -143 88 115 -123 32 -223 128 105 -206 23 -125 38 -27 -69 -108 28 173 182 82 154 -241 -162 -9 246 -173 217 -186 133 -75 71 220 -163 -228 229 -59 92 185 134 -66 -37 103 -154 175 162 242 85 -79 72 62 -31 200 129 -12 -249 -87 -54 112 50 190 -217 -1 19 158 15 93 -82 -178 -95 193 245 89 -46 -18 -194 205 -135 -99 207 146 -71 -88 -19 61 219 -159 -172 -23 -240 -213 -175 1 -235 -80 -176 -90 203 53 138 211 -246 84 -244 31 104 20 152 64 196 -100 -214 33 44 -81 -132 -126 157 -127 87 81 -103 -165 230 27 21 -105 135 -77 74 -67 91 -231 -181 116 4 -129 -204 -242 141 188 -58 -130 34 77 -174 60 -120 75 5 -22 210 59 121 9 -177 66 -52 -28 98 -233 -85 -45 -229 10 130 57 -248 249 114 184 243 47 248 174 83 235 -222 -32 -183 180 -220 238 -17 8 195 -73 165 161 136 -35 -164 -44 -150 221 -41 -161 208 204 212 95 -114 -70 -57 137 29 131 -179 110 -96 -134 97 -225 -98 -188 177 241 233 68 170 -243 -131 -30 14 -39 194 155 -40 168 231 -245 -78 -2 -207 -212 -190 117 -116 163 -128 -152 -205 -153 94 -182 -211 -14 -200 -195 102 42 -42 -50 55 109 -76 215 58 140 -171 -15 145 218 -180 187 150 -215 -196 -169 78 24 123 -110 202 -237 125 -86 -8 -122 198 178 142 -83 -227 -113 56 223 52 -24 -224 22 11 -49 -232 -29 225 -104 -185 13 70 -148 6 -53 226 209 86 -133 -193 124 227 -26 -187 -3 -47 -43 -147 -160 -63 244 -141 18 90 149 -145 -157 -198 -33 176 213 35 -139 63 -234 -106 153 -151 237 -65 -117 -166 -167 -51 25 -221 186 206 51 -184 197 -219 -91 -21 181 -55 120 199 -7 -36 -84 -199 143 -158 41 222 247 201 -102 37 113 -137 -13 179 164 -192 -112 -111 73 -170 240 -238 -226 166 -60 -56 148 171 40 -109 151 7 -48 -6 76 -10 -203 216 80 122 -144 54 99 239 106 2 -208 -146 234 192 147 -20 -247 16 144 -121 67 159 43 -218 100 232 -38 -16 160 132 17 -61 -68 191 -210 101 -5 0 -201 -140 -250 26 -4 39 36 -94 -92 -107 -236 189 156 108 -156 -64 -216 -118 46 -115 -168 236 -62 
TEST 191 ARG:99 190 -202 179 125 -27 -141 232 -207 44 -158 -18 249 -8 -181 123 -237 -118 -220 -244 40 13 60 65 56 51 -97 160 -20 94 -107 -211 1 -32 26 238 -156 -228 -215 219 -225 -72 24 159 -113 76 25 141 20 -91 224 -184 -236 -46 154 -49 -114 175 83 193 -122 -56 126 -68 -30 207 3 192 34 -65 213 110 -15 -28 -92 188 97 7 208 -41 -140 -173 -87 10 -23 -116 -126 -213 -10 234 139 194 152 -99 -67 98 0 -196 -247 -239 -231 246 -175 -242 68 -102 242 -3 -182 -40 75 -143 217 -110 -9 176 -219 128 198 -131 81 195 32 -212 -89 -21 -138 -142 162 -77 18 -29 165 235 -14 -105 -130 101 -4 233 215 222 122 -35 153 240 -221 -55 -157 203 -111 -169 -7 80 -149 -108 -19 -37 244 -167 -146 -34 15 100 116 226 -85 158 172 -13 -66 19 29 -75 -83 -222 187 31 92 37 112 -148 -183 58 124 -124 168 247 -132 -59 -61 -17 248 -194 149 184 113 121 -123 -44 239 66 39 22 -185 -163 69 12 191 -238 -189 -93 243 79 -1 220 230 52 -117 -151 -208 -246 -171 -103 -188 142 -42 -170 8 209 201 35 91 -159 82 -190 -229 -84 55 180 -226 -187 17 -31 -209 -69 23 -191 9 211 -2 -101 131 -205 -125 148 146 -139 197 -232 -25 -179 231 -100 -119 115 108 -176 -5 -152 -177 -95 46 -206 -129 206 -150 204 -180 59 45 -24 -106 -153 -168 54 -52 84 -109 -217 132 -71 -78 135 -192 -74 -230 62 96 -165 166 -12 186 -134 -245 64 87 143 157 -90 -62 -162 -80 86 49 -70 -26 -53 -98 42 89 -214 -224 57 71 2 196 -234 -135 -164 227 -144 237 73 -104 -16 -39 -249 -203 -120 -174 164 -195 -133 -112 -48 221 -161 -200 -198 133 -204 -210 -235 189 -240 30 144 103 241 4 -199 -136 210 169 127 77 -227 -38 181 129 150 50 216 120 111 -115 -60 183 -6 -43 11 16 14 67 167 -160 41 -172 -76 185 -248 63 -64 -197 47 117 38 -50 33 -166 -54 109 90 236 28 104 147 202 70 48 136 -86 156 -154 151 74 -241 173 140 155 105 36 43 225 177 -218 137 -11 93 145 -51 -22 171 -79 199 218 27 -250 130 -128 -73 -63 -137 -147 -45 -57 229 -216 178 114 -88 -58 182 200 106 21 170 245 -94 6 163 -233 88 205 -186 161 5 -121 85 78 118 214 61 72 134 95 -81 138 212 -223 174 -47 -33 -155 102 -145 223 -243 -193 119 -127 107 228 53 -178 -96 -201 -36 -82 
TEST 192 ARG:221 224 90 49 -25 237 95 182 195 -76 57 -68 62 188 -132 -125 -219 241 117 63 180 -28 -36 185 -190 6 123 -232 -113 14 -85 -229 -47 -91 127 45 -121 -60 211 247 -182 -89 210 248 0 -33 70 -169 133 -46 -54 -57 134 -9 217 171 -3 -20 158 -37 44 -107 112 -237 227 37 122 226 27 157 239 28 -22 -245 38 -233 -112 -83 -154 -35 9 -201 -187 173 97 -143 54 -171 -134 -73 165 -216 -101 141 -174 -244 -88 23 164 -175 -120 84 131 -209 22 -7 107 -142 214 -10 -80 -184 -104 -141 -155 -117 137 -98 -248 229 186 -196 -215 -149 184 83 -166 -27 69 -40 -198 -159 -41 -165 -144 119 234 39 216 223 -8 -130 -11 -164 115 218 -191 -42 -67 -180 -90 190 36 -123 -81 -230 167 10 -59 -108 -32 -172 -17 -195 -106 -77 -214 206 -95 -43 192 56 85 -167 1 153 -199 -225 -160 16 -23 -119 -204 181 -4 146 -56 50 -224 -39 -217 -247 94 -203 175 -200 -212 -231 -64 -241 -13 144 42 -133 232 52 -205 108 18 -51 -189 -92 -246 104 -97 -29 212 136 -249 243 166 -111 169 53 17 130 59 -94 152 81 151 -49 68 -128 -152 -52 -105 72 105 48 -236 154 147 228 113 8 -139 -34 219 132 -186 -168 -19 -79 -44 46 231 -136 177 31 202 -223 -242 225 191 73 100 -50 -99 -178 -207 -151 -176 139 172 -53 -213 -96 222 120 19 101 24 91 -163 76 230 183 -150 66 -69 150 -103 -70 43 129 -157 -208 -62 -185 -30 208 4 204 198 205 71 60 -100 -118 -66 89 11 -234 199 -173 -211 -240 13 114 -218 -226 -109 111 -183 -135 -194 110 93 -84 35 159 121 -243 58 -158 -235 -220 143 238 87 -192 55 96 -45 178 25 -202 -137 5 116 126 240 -58 193 98 220 -162 -55 245 200 26 -131 -65 -124 -156 155 160 -193 -206 32 -129 30 -24 61 -250 140 118 124 148 -181 -147 242 -48 170 -127 -63 179 -177 -140 -222 236 80 3 -115 79 40 -110 189 135 -161 47 -74 41 -114 -5 -197 64 246 -26 162 -72 176 -228 249 7 102 -1 174 -210 -170 209 82 125 -14 244 20 65 77 -15 29 33 213 207 -38 -75 201 92 88 149 74 -188 -179 -116 -102 -6 -153 78 -12 2 -148 168 145 -146 67 -21 -82 106 -138 197 75 142 235 -71 -145 -16 -221 215 -2 103 21 -61 109 203 128 161 138 194 -18 99 51 233 156 34 196 187 -93 15 -239 -78 -31 12 -126 -86 -87 86 -227 -122 163 -238 
TEST 193 ARG:188 29 -104 22 -98 165 -29 -51 -222 -49 7 -193 -209 98 -214 233 -95 19 -81 228 178 18 -225 231 12 96 -80 116 -250 47 175 -136 -52 -83 -171 -223 -63 -231 207 38 -249 -108 -43 -64 3 -196 88 72 -160 -55 39 230 211 128 77 140 138 232 -195 198 -87 -176 -117 -227 61 182 67 -54 210 160 -37 -15 217 58 -89 -3 81 6 -239 -112 31 236 -188 -66 -198 -102 -75 42 -138 -212 -11 -166 -67 -240 -199 146 155 -208 4 142 244 -26 14 16 -180 192 -125 113 -60 166 103 41 190 -248 215 -96 37 66 -207 49 -226 -107 35 -197 202 111 -234 -217 -69 191 -35 -236 221 -189 -84 11 -167 247 162 -211 -164 -143 82 -128 118 -245 48 181 196 -244 177 112 -133 5 -4 59 239 60 203 -152 -132 169 -28 84 -53 -242 127 -216 110 -18 -206 -159 -71 -30 -146 92 1 200 186 163 148 25 224 136 -109 -182 -147 245 -173 -68 -141 -148 -7 -2 -178 -186 -153 40 195 -105 51 -13 134 183 204 -5 193 -150 64 -131 248 -177 235 164 -36 137 129 -124 -10 -118 8 208 62 21 97 80 201 139 187 108 69 157 -91 23 26 171 28 121 189 107 -115 -127 -140 218 56 75 -48 93 -169 209 -90 -85 30 -194 13 234 17 -215 242 -56 -59 -129 24 -130 -187 132 -114 -27 -229 90 120 222 -65 185 87 194 -45 206 -122 174 154 -135 -184 223 63 -219 -93 -237 36 -185 -50 -235 115 79 -228 -201 -145 -62 -106 214 -230 -204 226 -246 -97 43 45 220 238 83 -61 -157 -155 -123 219 117 -16 99 216 -183 74 -1 -23 122 172 147 86 33 -191 -19 -39 -126 -72 153 -200 141 52 -220 -213 -88 -232 -210 -120 68 102 -12 -179 -111 -77 54 143 -162 -101 70 46 -110 9 15 243 95 156 -44 249 212 124 125 -144 -33 197 -57 -21 180 -241 -149 65 105 119 229 -76 94 -25 89 -174 78 150 170 -121 -99 -221 126 -165 101 149 -42 -154 -205 -116 -168 -73 -151 -79 130 -233 -192 -175 53 -224 168 32 27 -161 179 104 -40 -92 176 135 109 -47 240 227 57 114 44 100 131 34 151 -119 -137 50 -14 159 -94 -134 91 -113 -158 158 0 2 -41 133 -190 184 -139 -247 85 76 -20 -142 -103 -24 144 -58 -9 -172 173 213 -22 106 -32 -31 161 20 -70 -156 167 -202 -17 -82 145 -243 -100 10 237 -181 123 199 -8 246 -46 -203 73 241 -6 -170 -34 71 -238 152 -74 -78 55 205 -163 -38 -86 225 -218 
TEST 194 ARG:135 65 -145 -184 -242 66 95 -182 91 79 220 0 75 -129 -2 -73 13 -21 -174 -126 115 223 -189 171 -213 201 240 33 247 -116 -76 -29 139 -39 102 151 59 108 -79 164 153 197 122 -192 -5 -4 142 145 63 -248 246 -156 -188 -240 -36 -209 71 208 -160 147 113 233 -154 -85 103 -200 149 -245 -227 57 -203 -106 -24 244 -31 -132 22 -12 116 -136 209 -127 -80 -172 210 229 -51 -198 -237 104 -158 248 123 -212 179 161 68 -67 -193 137 -62 -1 131 -194 -3 -121 -141 10 39 8 -205 27 -167 177 -23 231 -55 67 20 -99 80 136 -140 -28 30 -38 21 -66 2 -233 94 -25 28 225 -149 -122 125 -199 -110 -78 -17 -93 -225 42 41 -8 -229 126 -159 51 118 -219 -163 234 236 124 138 44 -202 -221 141 132 -96 242 -35 -165 -112 -32 -168 -16 -137 -243 -183 7 188 -171 -191 183 245 -214 -164 169 -218 130 101 107 37 -144 12 -72 172 203 70 193 29 -135 -58 181 46 88 -46 50 222 -74 -65 -68 97 -173 202 134 170 217 -169 105 -147 -148 173 -104 180 215 -50 112 211 -11 182 -241 -170 -178 32 26 -247 -26 -115 198 199 -239 -210 -133 -228 -111 -13 157 -185 155 224 98 152 -146 204 -220 162 230 -161 -186 40 -19 64 143 166 238 11 -222 -98 43 213 17 232 -123 227 -157 -244 -41 127 15 -180 -195 226 148 -81 175 19 109 -56 -89 84 -101 -37 -143 191 14 86 114 133 -88 184 1 176 -103 -179 -232 -27 129 -92 -57 92 150 -217 168 -82 -230 -33 206 167 -95 4 49 35 34 -249 87 60 -108 61 249 110 214 -201 47 -113 156 -75 228 207 146 200 -10 174 -86 111 72 -102 -100 -49 5 243 -114 99 96 48 53 -47 -90 -211 241 186 58 -61 -177 -107 -176 121 -109 -215 90 56 -43 100 -197 -130 216 -234 9 -124 23 -190 45 165 -226 36 -162 62 25 -166 -206 76 -40 -138 -77 -153 54 119 -64 106 -231 -7 -30 -48 -54 178 219 -9 -142 -22 -18 -187 128 -42 -246 -134 -216 -60 144 221 -207 154 158 -59 -52 -105 -70 -63 81 190 -223 -236 85 38 69 93 -235 -69 16 18 194 117 -71 205 -14 -97 -44 -6 -94 159 83 -120 -155 78 -34 -181 235 185 -45 24 -131 -204 77 -224 -91 73 196 -15 -84 74 -128 -83 237 -20 -238 -150 239 -125 82 31 -196 212 187 -117 -53 -119 192 120 218 -250 -208 189 55 -152 -118 -151 6 160 195 -175 89 3 -139 -87 52 140 163 
TEST 195 ARG:76 107 95 19 70 -158 183 162 -44 160 16 -62 -149 3 147 179 -244 -75 -7 -102 81 -93 -28 -132 56 236 -97 75 -21 -217 129 222 -163 -168 -131 163 -36 -228 12 213 -43 21 -185 154 185 2 243 141 124 -72 223 9 225 109 140 -114 -225 -16 -115 -127 69 -101 -31 -226 -94 -147 26 150 -247 -15 174 -154 87 -121 187 -91 10 168 101 -49 -26 -195 23 -47 -82 -133 -78 -53 -175 77 208 -118 -169 221 35 -176 5 -243 -156 112 170 177 79 -245 -139 -196 167 20 -184 -63 -246 238 -67 -122 249 -250 -70 119 242 -12 -2 -56 115 52 -213 33 -210 202 -84 -92 68 -124 -103 197 -218 40 22 -241 -201 102 113 -19 -126 -110 -242 37 57 -81 -51 210 -111 198 29 -161 74 -119 244 145 -55 -173 237 -71 -223 -209 -69 -222 229 217 -207 219 203 -141 -148 171 -166 -181 -83 -216 48 90 -177 -25 -59 116 -155 131 -143 -30 200 59 -107 -106 156 137 89 -174 63 195 218 148 216 -108 -1 136 144 -170 58 -140 -45 83 149 -165 182 246 -9 164 98 -60 -105 228 64 142 -144 -179 -58 138 151 103 -74 -3 231 105 -231 -200 -152 36 121 -186 204 -203 186 53 34 61 104 -109 -80 -211 126 42 -24 245 97 28 226 -182 -219 -236 -198 45 -235 -90 27 -157 0 -14 227 -237 100 206 -129 -151 -193 117 -98 -10 30 -117 -224 55 41 -187 -23 -120 71 130 11 -162 -206 240 -95 -29 -214 -191 15 44 -230 188 -42 -125 25 -153 -96 -171 234 -5 241 54 211 -22 18 -6 -136 212 239 -50 84 -145 67 -123 -40 -46 -239 85 62 -68 -197 -189 189 1 180 43 -27 -79 -113 205 8 -142 -87 -190 247 118 -4 -8 111 17 -240 -73 -199 220 -232 -100 193 -202 -238 155 -20 165 235 184 65 196 -130 146 153 230 120 99 172 14 93 73 49 192 82 -134 -37 -11 -32 -52 -64 -99 248 -180 32 31 -205 -135 6 -38 207 -48 232 128 201 -116 60 -104 -221 127 47 152 96 106 -178 -212 -172 224 -34 -194 -18 -86 -146 -160 -17 -249 233 135 143 -65 46 92 80 -66 -77 -137 88 157 -159 190 181 -89 -128 51 -54 125 -33 -61 -234 -76 66 78 -13 50 191 132 38 123 -35 139 -183 215 166 159 -227 114 194 -41 86 -204 108 -248 -138 94 -192 -233 178 -88 -39 -220 169 -112 24 161 -85 199 -208 173 7 122 134 -215 158 -57 72 13 133 -229 209 -188 176 -167 -150 91 39 4 214 110 175 -164 
TEST 196 ARG:116 -123 -30 -240 43 200 16 -53 -132 -73 -247 -99 -49 -193 -15 245 -174 -192 49 78 -47 -246 -61 45 -226 -78 -168 140 36 -88 -202 -9 -188 -74 -4 -159 189 15 134 -117 -60 -106 22 -229 -146 -16 204 125 94 217 164 122 -13 93 -82 -156 -249 55 222 -25 147 235 135 -149 221 17 -136 119 7 -59 -142 -57 212 -125 -135 249 146 129 233 190 -207 -186 180 -92 111 -6 -7 193 -232 214 -63 -243 95 225 66 194 -214 13 163 242 37 -69 -144 -225 -244 -143 92 215 195 -127 -206 -154 120 -191 -180 -122 -205 -41 -22 -201 108 133 35 226 85 23 -65 -215 33 207 -200 34 112 52 157 54 -5 203 -84 -150 -114 224 67 -141 -239 62 -35 -167 211 -223 -237 -83 -199 -165 -208 186 -130 -120 174 115 -12 84 38 71 -211 184 114 -75 -197 -62 47 -250 -29 -235 232 98 -26 -81 -108 90 188 -176 70 56 170 10 -113 -79 -190 58 127 -119 -179 -213 240 149 182 137 165 223 179 -103 -66 -163 -131 -126 100 74 136 -101 42 113 -58 173 -111 53 201 75 -96 -185 -72 131 -36 196 192 -153 -134 28 246 151 -210 145 87 172 -241 -42 185 118 97 176 198 227 177 -109 231 9 -137 -91 187 46 -139 30 -37 -10 31 44 166 8 73 -33 175 48 41 64 59 103 138 106 -158 230 216 -19 130 88 -245 -38 -231 220 -219 248 152 -71 24 -116 -220 -218 12 -107 -98 -104 39 107 -196 14 -97 -155 -238 143 197 -20 -100 -177 -182 50 -54 -145 123 25 -160 0 -14 69 142 -157 150 -128 128 83 109 -86 27 121 -94 -48 238 -3 -133 -195 -56 -64 -80 79 -209 -140 -236 241 155 -40 208 141 -87 139 162 -221 213 183 96 117 -184 91 -18 63 -34 -28 218 -17 -187 178 18 21 32 -224 26 -222 209 -148 -21 -44 -203 -230 148 -172 -115 61 -212 -242 -67 1 65 20 3 68 167 89 205 -2 -112 247 76 -24 161 239 124 159 206 -138 -52 -43 -50 234 86 -105 126 -170 -181 -8 244 11 6 199 158 154 -89 -129 -76 19 -183 99 80 -161 181 105 -173 153 101 -102 -95 -118 102 -227 160 -152 210 57 -23 -124 82 110 -178 243 72 -51 -1 -70 -151 -228 -45 29 81 -55 -68 -194 144 40 -164 -147 202 77 191 -233 -110 -31 -204 -11 -121 228 60 -169 -166 -32 229 -198 -175 156 4 132 -162 -216 168 171 -90 169 -46 -234 236 -93 51 -85 219 -248 5 -39 237 2 -27 -189 104 -217 -171 -77 
TEST 197 ARG:70 24 -207 -81 -209 75 -83 -202 245 -156 227 187 -14 249 220 110 203 -153 -48 230 -228 208 -245 -37 50 -172 166 83 131 -186 243 63 30 -45 -154 210 -221 236 -238 239 133 167 233 -32 -73 -120 174 -27 -49 -157 184 116 -50 -248 -121 -19 -210 79 -22 35 -176 246 145 26 -179 47 211 -60 95 196 62 -224 16 -68 221 -106 -95 123 143 -79 -34 -211 193 56 28 176 -204 -193 -151 -227 99 240 -97 -59 164 -31 -239 181 89 -203 78 93 185 -175 -212 91 22 -205 201 175 -241 -112 -61 -141 -192 -140 -126 7 -51 -15 -128 -78 0 -57 180 -39 -226 234 -85 -247 -206 177 191 -189 165 -8 241 153 146 -190 49 207 -125 -46 -47 -214 102 -88 -80 195 38 -136 -89 21 9 106 127 169 172 -33 41 -86 1 -155 104 -13 87 82 217 235 112 232 -53 25 -169 -166 147 39 -200 -132 -217 125 -160 36 -167 -35 135 -21 40 37 108 45 114 -216 -43 -62 -222 -148 150 198 15 42 -115 -198 -52 244 -249 -20 52 226 148 -131 -124 212 -196 152 -213 65 -178 -219 -235 156 178 142 92 3 -243 163 -102 -143 -7 -54 218 206 224 -250 -236 -123 -40 170 -26 115 -42 -130 -90 107 -117 237 14 -197 173 72 168 2 -135 -195 101 -63 -234 84 -165 44 -133 -191 -96 113 151 -76 209 -82 247 216 -1 134 -114 58 -110 71 -158 -94 -174 73 -11 -25 -12 -199 -10 -109 -3 118 -152 85 60 -225 -2 94 -74 -139 189 -180 -67 -127 103 33 229 -229 68 51 120 122 -111 43 -134 124 157 -17 179 -23 -185 140 -108 -71 -38 161 136 -240 -105 248 -138 64 -168 48 13 222 141 -246 215 -177 -194 -99 -84 132 190 162 -188 77 213 -173 -119 242 238 61 67 182 111 -66 96 -218 12 53 183 225 -244 54 -44 155 -142 -147 -18 214 204 -93 -164 205 -170 -144 97 32 -24 -220 -129 -145 -201 90 6 20 -92 199 -181 139 -215 -6 -107 69 194 231 -104 158 46 81 219 186 -55 -232 128 119 -183 149 59 8 -103 98 -231 154 11 126 -230 -100 -137 5 -149 137 -28 171 -233 -69 -122 130 -171 -162 144 -30 74 -161 88 159 228 -150 -159 -5 34 57 -91 -75 109 121 117 -118 76 105 17 27 -237 66 -70 -58 202 -184 -29 223 188 -64 80 200 -9 4 -163 -77 129 138 19 -16 -36 18 -146 -72 -101 -187 -87 31 29 -65 -223 -4 -113 197 100 160 -208 -98 -242 -41 86 10 23 -116 192 -182 55 -56 
TEST 198 ARG:195 38 -74 -104 -35 -145 61 194 -108 -9 -192 -25 75 -29 -248 104 160 5 56 23 -230 -238 87 -126 -231 138 -51 -98 -30 -67 -110 -137 196 4 -215 -241 189 172 108 170 116 -242 -46 55 -96 188 -225 -34 -228 -6 193 77 -64 238 245 209 -43 -26 -123 105 -132 -179 47 -185 244 -16 57 -202 -168 -201 179 -210 -189 43 -176 126 182 15 136 -205 24 199 -135 -61 134 -130 72 228 -177 -227 -62 -147 -139 -184 226 25 223 140 166 184 -204 -162 183 -14 -226 -11 -151 6 -19 -76 143 -128 78 -31 168 -42 -84 -167 59 241 215 180 -45 -87 115 -249 46 192 247 95 -39 -63 -15 -57 220 -69 14 71 -237 -10 18 62 203 201 -198 -48 -203 -91 37 30 -239 58 12 235 -47 89 141 -70 130 -101 -244 102 94 -212 113 -52 -85 3 154 16 99 -4 232 152 17 -5 28 -243 -7 -71 216 213 -250 -232 109 13 32 73 -100 52 178 49 -102 0 -28 93 96 249 84 79 -220 156 -195 -199 212 -109 -83 29 91 -214 19 227 112 -152 -174 164 110 239 158 -86 -40 -2 36 -113 -140 103 -240 -171 -65 -246 185 -92 -82 53 145 -157 -115 -236 66 100 -97 82 240 163 33 -118 -1 -163 -207 -206 -133 -213 -27 157 114 -3 243 131 219 -93 -178 159 224 -247 35 -235 68 98 200 133 -193 -173 139 -158 -234 214 64 174 -221 171 -144 -169 -222 -216 148 127 -196 70 -50 80 -17 -105 40 210 54 222 86 -21 8 150 27 167 -224 90 190 -191 -175 67 -116 -134 -88 81 -190 -182 -146 206 -32 118 -181 -122 -148 9 124 65 -160 -49 218 63 42 119 -75 149 177 120 -166 -106 -117 -180 -121 -111 142 111 -138 39 -53 -119 -114 -38 -95 191 161 -142 -90 -194 169 -127 125 -8 107 -107 -219 121 45 -112 155 -23 -77 -58 181 -73 50 144 211 -12 -72 -103 -80 -208 122 237 175 -165 205 187 20 -59 -33 10 2 -161 48 -124 -149 -68 51 173 135 -164 74 -13 132 -141 -24 -217 137 -60 202 -150 236 60 -200 242 221 246 230 34 -55 -79 97 234 146 -170 76 -22 83 26 -125 1 -94 225 -156 -78 85 -129 -41 204 22 198 -188 -18 229 -99 -136 92 -211 106 165 -56 186 -153 -197 -159 -66 117 -81 208 162 -120 7 217 69 -20 129 44 -218 101 -37 -186 -183 88 -187 147 153 -143 -131 -89 248 -54 -154 11 -44 197 -223 -36 31 231 41 -209 207 233 128 -229 -233 -245 151 123 -172 21 -155 176 
TEST 199 ARG:72 130 -7 201 47 209 64 -175 168 144 164 -137 35 228 104 145 34 -30 -37 107 -211 58 146 30 -63 9 -150 229 102 -97 -191 213 246 110 118 -68 13 85 -164 -26 -234 -199 -161 188 184 -117 126 63 108 17 -104 -62 -123 -206 140 -57 -52 92 -166 -182 25 -110 189 -36 32 1 219 96 247 203 -242 134 249 38 -158 -126 165 -87 236 124 -145 194 -109 158 65 86 -202 133 232 -54 176 136 -113 -136 -12 224 -85 -232 115 -209 206 57 211 -187 -47 -84 -39 27 -176 -76 119 -93 46 -119 88 66 -178 182 18 -213 2 223 -32 -139 -249 -45 -198 -65 8 215 -66 148 -27 16 19 231 -11 -103 -10 -82 166 -118 -185 174 -53 -130 132 -219 -6 233 244 -220 7 -241 -200 -20 -222 117 -168 105 -238 -28 -90 -71 106 -214 -112 -94 23 -59 90 -73 127 -167 -210 -131 -61 -125 -120 103 245 67 -133 60 -240 225 -183 185 12 -207 -40 212 195 239 -203 37 -223 -108 50 111 235 -231 181 -201 -225 80 -218 -8 -86 202 152 226 192 101 -48 51 -78 -24 -100 227 -152 -192 162 -147 -96 -124 97 -72 -233 -229 151 -146 -80 -177 109 241 -143 113 36 -107 -248 -102 -2 -162 20 -230 156 -194 -31 -148 -221 -195 55 78 218 242 98 157 -135 79 10 -237 177 91 205 -38 238 208 196 -35 39 -43 -23 -134 -144 -190 -163 112 210 -228 -42 -105 -247 200 -21 41 4 29 76 -204 114 -154 33 137 243 -34 -122 3 234 190 56 68 -44 216 -56 99 -235 -9 -243 193 240 -114 84 -188 -128 121 -79 175 -22 -81 -196 -180 217 49 154 149 -246 14 -3 26 6 54 15 0 -129 187 180 -115 128 -171 -25 169 -58 89 141 11 -92 -51 167 -95 40 -236 73 -91 172 -77 -19 62 -70 -89 61 -217 123 44 -141 95 -132 159 214 -215 116 22 53 -15 -83 170 77 -60 178 52 -169 147 131 21 83 161 150 139 153 74 -226 -153 93 198 -49 183 -184 28 -227 31 -33 163 -149 -121 -127 -170 173 197 -193 24 -5 237 82 -111 -179 -74 -165 -50 -189 135 -55 -151 -197 71 -1 -224 43 -142 100 48 -138 -159 -99 -4 -216 120 -67 -101 -250 -245 75 142 191 5 -106 -181 143 -64 221 -16 -75 -205 -41 -29 45 87 81 207 -208 -98 122 -173 42 160 69 204 -157 -239 186 155 -116 -14 -212 222 -69 59 -46 -172 199 220 -156 -140 -18 -244 230 -88 -186 248 138 -174 -155 179 -160 125 -13 -17 171 70 129 94 
TEST 200 ARG:73 89 93 41 -88 -78 -121 -181 160 -28 -29 -20 25 225 -49 -245 -221 -39 -69 -168 45 -77 -2 146 90 144 203 -38 94 -11 68 129 81 -175 -15 -45 125 148 -201 -198 63 -94 -44 27 -155 -186 139 29 -194 -219 -51 -192 -22 -133 114 247 215 -23 211 -171 204 238 76 -109 217 -162 -126 -223 207 43 11 202 -57 13 -148 -12 -110 -237 -240 214 154 69 -35 -224 70 193 8 92 184 54 -34 -128 199 185 -151 -13 -144 177 -113 64 -48 127 -246 107 -63 180 239 -178 85 -135 -172 82 208 151 -96 -200 210 200 -54 -182 -185 206 3 -40 48 -125 187 -104 -32 -75 0 26 145 149 -33 161 72 -1 14 -241 -7 106 -206 -163 120 123 201 -210 15 -183 -160 218 -236 33 157 -47 -249 -66 163 51 -91 -174 -98 230 -79 62 115 37 -164 189 66 77 -37 -64 -146 -120 -50 5 -216 205 -68 197 87 191 244 -140 40 78 -59 -62 -220 150 233 152 171 -16 -76 38 -92 34 -176 59 -58 -42 -188 111 -100 147 -157 232 -147 228 246 9 -129 50 226 -158 -102 172 -65 179 -142 113 79 128 198 55 119 -17 159 -72 249 49 -242 105 -229 -107 -159 56 46 231 17 30 194 -161 -5 245 -89 167 -166 -30 222 10 183 99 -193 4 19 88 -143 -199 -132 140 97 130 -211 227 -238 173 60 241 -209 242 -56 -156 224 2 12 -9 -134 35 -93 -31 112 -169 -112 -80 -136 -86 -18 42 -179 -108 162 186 -14 132 190 98 143 24 223 -208 -239 84 -205 23 103 -150 -184 -202 158 18 -248 -204 153 21 -212 141 -203 134 209 169 -43 -53 71 -122 -137 83 95 178 -187 -8 -70 240 -26 -232 -226 -115 -215 -230 212 -90 136 133 86 96 -101 -114 -118 -235 -123 -231 -106 -95 -213 22 142 221 -250 -52 -41 -243 181 195 164 -214 -234 124 52 36 -152 165 -46 28 -154 -19 234 75 65 -227 -82 -71 -97 32 -196 137 31 -131 -60 122 196 -225 192 -103 -24 -145 216 -141 135 243 -195 188 138 -173 166 219 44 118 -167 -4 -74 58 116 1 -119 175 -105 236 7 101 16 131 229 74 -117 20 -153 108 -111 -177 -197 104 176 -87 -127 -222 -218 248 -67 -149 -36 -139 61 -207 109 -189 -180 155 -84 -165 -130 39 91 57 80 -25 156 6 -228 174 -217 -99 -170 -190 -6 47 -138 100 -85 -116 -73 168 213 110 -27 117 -244 -10 -81 -3 182 -55 -61 67 -233 121 -21 237 -247 220 170 -124 -191 102 53 126 -83 235 
TEST 201 ARG:-19 -25 57 -108 -63 -31 44 186 -133 220 -235 -239 -85 205 3 121 143 123 99 -201 -21 -125 -207 -140 -202 32 129 -189 -180 150 185 62 245 -171 -99 -32 85 -121 94 -112 243 59 -70 -216 -229 114 -87 6 -209 246 25 29 -122 231 223 116 140 58 -119 -102 -73 -224 -95 -192 -243 -173 174 111 -111 30 -135 -35 204 124 161 67 229 77 42 -208 109 -165 -249 163 208 120 -110 -46 148 149 -220 45 212 216 157 -194 19 -149 78 104 222 -12 162 -3 -151 20 160 80 241 100 122 -188 227 -28 210 -227 -86 28 -43 21 89 126 16 -45 136 -148 60 151 -238 72 -130 2 -120 -178 74 -60 71 -185 168 195 -11 228 -44 11 -105 -191 -89 5 164 -138 117 -88 119 -242 7 176 -104 -187 -91 40 166 102 -13 -57 -199 213 96 -198 -61 65 240 -18 -223 139 -83 127 -215 -211 154 221 -5 128 170 173 -80 199 -237 -176 137 -184 135 47 46 -203 -228 70 -113 8 -190 -55 201 -90 237 -233 -177 1 -247 244 50 158 31 -8 -114 -134 -100 187 -65 -56 -144 -167 206 -26 -50 -136 175 219 -206 -48 -33 -160 39 36 -232 26 -94 27 103 132 -77 248 197 145 15 69 -137 -84 -163 196 155 43 -245 -69 144 -128 97 52 217 147 -23 -244 -221 211 -174 -30 -16 172 38 101 209 -39 64 -156 191 238 125 -195 -217 -62 -92 87 -81 -7 82 56 -129 90 118 242 -226 -64 -107 -76 -72 -98 224 -170 -168 -54 37 53 -153 141 202 169 -141 130 92 -82 -250 -159 -246 -24 189 -181 -152 -101 95 -109 184 134 48 86 146 34 -75 230 218 -14 -29 61 -186 190 -158 -52 -68 -157 -218 -197 -162 35 -241 -9 -66 188 171 226 110 -103 -126 -132 -196 233 -172 -116 113 183 -183 -51 -147 -97 108 98 93 17 -6 14 -22 249 54 13 -74 -150 -214 -2 49 177 105 -236 -248 215 -53 -78 -164 -234 -231 -41 -40 10 200 -169 167 152 -47 76 -36 55 153 -205 18 -79 22 -42 -240 -49 180 -210 -123 63 131 112 12 41 198 192 -37 -59 -15 66 247 156 225 -58 133 -67 84 -139 -115 -219 -20 179 165 -193 79 -27 -10 -155 24 -1 -143 -230 51 194 -142 -17 142 68 -71 214 -225 -145 203 -4 178 -146 -118 232 138 -124 193 115 -175 81 91 23 -200 -222 -179 -34 -96 9 -117 -93 -212 107 -127 235 33 -154 -166 -38 182 106 -131 -204 -182 236 4 -161 75 -213 73 -106 234 88 83 0 207 239 181 159 
OK
All size test
